Feature,importance,std,pval,score_MAE,score_MSE,score_R2,score_R,unit,top_units,top_units_rank,dataset,_model,seed,step,add_special_tokens,zscore,take_activation_from,distance_metric,layer,min_max,conditional,Method
sentence_GROUP,0.09905652513160719,0.0001200307025823491,0.0,0.05769264826444085,0.007565738522211634,0.868335825267347,0.9318457786963272,374,3,R2,short_sentence,bert-base-uncased,0,,True,False,first-token,euclidean,10,True,False,Multivariate
subj_TYPE,0.0005587036009132747,7.938286076974847e-06,0.0,0.05769264826444085,0.007565738522211634,0.868335825267347,0.9318457786963272,374,3,R2,short_sentence,bert-base-uncased,0,,True,False,first-token,euclidean,10,True,False,Multivariate
subj_ANIM,-7.599445478781936e-25,7.599445478781934e-25,0.841344746068543,0.05769264826444085,0.007565738522211634,0.868335825267347,0.9318457786963272,374,3,R2,short_sentence,bert-base-uncased,0,,True,False,first-token,euclidean,10,True,False,Multivariate
subj_GEN,6.201380719374115e-05,2.7425488037576973e-06,1.660822668066949e-113,0.05769264826444085,0.007565738522211634,0.868335825267347,0.9318457786963272,374,3,R2,short_sentence,bert-base-uncased,0,,True,False,first-token,euclidean,10,True,False,Multivariate
subj_NUM,0.00020947667526899328,4.887334238045838e-06,0.0,0.05769264826444085,0.007565738522211634,0.868335825267347,0.9318457786963272,374,3,R2,short_sentence,bert-base-uncased,0,,True,False,first-token,euclidean,10,True,False,Multivariate
subj_PERS,0.00040105329267743807,7.302792056900596e-06,0.0,0.05769264826444085,0.007565738522211634,0.868335825267347,0.9318457786963272,374,3,R2,short_sentence,bert-base-uncased,0,,True,False,first-token,euclidean,10,True,False,Multivariate
subj_ZIPF,-7.599445478781936e-25,7.599445478781934e-25,0.841344746068543,0.05769264826444085,0.007565738522211634,0.868335825267347,0.9318457786963272,374,3,R2,short_sentence,bert-base-uncased,0,,True,False,first-token,euclidean,10,True,False,Multivariate
sentence_TENSE,6.088779397852019e-06,8.440031191898767e-07,2.713257579878772e-13,0.05769264826444085,0.007565738522211634,0.868335825267347,0.9318457786963272,374,3,R2,short_sentence,bert-base-uncased,0,,True,False,first-token,euclidean,10,True,False,Multivariate
verb_ZIPF,-7.599445478781936e-25,7.599445478781934e-25,0.841344746068543,0.05769264826444085,0.007565738522211634,0.868335825267347,0.9318457786963272,374,3,R2,short_sentence,bert-base-uncased,0,,True,False,first-token,euclidean,10,True,False,Multivariate
