Feature,importance,std,pval,score_MAE,score_MSE,score_R2,score_R,unit,top_units,top_units_rank,dataset,_model,seed,step,add_special_tokens,zscore,take_activation_from,distance_metric,layer,min_max,conditional,Method
sentence_GROUP,0.06900103886319733,9.740937878422479e-05,0.0,0.0554452701005478,0.0073936502098782,0.8244370372840406,0.9079862809194753,73,2,R2,short_sentence,bert-base-uncased,0,,True,False,first-token,euclidean,10,True,False,Multivariate
subj_TYPE,0.00031034451677463507,5.960926129069443e-06,0.0,0.0554452701005478,0.0073936502098782,0.8244370372840406,0.9079862809194753,73,2,R2,short_sentence,bert-base-uncased,0,,True,False,first-token,euclidean,10,True,False,Multivariate
subj_ANIM,4.271382855279228e-05,2.2992530091384825e-06,2.4545473784316017e-77,0.0554452701005478,0.0073936502098782,0.8244370372840406,0.9079862809194753,73,2,R2,short_sentence,bert-base-uncased,0,,True,False,first-token,euclidean,10,True,False,Multivariate
subj_GEN,5.3681975094364814e-05,2.3227027202567343e-06,1.7592834666176634e-118,0.0554452701005478,0.0073936502098782,0.8244370372840406,0.9079862809194753,73,2,R2,short_sentence,bert-base-uncased,0,,True,False,first-token,euclidean,10,True,False,Multivariate
subj_NUM,6.726509445875622e-05,2.7118903244635132e-06,4.082063960221305e-136,0.0554452701005478,0.0073936502098782,0.8244370372840406,0.9079862809194753,73,2,R2,short_sentence,bert-base-uncased,0,,True,False,first-token,euclidean,10,True,False,Multivariate
subj_PERS,0.0004920462446160893,8.936876862041729e-06,0.0,0.0554452701005478,0.0073936502098782,0.8244370372840406,0.9079862809194753,73,2,R2,short_sentence,bert-base-uncased,0,,True,False,first-token,euclidean,10,True,False,Multivariate
subj_ZIPF,-4.23575649637026e-25,4.235756496370261e-25,0.8413447460685429,0.0554452701005478,0.0073936502098782,0.8244370372840406,0.9079862809194753,73,2,R2,short_sentence,bert-base-uncased,0,,True,False,first-token,euclidean,10,True,False,Multivariate
sentence_TENSE,8.213711587301441e-07,3.1433394530475404e-07,0.004486873425862929,0.0554452701005478,0.0073936502098782,0.8244370372840406,0.9079862809194753,73,2,R2,short_sentence,bert-base-uncased,0,,True,False,first-token,euclidean,10,True,False,Multivariate
verb_ZIPF,-4.23575649637026e-25,4.235756496370261e-25,0.8413447460685429,0.0554452701005478,0.0073936502098782,0.8244370372840406,0.9079862809194753,73,2,R2,short_sentence,bert-base-uncased,0,,True,False,first-token,euclidean,10,True,False,Multivariate
