Feature,importance,std,pval,score_MAE,score_MSE,score_R2,score_R,dataset,_model,seed,step,add_special_tokens,zscore,take_activation_from,distance_metric,layer,min_max,conditional,Method
sentence_GROUP,0.04644091323202134,9.815200049926804e-05,0.0,0.09374275288545186,0.013785331104610096,0.6568875947827979,0.8104867174439764,short_sentence,bert-base-uncased,0,,True,False,first-token,euclidean,10,True,False,Multivariate
subj_TYPE,0.0035172536854323195,2.7114930524127588e-05,0.0,0.09374275288545186,0.013785331104610096,0.6568875947827979,0.8104867174439764,short_sentence,bert-base-uncased,0,,True,False,first-token,euclidean,10,True,False,Multivariate
subj_ANIM,0.0,0.0,1.0,0.09374275288545186,0.013785331104610096,0.6568875947827979,0.8104867174439764,short_sentence,bert-base-uncased,0,,True,False,first-token,euclidean,10,True,False,Multivariate
subj_GEN,0.0001298557241569842,5.2469084364897335e-06,1.5891473409909896e-135,0.09374275288545186,0.013785331104610096,0.6568875947827979,0.8104867174439764,short_sentence,bert-base-uncased,0,,True,False,first-token,euclidean,10,True,False,Multivariate
subj_NUM,0.0003798889661837725,8.78133727068078e-06,0.0,0.09374275288545186,0.013785331104610096,0.6568875947827979,0.8104867174439764,short_sentence,bert-base-uncased,0,,True,False,first-token,euclidean,10,True,False,Multivariate
subj_PERS,0.0010315541165512622,1.6046074967071174e-05,0.0,0.09374275288545186,0.013785331104610096,0.6568875947827979,0.8104867174439764,short_sentence,bert-base-uncased,0,,True,False,first-token,euclidean,10,True,False,Multivariate
subj_ZIPF,7.807872791475182e-07,4.0622929964767136e-07,0.02730062317829362,0.09374275288545186,0.013785331104610096,0.6568875947827979,0.8104867174439764,short_sentence,bert-base-uncased,0,,True,False,first-token,euclidean,10,True,False,Multivariate
sentence_TENSE,0.0011584853559346222,1.550788877111914e-05,0.0,0.09374275288545186,0.013785331104610096,0.6568875947827979,0.8104867174439764,short_sentence,bert-base-uncased,0,,True,False,first-token,euclidean,10,True,False,Multivariate
verb_ZIPF,0.00030927908217403063,8.230574049144663e-06,2.5670796778001e-309,0.09374275288545186,0.013785331104610096,0.6568875947827979,0.8104867174439764,short_sentence,bert-base-uncased,0,,True,False,first-token,euclidean,10,True,False,Multivariate
