Feature,importance,std,pval,score_MAE,score_MSE,score_R2,score_R,unit,top_units,top_units_rank,dataset,_model,seed,step,add_special_tokens,zscore,take_activation_from,distance_metric,layer,min_max,conditional,Method
sentence_GROUP,0.14538126636019222,0.00015101551001847242,0.0,0.06007595382473886,0.007772277969856363,0.903433601417549,0.9504987323678808,336,8,R2,short_sentence,bert-base-uncased,0,,True,False,first-token,euclidean,10,True,False,Multivariate
subj_TYPE,0.00015687303192801983,4.3154813945458175e-06,1.25661024408962e-289,0.06007595382473886,0.007772277969856363,0.903433601417549,0.9504987323678808,336,8,R2,short_sentence,bert-base-uncased,0,,True,False,first-token,euclidean,10,True,False,Multivariate
subj_ANIM,0.0,0.0,1.0,0.06007595382473886,0.007772277969856363,0.903433601417549,0.9504987323678808,336,8,R2,short_sentence,bert-base-uncased,0,,True,False,first-token,euclidean,10,True,False,Multivariate
subj_GEN,0.00010141547872631281,3.424816531104741e-06,5.243694445911432e-193,0.06007595382473886,0.007772277969856363,0.903433601417549,0.9504987323678808,336,8,R2,short_sentence,bert-base-uncased,0,,True,False,first-token,euclidean,10,True,False,Multivariate
subj_NUM,0.00015065849515792973,4.1463398020385245e-06,2.2426145176976213e-289,0.06007595382473886,0.007772277969856363,0.903433601417549,0.9504987323678808,336,8,R2,short_sentence,bert-base-uncased,0,,True,False,first-token,euclidean,10,True,False,Multivariate
subj_PERS,0.00041383876782642026,7.525062339040076e-06,0.0,0.06007595382473886,0.007772277969856363,0.903433601417549,0.9504987323678808,336,8,R2,short_sentence,bert-base-uncased,0,,True,False,first-token,euclidean,10,True,False,Multivariate
subj_ZIPF,0.0,0.0,1.0,0.06007595382473886,0.007772277969856363,0.903433601417549,0.9504987323678808,336,8,R2,short_sentence,bert-base-uncased,0,,True,False,first-token,euclidean,10,True,False,Multivariate
sentence_TENSE,1.7626772513916264e-05,1.4493611433329176e-06,2.4840440598700763e-34,0.06007595382473886,0.007772277969856363,0.903433601417549,0.9504987323678808,336,8,R2,short_sentence,bert-base-uncased,0,,True,False,first-token,euclidean,10,True,False,Multivariate
verb_ZIPF,3.778131860954879e-06,6.497568822954081e-07,3.037401096443087e-09,0.06007595382473886,0.007772277969856363,0.903433601417549,0.9504987323678808,336,8,R2,short_sentence,bert-base-uncased,0,,True,False,first-token,euclidean,10,True,False,Multivariate
