Feature,importance,std,pval,score_MAE,score_MSE,score_R2,score_R,unit,top_units,top_units_rank,dataset,_model,seed,step,add_special_tokens,zscore,take_activation_from,distance_metric,layer,min_max,conditional,Method
sentence_GROUP,0.10163515428841348,0.00011229585023487256,0.0,0.061749659641834674,0.006547835928025171,0.8866963828357328,0.9416460306353241,327,187,R2,short_sentence,bert-base-uncased,0,,True,False,first-token,euclidean,10,True,False,Multivariate
subj_TYPE,0.0004563561961104941,6.794087292394627e-06,0.0,0.061749659641834674,0.006547835928025171,0.8866963828357328,0.9416460306353241,327,187,R2,short_sentence,bert-base-uncased,0,,True,False,first-token,euclidean,10,True,False,Multivariate
subj_ANIM,0.0,0.0,1.0,0.061749659641834674,0.006547835928025171,0.8866963828357328,0.9416460306353241,327,187,R2,short_sentence,bert-base-uncased,0,,True,False,first-token,euclidean,10,True,False,Multivariate
subj_GEN,8.17248429156626e-05,2.866760836428735e-06,4.6976671528019404e-179,0.061749659641834674,0.006547835928025171,0.8866963828357328,0.9416460306353241,327,187,R2,short_sentence,bert-base-uncased,0,,True,False,first-token,euclidean,10,True,False,Multivariate
subj_NUM,0.00023553436834163616,4.813764374925645e-06,0.0,0.061749659641834674,0.006547835928025171,0.8866963828357328,0.9416460306353241,327,187,R2,short_sentence,bert-base-uncased,0,,True,False,first-token,euclidean,10,True,False,Multivariate
subj_PERS,0.0006076047495426384,8.206629764102633e-06,0.0,0.061749659641834674,0.006547835928025171,0.8866963828357328,0.9416460306353241,327,187,R2,short_sentence,bert-base-uncased,0,,True,False,first-token,euclidean,10,True,False,Multivariate
subj_ZIPF,0.0,0.0,1.0,0.061749659641834674,0.006547835928025171,0.8866963828357328,0.9416460306353241,327,187,R2,short_sentence,bert-base-uncased,0,,True,False,first-token,euclidean,10,True,False,Multivariate
sentence_TENSE,0.00019907495799969296,4.4282388270378214e-06,0.0,0.061749659641834674,0.006547835928025171,0.8866963828357328,0.9416460306353241,327,187,R2,short_sentence,bert-base-uncased,0,,True,False,first-token,euclidean,10,True,False,Multivariate
verb_ZIPF,2.2417762870415648e-05,1.4525705640446929e-06,4.897248651055147e-54,0.061749659641834674,0.006547835928025171,0.8866963828357328,0.9416460306353241,327,187,R2,short_sentence,bert-base-uncased,0,,True,False,first-token,euclidean,10,True,False,Multivariate
