Feature,importance,std,pval,score_MAE,score_MSE,score_R2,score_R,unit,top_units,top_units_rank,dataset,_model,seed,step,add_special_tokens,zscore,take_activation_from,distance_metric,layer,min_max,conditional,Method
sentence_GROUP,0.046440913232021326,9.815200049926803e-05,0.0,0.09374275288545186,0.013785331104610096,0.6568875947827979,0.810486806138883,735,768,R2,short_sentence,bert-base-uncased,0,,True,False,first-token,euclidean,10,True,False,Multivariate
subj_TYPE,0.003517253685432326,2.7114930524127636e-05,0.0,0.09374275288545186,0.013785331104610096,0.6568875947827979,0.810486806138883,735,768,R2,short_sentence,bert-base-uncased,0,,True,False,first-token,euclidean,10,True,False,Multivariate
subj_ANIM,0.0,0.0,1.0,0.09374275288545186,0.013785331104610096,0.6568875947827979,0.810486806138883,735,768,R2,short_sentence,bert-base-uncased,0,,True,False,first-token,euclidean,10,True,False,Multivariate
subj_GEN,0.0001298557241569842,5.246908436489737e-06,1.5891473409918035e-135,0.09374275288545186,0.013785331104610096,0.6568875947827979,0.810486806138883,735,768,R2,short_sentence,bert-base-uncased,0,,True,False,first-token,euclidean,10,True,False,Multivariate
subj_NUM,0.0003798889661837723,8.781337270680774e-06,0.0,0.09374275288545186,0.013785331104610096,0.6568875947827979,0.810486806138883,735,768,R2,short_sentence,bert-base-uncased,0,,True,False,first-token,euclidean,10,True,False,Multivariate
subj_PERS,0.0010315541165512598,1.6046074967071154e-05,0.0,0.09374275288545186,0.013785331104610096,0.6568875947827979,0.810486806138883,735,768,R2,short_sentence,bert-base-uncased,0,,True,False,first-token,euclidean,10,True,False,Multivariate
subj_ZIPF,7.807872791473634e-07,4.062292996476806e-07,0.02730062317832038,0.09374275288545186,0.013785331104610096,0.6568875947827979,0.810486806138883,735,768,R2,short_sentence,bert-base-uncased,0,,True,False,first-token,euclidean,10,True,False,Multivariate
sentence_TENSE,0.0011584853559346224,1.550788877111914e-05,0.0,0.09374275288545186,0.013785331104610096,0.6568875947827979,0.810486806138883,735,768,R2,short_sentence,bert-base-uncased,0,,True,False,first-token,euclidean,10,True,False,Multivariate
verb_ZIPF,0.0003092790821740305,8.230574049144658e-06,2.56707967779864e-309,0.09374275288545186,0.013785331104610096,0.6568875947827979,0.810486806138883,735,768,R2,short_sentence,bert-base-uncased,0,,True,False,first-token,euclidean,10,True,False,Multivariate
