Feature,importance,std,pval,score_MAE,score_MSE,score_R2,score_R,unit,top_units,top_units_rank,dataset,_model,seed,step,add_special_tokens,zscore,take_activation_from,distance_metric,layer,min_max,conditional,Method
sentence_GROUP,0.07257855543636683,0.00010750136063809984,0.0,0.07929580106392947,0.00977347695451326,0.7979773751428365,0.8932960491495328,597,479,R2,short_sentence,bert-base-uncased,0,,True,False,first-token,euclidean,10,True,False,Multivariate
subj_TYPE,0.002369868724550168,1.8744533021735065e-05,0.0,0.07929580106392947,0.00977347695451326,0.7979773751428365,0.8932960491495328,597,479,R2,short_sentence,bert-base-uncased,0,,True,False,first-token,euclidean,10,True,False,Multivariate
subj_ANIM,-4.305521897486946e-23,3.378969042387019e-23,0.8987058005952441,0.07929580106392947,0.00977347695451326,0.7979773751428365,0.8932960491495328,597,479,R2,short_sentence,bert-base-uncased,0,,True,False,first-token,euclidean,10,True,False,Multivariate
subj_GEN,0.00011287590796540694,4.074767121697768e-06,3.377507359035587e-169,0.07929580106392947,0.00977347695451326,0.7979773751428365,0.8932960491495328,597,479,R2,short_sentence,bert-base-uncased,0,,True,False,first-token,euclidean,10,True,False,Multivariate
subj_NUM,0.00037577607126361066,7.379529010779098e-06,0.0,0.07929580106392947,0.00977347695451326,0.7979773751428365,0.8932960491495328,597,479,R2,short_sentence,bert-base-uncased,0,,True,False,first-token,euclidean,10,True,False,Multivariate
subj_PERS,0.0013594411427776427,1.6739959403794352e-05,0.0,0.07929580106392947,0.00977347695451326,0.7979773751428365,0.8932960491495328,597,479,R2,short_sentence,bert-base-uncased,0,,True,False,first-token,euclidean,10,True,False,Multivariate
subj_ZIPF,2.464619357066231e-08,8.730730978345398e-08,0.388859640707083,0.07929580106392947,0.00977347695451326,0.7979773751428365,0.8932960491495328,597,479,R2,short_sentence,bert-base-uncased,0,,True,False,first-token,euclidean,10,True,False,Multivariate
sentence_TENSE,0.0008308606018599202,1.1045865541233379e-05,0.0,0.07929580106392947,0.00977347695451326,0.7979773751428365,0.8932960491495328,597,479,R2,short_sentence,bert-base-uncased,0,,True,False,first-token,euclidean,10,True,False,Multivariate
verb_ZIPF,0.00016663743710218525,5.038186824591117e-06,3.4139578385558506e-240,0.07929580106392947,0.00977347695451326,0.7979773751428365,0.8932960491495328,597,479,R2,short_sentence,bert-base-uncased,0,,True,False,first-token,euclidean,10,True,False,Multivariate
