Feature,importance,std,pval,score_MAE,score_MSE,score_R2,score_R,unit,top_units,top_units_rank,dataset,_model,seed,step,add_special_tokens,zscore,take_activation_from,distance_metric,layer,min_max,conditional,Method
sentence_GROUP,0.11871669254129855,0.00011763343407741578,0.0,0.050420841169651176,0.005638182524078306,0.9132852549579296,0.9556648969556767,671,14,R2,short_sentence,bert-base-uncased,0,,True,False,first-token,euclidean,10,True,False,Multivariate
subj_TYPE,4.443465138754679e-05,1.9393456696241097e-06,1.7562871428939658e-116,0.050420841169651176,0.005638182524078306,0.9132852549579296,0.9556648969556767,671,14,R2,short_sentence,bert-base-uncased,0,,True,False,first-token,euclidean,10,True,False,Multivariate
subj_ANIM,0.0,0.0,1.0,0.050420841169651176,0.005638182524078306,0.9132852549579296,0.9556648969556767,671,14,R2,short_sentence,bert-base-uncased,0,,True,False,first-token,euclidean,10,True,False,Multivariate
subj_GEN,7.943023661573853e-05,2.604472986495452e-06,1.4009900318186153e-204,0.050420841169651176,0.005638182524078306,0.9132852549579296,0.9556648969556767,671,14,R2,short_sentence,bert-base-uncased,0,,True,False,first-token,euclidean,10,True,False,Multivariate
subj_NUM,0.00014816545681950932,3.5011892013783113e-06,0.0,0.050420841169651176,0.005638182524078306,0.9132852549579296,0.9556648969556767,671,14,R2,short_sentence,bert-base-uncased,0,,True,False,first-token,euclidean,10,True,False,Multivariate
subj_PERS,0.00014607859538933596,3.903354893373604e-06,7.997485122737847e-307,0.050420841169651176,0.005638182524078306,0.9132852549579296,0.9556648969556767,671,14,R2,short_sentence,bert-base-uncased,0,,True,False,first-token,euclidean,10,True,False,Multivariate
subj_ZIPF,0.0,0.0,1.0,0.050420841169651176,0.005638182524078306,0.9132852549579296,0.9556648969556767,671,14,R2,short_sentence,bert-base-uncased,0,,True,False,first-token,euclidean,10,True,False,Multivariate
sentence_TENSE,1.3216294236492056e-05,1.0821963399906967e-06,1.3332838266635968e-34,0.050420841169651176,0.005638182524078306,0.9132852549579296,0.9556648969556767,671,14,R2,short_sentence,bert-base-uncased,0,,True,False,first-token,euclidean,10,True,False,Multivariate
verb_ZIPF,0.0,0.0,1.0,0.050420841169651176,0.005638182524078306,0.9132852549579296,0.9556648969556767,671,14,R2,short_sentence,bert-base-uncased,0,,True,False,first-token,euclidean,10,True,False,Multivariate
