Feature,importance,std,pval,score_MAE,score_MSE,score_R2,score_R,unit,top_units,top_units_rank,dataset,_model,seed,step,add_special_tokens,zscore,take_activation_from,distance_metric,layer,min_max,conditional,Method
sentence_GROUP,0.12220964790348464,0.00014358354276418133,0.0,0.06279800014440395,0.008740440521468159,0.8753299071668958,0.9355940010893247,224,4,R2,short_sentence,bert-base-uncased,0,,True,False,first-token,euclidean,10,True,False,Multivariate
subj_TYPE,0.0004518979631314436,7.795017753972953e-06,0.0,0.06279800014440395,0.008740440521468159,0.8753299071668958,0.9355940010893247,224,4,R2,short_sentence,bert-base-uncased,0,,True,False,first-token,euclidean,10,True,False,Multivariate
subj_ANIM,0.0,0.0,1.0,0.06279800014440395,0.008740440521468159,0.8753299071668958,0.9355940010893247,224,4,R2,short_sentence,bert-base-uncased,0,,True,False,first-token,euclidean,10,True,False,Multivariate
subj_GEN,5.104127900316293e-05,2.5973789238755913e-06,2.830260050839186e-86,0.06279800014440395,0.008740440521468159,0.8753299071668958,0.9355940010893247,224,4,R2,short_sentence,bert-base-uncased,0,,True,False,first-token,euclidean,10,True,False,Multivariate
subj_NUM,0.0001753243918658814,4.777062522702221e-06,3.4816245981986877e-295,0.06279800014440395,0.008740440521468159,0.8753299071668958,0.9355940010893247,224,4,R2,short_sentence,bert-base-uncased,0,,True,False,first-token,euclidean,10,True,False,Multivariate
subj_PERS,0.00047151856998260087,8.390529491437194e-06,0.0,0.06279800014440395,0.008740440521468159,0.8753299071668958,0.9355940010893247,224,4,R2,short_sentence,bert-base-uncased,0,,True,False,first-token,euclidean,10,True,False,Multivariate
subj_ZIPF,0.0,0.0,1.0,0.06279800014440395,0.008740440521468159,0.8753299071668958,0.9355940010893247,224,4,R2,short_sentence,bert-base-uncased,0,,True,False,first-token,euclidean,10,True,False,Multivariate
sentence_TENSE,6.70020172493645e-06,9.777513369954571e-07,3.62435168619181e-12,0.06279800014440395,0.008740440521468159,0.8753299071668958,0.9355940010893247,224,4,R2,short_sentence,bert-base-uncased,0,,True,False,first-token,euclidean,10,True,False,Multivariate
verb_ZIPF,1.9139875165347262e-06,4.977345087877427e-07,6.017834728256645e-05,0.06279800014440395,0.008740440521468159,0.8753299071668958,0.9355940010893247,224,4,R2,short_sentence,bert-base-uncased,0,,True,False,first-token,euclidean,10,True,False,Multivariate
