Feature,importance,std,pval,score_MAE,score_MSE,score_R2,score_R,unit,top_units,top_units_rank,dataset,_model,seed,step,add_special_tokens,zscore,take_activation_from,distance_metric,layer,min_max,conditional,Method
sentence_GROUP,0.14895561749008193,0.00014917067735355783,0.0,0.060476706930573734,0.0073063672789856395,0.9108825237564684,0.9544028396168523,50,28,R2,short_sentence,bert-base-uncased,0,,True,False,first-token,euclidean,10,True,False,Multivariate
subj_TYPE,6.808571427941624e-05,2.747322472510202e-06,6.909924969177984e-136,0.060476706930573734,0.0073063672789856395,0.9108825237564684,0.9544028396168523,50,28,R2,short_sentence,bert-base-uncased,0,,True,False,first-token,euclidean,10,True,False,Multivariate
subj_ANIM,0.0,0.0,1.0,0.060476706930573734,0.0073063672789856395,0.9108825237564684,0.9544028396168523,50,28,R2,short_sentence,bert-base-uncased,0,,True,False,first-token,euclidean,10,True,False,Multivariate
subj_GEN,0.0001147662770564084,3.5325773003588693e-06,7.883586193675865e-232,0.060476706930573734,0.0073063672789856395,0.9108825237564684,0.9544028396168523,50,28,R2,short_sentence,bert-base-uncased,0,,True,False,first-token,euclidean,10,True,False,Multivariate
subj_NUM,0.0002777079324667046,5.481910400914033e-06,0.0,0.060476706930573734,0.0073063672789856395,0.9108825237564684,0.9544028396168523,50,28,R2,short_sentence,bert-base-uncased,0,,True,False,first-token,euclidean,10,True,False,Multivariate
subj_PERS,4.770356662095353e-05,2.3129292271848787e-06,8.230468005783931e-95,0.060476706930573734,0.0073063672789856395,0.9108825237564684,0.9544028396168523,50,28,R2,short_sentence,bert-base-uncased,0,,True,False,first-token,euclidean,10,True,False,Multivariate
subj_ZIPF,0.0,0.0,1.0,0.060476706930573734,0.0073063672789856395,0.9108825237564684,0.9544028396168523,50,28,R2,short_sentence,bert-base-uncased,0,,True,False,first-token,euclidean,10,True,False,Multivariate
sentence_TENSE,2.3232149772302274e-05,1.6307202559659424e-06,2.3546532938523684e-46,0.060476706930573734,0.0073063672789856395,0.9108825237564684,0.9544028396168523,50,28,R2,short_sentence,bert-base-uncased,0,,True,False,first-token,euclidean,10,True,False,Multivariate
verb_ZIPF,5.103996090886086e-07,2.350033804975336e-07,0.014932282725301936,0.060476706930573734,0.0073063672789856395,0.9108825237564684,0.9544028396168523,50,28,R2,short_sentence,bert-base-uncased,0,,True,False,first-token,euclidean,10,True,False,Multivariate
