Feature,importance,std,pval,score_MAE,score_MSE,score_R2,score_R,unit,top_units,top_units_rank,dataset,_model,seed,step,add_special_tokens,zscore,take_activation_from,distance_metric,layer,min_max,conditional,Method
sentence_GROUP,0.1264216813522447,0.000124762825646083,0.0,0.0526509823330964,0.005953644664713106,0.9140589443872003,0.9560666596954521,557,17,R2,short_sentence,bert-base-uncased,0,,True,False,first-token,euclidean,10,True,False,Multivariate
subj_TYPE,0.00015728142998437867,3.7361591155635847e-06,0.0,0.0526509823330964,0.005953644664713106,0.9140589443872003,0.9560666596954521,557,17,R2,short_sentence,bert-base-uncased,0,,True,False,first-token,euclidean,10,True,False,Multivariate
subj_ANIM,5.4815672305968065e-25,5.4815672305968065e-25,0.15865525393145707,0.0526509823330964,0.005953644664713106,0.9140589443872003,0.9560666596954521,557,17,R2,short_sentence,bert-base-uncased,0,,True,False,first-token,euclidean,10,True,False,Multivariate
subj_GEN,0.00011553015632467745,3.219983021770275e-06,3.233325086362841e-282,0.0526509823330964,0.005953644664713106,0.9140589443872003,0.9560666596954521,557,17,R2,short_sentence,bert-base-uncased,0,,True,False,first-token,euclidean,10,True,False,Multivariate
subj_NUM,0.00020598529760059185,4.230282820281433e-06,0.0,0.0526509823330964,0.005953644664713106,0.9140589443872003,0.9560666596954521,557,17,R2,short_sentence,bert-base-uncased,0,,True,False,first-token,euclidean,10,True,False,Multivariate
subj_PERS,0.00020254786780873923,4.74236135469161e-06,0.0,0.0526509823330964,0.005953644664713106,0.9140589443872003,0.9560666596954521,557,17,R2,short_sentence,bert-base-uncased,0,,True,False,first-token,euclidean,10,True,False,Multivariate
subj_ZIPF,5.4815672305968065e-25,5.4815672305968065e-25,0.15865525393145707,0.0526509823330964,0.005953644664713106,0.9140589443872003,0.9560666596954521,557,17,R2,short_sentence,bert-base-uncased,0,,True,False,first-token,euclidean,10,True,False,Multivariate
sentence_TENSE,1.4853046976305161e-05,1.1769613820514678e-06,8.20925957487952e-37,0.0526509823330964,0.005953644664713106,0.9140589443872003,0.9560666596954521,557,17,R2,short_sentence,bert-base-uncased,0,,True,False,first-token,euclidean,10,True,False,Multivariate
verb_ZIPF,3.4096526712386337e-07,1.9125549695647207e-07,0.037311575506272274,0.0526509823330964,0.005953644664713106,0.9140589443872003,0.9560666596954521,557,17,R2,short_sentence,bert-base-uncased,0,,True,False,first-token,euclidean,10,True,False,Multivariate
