Feature,importance,std,pval,score_MAE,score_MSE,score_R2,score_R,unit,top_units,top_units_rank,dataset,_model,seed,step,add_special_tokens,zscore,take_activation_from,distance_metric,layer,min_max,conditional,Method
sentence_GROUP,0.10450993565610535,0.0001122807373947488,0.0,0.05927472523004813,0.006240778688283245,0.8938007022013877,0.945410551760151,732,148,R2,short_sentence,bert-base-uncased,0,,True,False,first-token,euclidean,10,True,False,Multivariate
subj_TYPE,0.0003529922292295984,5.789193695211136e-06,0.0,0.05927472523004813,0.006240778688283245,0.8938007022013877,0.945410551760151,732,148,R2,short_sentence,bert-base-uncased,0,,True,False,first-token,euclidean,10,True,False,Multivariate
subj_ANIM,0.0,0.0,1.0,0.05927472523004813,0.006240778688283245,0.8938007022013877,0.945410551760151,732,148,R2,short_sentence,bert-base-uncased,0,,True,False,first-token,euclidean,10,True,False,Multivariate
subj_GEN,8.314583151841934e-05,2.8376167521225703e-06,4.993073731057069e-189,0.05927472523004813,0.006240778688283245,0.8938007022013877,0.945410551760151,732,148,R2,short_sentence,bert-base-uncased,0,,True,False,first-token,euclidean,10,True,False,Multivariate
subj_NUM,0.00020090462915402213,4.30057170109076e-06,0.0,0.05927472523004813,0.006240778688283245,0.8938007022013877,0.945410551760151,732,148,R2,short_sentence,bert-base-uncased,0,,True,False,first-token,euclidean,10,True,False,Multivariate
subj_PERS,0.000362601439177819,6.014708116158132e-06,0.0,0.05927472523004813,0.006240778688283245,0.8938007022013877,0.945410551760151,732,148,R2,short_sentence,bert-base-uncased,0,,True,False,first-token,euclidean,10,True,False,Multivariate
subj_ZIPF,0.0,0.0,1.0,0.05927472523004813,0.006240778688283245,0.8938007022013877,0.945410551760151,732,148,R2,short_sentence,bert-base-uncased,0,,True,False,first-token,euclidean,10,True,False,Multivariate
sentence_TENSE,0.00011219195602309403,3.2460337598478403e-06,4.580489390102955e-262,0.05927472523004813,0.006240778688283245,0.8938007022013877,0.945410551760151,732,148,R2,short_sentence,bert-base-uncased,0,,True,False,first-token,euclidean,10,True,False,Multivariate
verb_ZIPF,2.1827194692013514e-05,1.4422743756923387e-06,4.841391181662196e-52,0.05927472523004813,0.006240778688283245,0.8938007022013877,0.945410551760151,732,148,R2,short_sentence,bert-base-uncased,0,,True,False,first-token,euclidean,10,True,False,Multivariate
