Feature,importance,std,pval,score_MAE,score_MSE,score_R2,score_R,unit,top_units,top_units_rank,dataset,_model,seed,step,add_special_tokens,zscore,take_activation_from,distance_metric,layer,min_max,conditional,Method
sentence_GROUP,0.10964908729592729,0.0001157148406376162,0.0,0.05857170259572621,0.0062327830502866485,0.8981178415267996,0.9476912713273398,154,117,R2,short_sentence,bert-base-uncased,0,,True,False,first-token,euclidean,10,True,False,Multivariate
subj_TYPE,0.0001926354221735341,4.257276522849723e-06,0.0,0.05857170259572621,0.0062327830502866485,0.8981178415267996,0.9476912713273398,154,117,R2,short_sentence,bert-base-uncased,0,,True,False,first-token,euclidean,10,True,False,Multivariate
subj_ANIM,0.0,0.0,1.0,0.05857170259572621,0.0062327830502866485,0.8981178415267996,0.9476912713273398,154,117,R2,short_sentence,bert-base-uncased,0,,True,False,first-token,euclidean,10,True,False,Multivariate
subj_GEN,6.813959243131573e-05,2.580308763473212e-06,5.613368750839191e-154,0.05857170259572621,0.0062327830502866485,0.8981178415267996,0.9476912713273398,154,117,R2,short_sentence,bert-base-uncased,0,,True,False,first-token,euclidean,10,True,False,Multivariate
subj_NUM,0.00014523087089957125,3.6465707366832546e-06,0.0,0.05857170259572621,0.0062327830502866485,0.8981178415267996,0.9476912713273398,154,117,R2,short_sentence,bert-base-uncased,0,,True,False,first-token,euclidean,10,True,False,Multivariate
subj_PERS,0.00028715203111261123,5.361557520660115e-06,0.0,0.05857170259572621,0.0062327830502866485,0.8981178415267996,0.9476912713273398,154,117,R2,short_sentence,bert-base-uncased,0,,True,False,first-token,euclidean,10,True,False,Multivariate
subj_ZIPF,0.0,0.0,1.0,0.05857170259572621,0.0062327830502866485,0.8981178415267996,0.9476912713273398,154,117,R2,short_sentence,bert-base-uncased,0,,True,False,first-token,euclidean,10,True,False,Multivariate
sentence_TENSE,9.430769994025513e-05,2.9790294242013603e-06,3.019187816511498e-220,0.05857170259572621,0.0062327830502866485,0.8981178415267996,0.9476912713273398,154,117,R2,short_sentence,bert-base-uncased,0,,True,False,first-token,euclidean,10,True,False,Multivariate
verb_ZIPF,1.3656201658236804e-05,1.1524257205671302e-06,1.0764346853833277e-32,0.05857170259572621,0.0062327830502866485,0.8981178415267996,0.9476912713273398,154,117,R2,short_sentence,bert-base-uncased,0,,True,False,first-token,euclidean,10,True,False,Multivariate
