Feature,importance,std,pval,score_MAE,score_MSE,score_R2,score_R,unit,top_units,top_units_rank,dataset,_model,seed,step,add_special_tokens,zscore,take_activation_from,distance_metric,layer,min_max,conditional,Method
sentence_GROUP,0.0890440359785746,0.00010880372346414555,0.0,0.06826721141679097,0.007480234789225677,0.8589005116048118,0.9267693175382554,558,299,R2,short_sentence,bert-base-uncased,0,,True,False,first-token,euclidean,10,True,False,Multivariate
subj_TYPE,0.0010136069214930143,1.0717035850600692e-05,0.0,0.06826721141679097,0.007480234789225677,0.8589005116048118,0.9267693175382554,558,299,R2,short_sentence,bert-base-uncased,0,,True,False,first-token,euclidean,10,True,False,Multivariate
subj_ANIM,1.4351739658289818e-23,1.4351739658289824e-23,0.15865525393145719,0.06826721141679097,0.007480234789225677,0.8589005116048118,0.9267693175382554,558,299,R2,short_sentence,bert-base-uncased,0,,True,False,first-token,euclidean,10,True,False,Multivariate
subj_GEN,9.802159017537232e-05,3.361940287658391e-06,3.479931361670472e-187,0.06826721141679097,0.007480234789225677,0.8589005116048118,0.9267693175382554,558,299,R2,short_sentence,bert-base-uncased,0,,True,False,first-token,euclidean,10,True,False,Multivariate
subj_NUM,0.0002828885284647679,5.588993143737335e-06,0.0,0.06826721141679097,0.007480234789225677,0.8589005116048118,0.9267693175382554,558,299,R2,short_sentence,bert-base-uncased,0,,True,False,first-token,euclidean,10,True,False,Multivariate
subj_PERS,0.0009124678419177096,1.1411933498931132e-05,0.0,0.06826721141679097,0.007480234789225677,0.8589005116048118,0.9267693175382554,558,299,R2,short_sentence,bert-base-uncased,0,,True,False,first-token,euclidean,10,True,False,Multivariate
subj_ZIPF,1.4351739658289818e-23,1.4351739658289824e-23,0.15865525393145719,0.06826721141679097,0.007480234789225677,0.8589005116048118,0.9267693175382554,558,299,R2,short_sentence,bert-base-uncased,0,,True,False,first-token,euclidean,10,True,False,Multivariate
sentence_TENSE,0.0004102350368902295,6.7893270879394816e-06,0.0,0.06826721141679097,0.007480234789225677,0.8589005116048118,0.9267693175382554,558,299,R2,short_sentence,bert-base-uncased,0,,True,False,first-token,euclidean,10,True,False,Multivariate
verb_ZIPF,6.525923819577585e-05,2.7299000716086138e-06,1.3469873772568719e-126,0.06826721141679097,0.007480234789225677,0.8589005116048118,0.9267693175382554,558,299,R2,short_sentence,bert-base-uncased,0,,True,False,first-token,euclidean,10,True,False,Multivariate
