Feature,importance,std,pval,score_MAE,score_MSE,score_R2,score_R,unit,top_units,top_units_rank,dataset,_model,seed,step,add_special_tokens,zscore,take_activation_from,distance_metric,layer,min_max,conditional,Method
sentence_GROUP,0.132057280075141,0.00012915587361094635,0.0,0.053794108685987094,0.006074974426250872,0.9159925841278833,0.9570756270633997,26,22,R2,short_sentence,bert-base-uncased,0,,True,False,first-token,euclidean,10,True,False,Multivariate
subj_TYPE,0.00021608254358515894,4.4214838462177756e-06,0.0,0.053794108685987094,0.006074974426250872,0.9159925841278833,0.9570756270633997,26,22,R2,short_sentence,bert-base-uncased,0,,True,False,first-token,euclidean,10,True,False,Multivariate
subj_ANIM,0.0,0.0,1.0,0.053794108685987094,0.006074974426250872,0.9159925841278833,0.9570756270633997,26,22,R2,short_sentence,bert-base-uncased,0,,True,False,first-token,euclidean,10,True,False,Multivariate
subj_GEN,0.00012542557146897926,3.3753843162005518e-06,1.5743987321081083e-302,0.053794108685987094,0.006074974426250872,0.9159925841278833,0.9570756270633997,26,22,R2,short_sentence,bert-base-uncased,0,,True,False,first-token,euclidean,10,True,False,Multivariate
subj_NUM,0.0002642576758760711,4.855321487250203e-06,0.0,0.053794108685987094,0.006074974426250872,0.9159925841278833,0.9570756270633997,26,22,R2,short_sentence,bert-base-uncased,0,,True,False,first-token,euclidean,10,True,False,Multivariate
subj_PERS,0.0001186744245721739,3.4141138674257137e-06,4.902696563735438e-265,0.053794108685987094,0.006074974426250872,0.9159925841278833,0.9570756270633997,26,22,R2,short_sentence,bert-base-uncased,0,,True,False,first-token,euclidean,10,True,False,Multivariate
subj_ZIPF,0.0,0.0,1.0,0.053794108685987094,0.006074974426250872,0.9159925841278833,0.9570756270633997,26,22,R2,short_sentence,bert-base-uncased,0,,True,False,first-token,euclidean,10,True,False,Multivariate
sentence_TENSE,2.1074077291074733e-05,1.4096271688798336e-06,7.774933177909993e-51,0.053794108685987094,0.006074974426250872,0.9159925841278833,0.9570756270633997,26,22,R2,short_sentence,bert-base-uncased,0,,True,False,first-token,euclidean,10,True,False,Multivariate
verb_ZIPF,8.23224538011172e-08,9.875405849291358e-08,0.2022501571641821,0.053794108685987094,0.006074974426250872,0.9159925841278833,0.9570756270633997,26,22,R2,short_sentence,bert-base-uncased,0,,True,False,first-token,euclidean,10,True,False,Multivariate
