Feature,importance,std,pval,score_MAE,score_MSE,score_R2,score_R,unit,top_units,top_units_rank,dataset,_model,seed,step,add_special_tokens,zscore,take_activation_from,distance_metric,layer,min_max,conditional,Method
sentence_GROUP,0.0824105163484111,0.00010993324800562487,0.0,0.07451775285505,0.008650312438854068,0.8322001334156711,0.912250241859901,176,379,R2,short_sentence,bert-base-uncased,0,,True,False,first-token,euclidean,10,True,False,Multivariate
subj_TYPE,0.0017778282058310403,1.5281164966171686e-05,0.0,0.07451775285505,0.008650312438854068,0.8322001334156711,0.912250241859901,176,379,R2,short_sentence,bert-base-uncased,0,,True,False,first-token,euclidean,10,True,False,Multivariate
subj_ANIM,1.4351739658289818e-23,1.4351739658289824e-23,0.15865525393145719,0.07451775285505,0.008650312438854068,0.8322001334156711,0.912250241859901,176,379,R2,short_sentence,bert-base-uncased,0,,True,False,first-token,euclidean,10,True,False,Multivariate
subj_GEN,0.0001187066638395047,3.946149395938733e-06,4.211443712944701e-199,0.07451775285505,0.008650312438854068,0.8322001334156711,0.912250241859901,176,379,R2,short_sentence,bert-base-uncased,0,,True,False,first-token,euclidean,10,True,False,Multivariate
subj_NUM,0.00033275796700129884,6.524576098011802e-06,0.0,0.07451775285505,0.008650312438854068,0.8322001334156711,0.912250241859901,176,379,R2,short_sentence,bert-base-uncased,0,,True,False,first-token,euclidean,10,True,False,Multivariate
subj_PERS,0.0012070189295730293,1.4674298229558264e-05,0.0,0.07451775285505,0.008650312438854068,0.8322001334156711,0.912250241859901,176,379,R2,short_sentence,bert-base-uncased,0,,True,False,first-token,euclidean,10,True,False,Multivariate
subj_ZIPF,1.4351739658289818e-23,1.4351739658289824e-23,0.15865525393145719,0.07451775285505,0.008650312438854068,0.8322001334156711,0.912250241859901,176,379,R2,short_sentence,bert-base-uncased,0,,True,False,first-token,euclidean,10,True,False,Multivariate
sentence_TENSE,0.0005693851247806428,8.603060666261156e-06,0.0,0.07451775285505,0.008650312438854068,0.8322001334156711,0.912250241859901,176,379,R2,short_sentence,bert-base-uncased,0,,True,False,first-token,euclidean,10,True,False,Multivariate
verb_ZIPF,0.0001135314311573267,3.883293681967439e-06,3.396467330383007e-188,0.07451775285505,0.008650312438854068,0.8322001334156711,0.912250241859901,176,379,R2,short_sentence,bert-base-uncased,0,,True,False,first-token,euclidean,10,True,False,Multivariate
