Feature,importance,std,pval,score_MAE,score_MSE,score_R2,score_R,unit,top_units,top_units_rank,dataset,_model,seed,step,add_special_tokens,zscore,take_activation_from,distance_metric,layer,min_max,conditional,Method
sentence_GROUP,0.062286593599007255,0.00010842128207629923,0.0,0.08831457005298783,0.01214262475537366,0.7385384656776456,0.8593827920217505,766,607,R2,short_sentence,bert-base-uncased,0,,True,False,first-token,euclidean,10,True,False,Multivariate
subj_TYPE,0.003382567627925404,2.4964132649526302e-05,0.0,0.08831457005298783,0.01214262475537366,0.7385384656776456,0.8593827920217505,766,607,R2,short_sentence,bert-base-uncased,0,,True,False,first-token,euclidean,10,True,False,Multivariate
subj_ANIM,0.0,0.0,1.0,0.08831457005298783,0.01214262475537366,0.7385384656776456,0.8593827920217505,766,607,R2,short_sentence,bert-base-uncased,0,,True,False,first-token,euclidean,10,True,False,Multivariate
subj_GEN,0.00013053590900226035,4.895004330862143e-06,5.658328382429545e-157,0.08831457005298783,0.01214262475537366,0.7385384656776456,0.8593827920217505,766,607,R2,short_sentence,bert-base-uncased,0,,True,False,first-token,euclidean,10,True,False,Multivariate
subj_NUM,0.0004011627331922584,8.483821239123372e-06,0.0,0.08831457005298783,0.01214262475537366,0.7385384656776456,0.8593827920217505,766,607,R2,short_sentence,bert-base-uncased,0,,True,False,first-token,euclidean,10,True,False,Multivariate
subj_PERS,0.0013637334992573976,1.8287003522624415e-05,0.0,0.08831457005298783,0.01214262475537366,0.7385384656776456,0.8593827920217505,766,607,R2,short_sentence,bert-base-uncased,0,,True,False,first-token,euclidean,10,True,False,Multivariate
subj_ZIPF,2.8052363196071924e-07,2.1845387941242687e-07,0.0995478746150949,0.08831457005298783,0.01214262475537366,0.7385384656776456,0.8593827920217505,766,607,R2,short_sentence,bert-base-uncased,0,,True,False,first-token,euclidean,10,True,False,Multivariate
sentence_TENSE,0.0011309289783030178,1.4379565237149553e-05,0.0,0.08831457005298783,0.01214262475537366,0.7385384656776456,0.8593827920217505,766,607,R2,short_sentence,bert-base-uncased,0,,True,False,first-token,euclidean,10,True,False,Multivariate
verb_ZIPF,0.00026758273499314505,7.140493936693278e-06,1.2222540282297458e-307,0.08831457005298783,0.01214262475537366,0.7385384656776456,0.8593827920217505,766,607,R2,short_sentence,bert-base-uncased,0,,True,False,first-token,euclidean,10,True,False,Multivariate
