Feature,importance,std,pval,score_MAE,score_MSE,score_R2,score_R,unit,top_units,top_units_rank,dataset,_model,seed,step,add_special_tokens,zscore,take_activation_from,distance_metric,layer,min_max,conditional,Method
sentence_GROUP,0.06643075516264627,0.00010770292942891331,0.0,0.08333442165358779,0.010805021303182364,0.7666713316846395,0.8756083965422998,425,479,R2,short_sentence,bert-base-uncased,0,,True,False,first-token,euclidean,8,True,False,Multivariate
subj_TYPE,0.0038249107804316776,2.5208973317548052e-05,0.0,0.08333442165358779,0.010805021303182364,0.7666713316846395,0.8756083965422998,425,479,R2,short_sentence,bert-base-uncased,0,,True,False,first-token,euclidean,8,True,False,Multivariate
subj_ANIM,-3.7430933763492114e-08,5.2899557598795614e-08,0.760398496483786,0.08333442165358779,0.010805021303182364,0.7666713316846395,0.8756083965422998,425,479,R2,short_sentence,bert-base-uncased,0,,True,False,first-token,euclidean,8,True,False,Multivariate
subj_GEN,5.224954613470471e-05,2.806264197719204e-06,1.1290717769996506e-77,0.08333442165358779,0.010805021303182364,0.7666713316846395,0.8756083965422998,425,479,R2,short_sentence,bert-base-uncased,0,,True,False,first-token,euclidean,8,True,False,Multivariate
subj_NUM,0.0002767380450821225,6.6124440564189215e-06,0.0,0.08333442165358779,0.010805021303182364,0.7666713316846395,0.8756083965422998,425,479,R2,short_sentence,bert-base-uncased,0,,True,False,first-token,euclidean,8,True,False,Multivariate
subj_PERS,0.00013441770618179602,6.211368493350715e-06,3.7268127290948214e-104,0.08333442165358779,0.010805021303182364,0.7666713316846395,0.8756083965422998,425,479,R2,short_sentence,bert-base-uncased,0,,True,False,first-token,euclidean,8,True,False,Multivariate
subj_ZIPF,0.0,0.0,1.0,0.08333442165358779,0.010805021303182364,0.7666713316846395,0.8756083965422998,425,479,R2,short_sentence,bert-base-uncased,0,,True,False,first-token,euclidean,8,True,False,Multivariate
sentence_TENSE,0.0002638466676767344,6.558357362904071e-06,0.0,0.08333442165358779,0.010805021303182364,0.7666713316846395,0.8756083965422998,425,479,R2,short_sentence,bert-base-uncased,0,,True,False,first-token,euclidean,8,True,False,Multivariate
verb_ZIPF,0.000233783893776678,6.1506142564467e-06,0.0,0.08333442165358779,0.010805021303182364,0.7666713316846395,0.8756083965422998,425,479,R2,short_sentence,bert-base-uncased,0,,True,False,first-token,euclidean,8,True,False,Multivariate
