Feature,importance,std,pval,score_MAE,score_MSE,score_R2,score_R,unit,top_units,top_units_rank,dataset,_model,seed,step,add_special_tokens,zscore,take_activation_from,distance_metric,layer,min_max,conditional,Method
sentence_GROUP,0.10190993086118398,0.00012011036226881976,0.0,0.06912474971359221,0.007830401066399149,0.8693281283901565,0.9323842798533388,38,236,R2,short_sentence,bert-base-uncased,0,,True,False,first-token,euclidean,8,True,False,Multivariate
subj_TYPE,0.0020237610046923466,1.5616681568185456e-05,0.0,0.06912474971359221,0.007830401066399149,0.8693281283901565,0.9323842798533388,38,236,R2,short_sentence,bert-base-uncased,0,,True,False,first-token,euclidean,8,True,False,Multivariate
subj_ANIM,0.0,0.0,1.0,0.06912474971359221,0.007830401066399149,0.8693281283901565,0.9323842798533388,38,236,R2,short_sentence,bert-base-uncased,0,,True,False,first-token,euclidean,8,True,False,Multivariate
subj_GEN,4.219990326455196e-05,2.151668505901484e-06,6.030118538412457e-86,0.06912474971359221,0.007830401066399149,0.8693281283901565,0.9323842798533388,38,236,R2,short_sentence,bert-base-uncased,0,,True,False,first-token,euclidean,8,True,False,Multivariate
subj_NUM,0.0001890484278921771,4.640242628581964e-06,0.0,0.06912474971359221,0.007830401066399149,0.8693281283901565,0.9323842798533388,38,236,R2,short_sentence,bert-base-uncased,0,,True,False,first-token,euclidean,8,True,False,Multivariate
subj_PERS,1.453845438610338e-05,1.7627967682287722e-06,8.09526352277794e-17,0.06912474971359221,0.007830401066399149,0.8693281283901565,0.9323842798533388,38,236,R2,short_sentence,bert-base-uncased,0,,True,False,first-token,euclidean,8,True,False,Multivariate
subj_ZIPF,0.0,0.0,1.0,0.06912474971359221,0.007830401066399149,0.8693281283901565,0.9323842798533388,38,236,R2,short_sentence,bert-base-uncased,0,,True,False,first-token,euclidean,8,True,False,Multivariate
sentence_TENSE,8.31008592522236e-05,3.13182427458229e-06,1.947522654994055e-155,0.06912474971359221,0.007830401066399149,0.8693281283901565,0.9323842798533388,38,236,R2,short_sentence,bert-base-uncased,0,,True,False,first-token,euclidean,8,True,False,Multivariate
verb_ZIPF,8.863167011641063e-05,3.165077824625913e-06,7.468786049821126e-173,0.06912474971359221,0.007830401066399149,0.8693281283901565,0.9323842798533388,38,236,R2,short_sentence,bert-base-uncased,0,,True,False,first-token,euclidean,8,True,False,Multivariate
