Feature,importance,std,pval,score_MAE,score_MSE,score_R2,score_R,unit,top_units,top_units_rank,dataset,_model,seed,step,add_special_tokens,zscore,take_activation_from,distance_metric,layer,min_max,conditional,Method
sentence_GROUP,0.14656801443204695,0.00014309228682495427,0.0,0.05697842457665747,0.006744261561906478,0.9161495686454373,0.9571628386012434,24,28,R2,short_sentence,bert-base-uncased,0,,True,False,first-token,euclidean,8,True,False,Multivariate
subj_TYPE,0.0001208761638478298,3.5295084517300955e-06,2.3914768220625343e-257,0.05697842457665747,0.006744261561906478,0.9161495686454373,0.9571628386012434,24,28,R2,short_sentence,bert-base-uncased,0,,True,False,first-token,euclidean,8,True,False,Multivariate
subj_ANIM,0.0,0.0,1.0,0.05697842457665747,0.006744261561906478,0.9161495686454373,0.9571628386012434,24,28,R2,short_sentence,bert-base-uncased,0,,True,False,first-token,euclidean,8,True,False,Multivariate
subj_GEN,9.517027014541325e-05,3.07245752953307e-06,5.800355747778323e-211,0.05697842457665747,0.006744261561906478,0.9161495686454373,0.9571628386012434,24,28,R2,short_sentence,bert-base-uncased,0,,True,False,first-token,euclidean,8,True,False,Multivariate
subj_NUM,8.502568251065348e-05,2.8820530476073403e-06,1.3659278476915133e-191,0.05697842457665747,0.006744261561906478,0.9161495686454373,0.9571628386012434,24,28,R2,short_sentence,bert-base-uncased,0,,True,False,first-token,euclidean,8,True,False,Multivariate
subj_PERS,0.0,0.0,1.0,0.05697842457665747,0.006744261561906478,0.9161495686454373,0.9571628386012434,24,28,R2,short_sentence,bert-base-uncased,0,,True,False,first-token,euclidean,8,True,False,Multivariate
subj_ZIPF,0.0,0.0,1.0,0.05697842457665747,0.006744261561906478,0.9161495686454373,0.9571628386012434,24,28,R2,short_sentence,bert-base-uncased,0,,True,False,first-token,euclidean,8,True,False,Multivariate
sentence_TENSE,1.9037288882814586e-05,1.396719764092167e-06,1.3279211081896909e-42,0.05697842457665747,0.006744261561906478,0.9161495686454373,0.9571628386012434,24,28,R2,short_sentence,bert-base-uncased,0,,True,False,first-token,euclidean,8,True,False,Multivariate
verb_ZIPF,3.036297010409526e-07,1.8430567865614106e-07,0.04973540561224317,0.05697842457665747,0.006744261561906478,0.9161495686454373,0.9571628386012434,24,28,R2,short_sentence,bert-base-uncased,0,,True,False,first-token,euclidean,8,True,False,Multivariate
