Feature,importance,std,pval,score_MAE,score_MSE,score_R2,score_R,dataset,_model,seed,step,add_special_tokens,zscore,take_activation_from,distance_metric,layer,min_max,conditional,Method
sentence_GROUP,0.039870782256506934,8.99862567418484e-05,0.0,0.09386378618110021,0.013433718038141692,0.6270202782184122,0.7918650381747286,short_sentence,bert-base-uncased,0,,True,False,first-token,euclidean,8,True,False,Multivariate
subj_TYPE,0.004338087356915445,2.9885671423986328e-05,0.0,0.09386378618110021,0.013433718038141692,0.6270202782184122,0.7918650381747286,short_sentence,bert-base-uncased,0,,True,False,first-token,euclidean,8,True,False,Multivariate
subj_ANIM,5.790723742258219e-07,3.250016274288307e-07,0.037394822756088485,0.09386378618110021,0.013433718038141692,0.6270202782184122,0.7918650381747286,short_sentence,bert-base-uncased,0,,True,False,first-token,euclidean,8,True,False,Multivariate
subj_GEN,5.220577421163761e-05,3.177715181496576e-06,5.957951028742174e-61,0.09386378618110021,0.013433718038141692,0.6270202782184122,0.7918650381747286,short_sentence,bert-base-uncased,0,,True,False,first-token,euclidean,8,True,False,Multivariate
subj_NUM,0.00025126535585407296,7.031813070373531e-06,6.151505183329134e-280,0.09386378618110021,0.013433718038141692,0.6270202782184122,0.7918650381747286,short_sentence,bert-base-uncased,0,,True,False,first-token,euclidean,8,True,False,Multivariate
subj_PERS,9.473028056027389e-05,5.357381261384998e-06,2.8754495145933076e-70,0.09386378618110021,0.013433718038141692,0.6270202782184122,0.7918650381747286,short_sentence,bert-base-uncased,0,,True,False,first-token,euclidean,8,True,False,Multivariate
subj_ZIPF,0.0,0.0,1.0,0.09386378618110021,0.013433718038141692,0.6270202782184122,0.7918650381747286,short_sentence,bert-base-uncased,0,,True,False,first-token,euclidean,8,True,False,Multivariate
sentence_TENSE,0.0003522436708037516,8.444993360038368e-06,0.0,0.09386378618110021,0.013433718038141692,0.6270202782184122,0.7918650381747286,short_sentence,bert-base-uncased,0,,True,False,first-token,euclidean,8,True,False,Multivariate
verb_ZIPF,0.00037053104093991,8.818377479627879e-06,0.0,0.09386378618110021,0.013433718038141692,0.6270202782184122,0.7918650381747286,short_sentence,bert-base-uncased,0,,True,False,first-token,euclidean,8,True,False,Multivariate
