Feature,importance,std,pval,score_MAE,score_MSE,score_R2,score_R,unit,top_units,top_units_rank,dataset,_model,seed,step,add_special_tokens,zscore,take_activation_from,distance_metric,layer,min_max,conditional,Method
sentence_GROUP,0.13255814142468783,0.0001363172576827643,0.0,0.05938951344855262,0.006971793418177458,0.9053796939099775,0.9515213707437283,725,57,R2,short_sentence,bert-base-uncased,0,,True,False,first-token,euclidean,8,True,False,Multivariate
subj_TYPE,0.00012722115832012126,3.696486083654953e-06,7.073341021860183e-260,0.05938951344855262,0.006971793418177458,0.9053796939099775,0.9515213707437283,725,57,R2,short_sentence,bert-base-uncased,0,,True,False,first-token,euclidean,8,True,False,Multivariate
subj_ANIM,0.0,0.0,1.0,0.05938951344855262,0.006971793418177458,0.9053796939099775,0.9515213707437283,725,57,R2,short_sentence,bert-base-uncased,0,,True,False,first-token,euclidean,8,True,False,Multivariate
subj_GEN,0.0001515777507032445,3.906018539504008e-06,0.0,0.05938951344855262,0.006971793418177458,0.9053796939099775,0.9515213707437283,725,57,R2,short_sentence,bert-base-uncased,0,,True,False,first-token,euclidean,8,True,False,Multivariate
subj_NUM,0.00010362183982299132,3.2419096513920414e-06,1.7703111594795514e-224,0.05938951344855262,0.006971793418177458,0.9053796939099775,0.9515213707437283,725,57,R2,short_sentence,bert-base-uncased,0,,True,False,first-token,euclidean,8,True,False,Multivariate
subj_PERS,0.0,0.0,1.0,0.05938951344855262,0.006971793418177458,0.9053796939099775,0.9515213707437283,725,57,R2,short_sentence,bert-base-uncased,0,,True,False,first-token,euclidean,8,True,False,Multivariate
subj_ZIPF,0.0,0.0,1.0,0.05938951344855262,0.006971793418177458,0.9053796939099775,0.9515213707437283,725,57,R2,short_sentence,bert-base-uncased,0,,True,False,first-token,euclidean,8,True,False,Multivariate
sentence_TENSE,2.495093010060062e-05,1.624287527660137e-06,1.4911037978417806e-53,0.05938951344855262,0.006971793418177458,0.9053796939099775,0.9515213707437283,725,57,R2,short_sentence,bert-base-uncased,0,,True,False,first-token,euclidean,8,True,False,Multivariate
verb_ZIPF,9.666063162253431e-06,9.634034228379725e-07,5.443881904863538e-24,0.05938951344855262,0.006971793418177458,0.9053796939099775,0.9515213707437283,725,57,R2,short_sentence,bert-base-uncased,0,,True,False,first-token,euclidean,8,True,False,Multivariate
