Feature,importance,std,pval,score_MAE,score_MSE,score_R2,score_R,unit,top_units,top_units_rank,dataset,_model,seed,step,add_special_tokens,zscore,take_activation_from,distance_metric,layer,min_max,conditional,Method
sentence_GROUP,0.1341638757301329,0.00013779379983808805,0.0,0.06146579067248302,0.00712833565793376,0.9045330419485363,0.9510758596203581,326,73,R2,short_sentence,bert-base-uncased,0,,True,False,first-token,euclidean,8,True,False,Multivariate
subj_TYPE,0.00031205814313960275,5.840534478132275e-06,0.0,0.06146579067248302,0.00712833565793376,0.9045330419485363,0.9510758596203581,326,73,R2,short_sentence,bert-base-uncased,0,,True,False,first-token,euclidean,8,True,False,Multivariate
subj_ANIM,0.0,0.0,1.0,0.06146579067248302,0.00712833565793376,0.9045330419485363,0.9510758596203581,326,73,R2,short_sentence,bert-base-uncased,0,,True,False,first-token,euclidean,8,True,False,Multivariate
subj_GEN,0.0001136800374861224,3.396897207707407e-06,7.569803109400402e-246,0.06146579067248302,0.00712833565793376,0.9045330419485363,0.9510758596203581,326,73,R2,short_sentence,bert-base-uncased,0,,True,False,first-token,euclidean,8,True,False,Multivariate
subj_NUM,6.866115818104827e-05,2.6543054384645325e-06,7.663717412535078e-148,0.06146579067248302,0.00712833565793376,0.9045330419485363,0.9510758596203581,326,73,R2,short_sentence,bert-base-uncased,0,,True,False,first-token,euclidean,8,True,False,Multivariate
subj_PERS,0.0,0.0,1.0,0.06146579067248302,0.00712833565793376,0.9045330419485363,0.9510758596203581,326,73,R2,short_sentence,bert-base-uncased,0,,True,False,first-token,euclidean,8,True,False,Multivariate
subj_ZIPF,0.0,0.0,1.0,0.06146579067248302,0.00712833565793376,0.9045330419485363,0.9510758596203581,326,73,R2,short_sentence,bert-base-uncased,0,,True,False,first-token,euclidean,8,True,False,Multivariate
sentence_TENSE,2.7468496617704058e-05,1.7208315695353352e-06,1.1690154861405466e-57,0.06146579067248302,0.00712833565793376,0.9045330419485363,0.9510758596203581,326,73,R2,short_sentence,bert-base-uncased,0,,True,False,first-token,euclidean,8,True,False,Multivariate
verb_ZIPF,1.207354130606668e-05,1.1114553139221538e-06,8.665453804248209e-28,0.06146579067248302,0.00712833565793376,0.9045330419485363,0.9510758596203581,326,73,R2,short_sentence,bert-base-uncased,0,,True,False,first-token,euclidean,8,True,False,Multivariate
