Feature,importance,std,pval,score_MAE,score_MSE,score_R2,score_R,unit,top_units,top_units_rank,dataset,_model,seed,step,add_special_tokens,zscore,take_activation_from,distance_metric,layer,min_max,conditional,Method
sentence_GROUP,0.09283600552954194,0.00011817120097916071,0.0,0.07351495788043486,0.008640430610606016,0.8470649859624143,0.920369158519038,70,299,R2,short_sentence,bert-base-uncased,0,,True,False,first-token,euclidean,8,True,False,Multivariate
subj_TYPE,0.002518015567211984,1.8281491328047566e-05,0.0,0.07351495788043486,0.008640430610606016,0.8470649859624143,0.920369158519038,70,299,R2,short_sentence,bert-base-uncased,0,,True,False,first-token,euclidean,8,True,False,Multivariate
subj_ANIM,0.0,0.0,1.0,0.07351495788043486,0.008640430610606016,0.8470649859624143,0.920369158519038,70,299,R2,short_sentence,bert-base-uncased,0,,True,False,first-token,euclidean,8,True,False,Multivariate
subj_GEN,4.813958436595598e-05,2.4008287791949165e-06,9.844620801757379e-90,0.07351495788043486,0.008640430610606016,0.8470649859624143,0.920369158519038,70,299,R2,short_sentence,bert-base-uncased,0,,True,False,first-token,euclidean,8,True,False,Multivariate
subj_NUM,0.00022405439499294455,5.298799356022887e-06,0.0,0.07351495788043486,0.008640430610606016,0.8470649859624143,0.920369158519038,70,299,R2,short_sentence,bert-base-uncased,0,,True,False,first-token,euclidean,8,True,False,Multivariate
subj_PERS,7.741723717661919e-05,4.338668969332007e-06,1.622205545028288e-71,0.07351495788043486,0.008640430610606016,0.8470649859624143,0.920369158519038,70,299,R2,short_sentence,bert-base-uncased,0,,True,False,first-token,euclidean,8,True,False,Multivariate
subj_ZIPF,0.0,0.0,1.0,0.07351495788043486,0.008640430610606016,0.8470649859624143,0.920369158519038,70,299,R2,short_sentence,bert-base-uncased,0,,True,False,first-token,euclidean,8,True,False,Multivariate
sentence_TENSE,0.00014030949968401276,4.278308820415184e-06,3.4069081422939105e-236,0.07351495788043486,0.008640430610606016,0.8470649859624143,0.920369158519038,70,299,R2,short_sentence,bert-base-uncased,0,,True,False,first-token,euclidean,8,True,False,Multivariate
verb_ZIPF,0.00011253717849757239,3.788456723042252e-06,3.281170205911069e-194,0.07351495788043486,0.008640430610606016,0.8470649859624143,0.920369158519038,70,299,R2,short_sentence,bert-base-uncased,0,,True,False,first-token,euclidean,8,True,False,Multivariate
