Feature,importance,std,pval,score_MAE,score_MSE,score_R2,score_R,unit,top_units,top_units_rank,dataset,_model,seed,step,add_special_tokens,zscore,take_activation_from,distance_metric,layer,min_max,conditional,Method
sentence_GROUP,0.14662451444326335,0.00014569229490451398,0.0,0.0590123084981999,0.007059038013066926,0.9126137242122756,0.9553144067849328,719,36,R2,short_sentence,bert-base-uncased,0,,True,False,first-token,euclidean,8,True,False,Multivariate
subj_TYPE,6.59851286121278e-05,2.674690006288705e-06,1.1173151566007724e-134,0.0590123084981999,0.007059038013066926,0.9126137242122756,0.9553144067849328,719,36,R2,short_sentence,bert-base-uncased,0,,True,False,first-token,euclidean,8,True,False,Multivariate
subj_ANIM,0.0,0.0,1.0,0.0590123084981999,0.007059038013066926,0.9126137242122756,0.9553144067849328,719,36,R2,short_sentence,bert-base-uncased,0,,True,False,first-token,euclidean,8,True,False,Multivariate
subj_GEN,0.00012624175233633245,3.6344150736746527e-06,1.1636259636990038e-264,0.0590123084981999,0.007059038013066926,0.9126137242122756,0.9553144067849328,719,36,R2,short_sentence,bert-base-uncased,0,,True,False,first-token,euclidean,8,True,False,Multivariate
subj_NUM,9.641251605448602e-05,3.147222354966522e-06,2.147930136530077e-206,0.0590123084981999,0.007059038013066926,0.9126137242122756,0.9553144067849328,719,36,R2,short_sentence,bert-base-uncased,0,,True,False,first-token,euclidean,8,True,False,Multivariate
subj_PERS,0.0,0.0,1.0,0.0590123084981999,0.007059038013066926,0.9126137242122756,0.9553144067849328,719,36,R2,short_sentence,bert-base-uncased,0,,True,False,first-token,euclidean,8,True,False,Multivariate
subj_ZIPF,0.0,0.0,1.0,0.0590123084981999,0.007059038013066926,0.9126137242122756,0.9553144067849328,719,36,R2,short_sentence,bert-base-uncased,0,,True,False,first-token,euclidean,8,True,False,Multivariate
sentence_TENSE,1.830203123791585e-05,1.4009074799241683e-06,2.629500720332413e-39,0.0590123084981999,0.007059038013066926,0.9126137242122756,0.9553144067849328,719,36,R2,short_sentence,bert-base-uncased,0,,True,False,first-token,euclidean,8,True,False,Multivariate
verb_ZIPF,1.826906661807435e-06,4.286974882585512e-07,1.0151662406860678e-05,0.0590123084981999,0.007059038013066926,0.9126137242122756,0.9553144067849328,719,36,R2,short_sentence,bert-base-uncased,0,,True,False,first-token,euclidean,8,True,False,Multivariate
