Feature,importance,std,pval,score_MAE,score_MSE,score_R2,score_R,unit,top_units,top_units_rank,dataset,_model,seed,step,add_special_tokens,zscore,take_activation_from,distance_metric,layer,min_max,conditional,Method
sentence_GROUP,0.06599958430640349,9.158943038256858e-05,0.0,0.0524462669695424,0.006797418309520498,0.8299582283726747,0.9110399698489258,752,4,R2,short_sentence,bert-base-uncased,0,,True,False,first-token,euclidean,8,True,False,Multivariate
subj_TYPE,0.0,0.0,1.0,0.0524462669695424,0.006797418309520498,0.8299582283726747,0.9110399698489258,752,4,R2,short_sentence,bert-base-uncased,0,,True,False,first-token,euclidean,8,True,False,Multivariate
subj_ANIM,2.780871700207525e-05,1.811342158790586e-06,1.7027251850744097e-53,0.0524462669695424,0.006797418309520498,0.8299582283726747,0.9110399698489258,752,4,R2,short_sentence,bert-base-uncased,0,,True,False,first-token,euclidean,8,True,False,Multivariate
subj_GEN,3.979954017832344e-05,1.902989637120813e-06,1.9874553269406566e-97,0.0524462669695424,0.006797418309520498,0.8299582283726747,0.9110399698489258,752,4,R2,short_sentence,bert-base-uncased,0,,True,False,first-token,euclidean,8,True,False,Multivariate
subj_NUM,5.9856728842913095e-06,7.551683616436283e-07,1.1290767513308537e-15,0.0524462669695424,0.006797418309520498,0.8299582283726747,0.9110399698489258,752,4,R2,short_sentence,bert-base-uncased,0,,True,False,first-token,euclidean,8,True,False,Multivariate
subj_PERS,3.3426479097977804e-05,1.9644160708441935e-06,3.1255219536116853e-65,0.0524462669695424,0.006797418309520498,0.8299582283726747,0.9110399698489258,752,4,R2,short_sentence,bert-base-uncased,0,,True,False,first-token,euclidean,8,True,False,Multivariate
subj_ZIPF,0.0,0.0,1.0,0.0524462669695424,0.006797418309520498,0.8299582283726747,0.9110399698489258,752,4,R2,short_sentence,bert-base-uncased,0,,True,False,first-token,euclidean,8,True,False,Multivariate
sentence_TENSE,2.9484815721388673e-07,1.8785697475756573e-07,0.05826162797217343,0.0524462669695424,0.006797418309520498,0.8299582283726747,0.9110399698489258,752,4,R2,short_sentence,bert-base-uncased,0,,True,False,first-token,euclidean,8,True,False,Multivariate
verb_ZIPF,0.0,0.0,1.0,0.0524462669695424,0.006797418309520498,0.8299582283726747,0.9110399698489258,752,4,R2,short_sentence,bert-base-uncased,0,,True,False,first-token,euclidean,8,True,False,Multivariate
