Feature,importance,std,pval,score_MAE,score_MSE,score_R2,score_R,unit,top_units,top_units_rank,dataset,_model,seed,step,add_special_tokens,zscore,take_activation_from,distance_metric,layer,min_max,conditional,Method
sentence_GROUP,0.05298280146484097,0.00010104311247144717,0.0,0.08974192517396647,0.012390690279124525,0.7019811496760645,0.8378551146917796,763,607,R2,short_sentence,bert-base-uncased,0,,True,False,first-token,euclidean,8,True,False,Multivariate
subj_TYPE,0.004435982014470146,2.9065007025690167e-05,0.0,0.08974192517396647,0.012390690279124525,0.7019811496760645,0.8378551146917796,763,607,R2,short_sentence,bert-base-uncased,0,,True,False,first-token,euclidean,8,True,False,Multivariate
subj_ANIM,1.1889373686336357e-06,4.49712693206644e-07,0.004099405436788464,0.08974192517396647,0.012390690279124525,0.7019811496760645,0.8378551146917796,763,607,R2,short_sentence,bert-base-uncased,0,,True,False,first-token,euclidean,8,True,False,Multivariate
subj_GEN,5.183153102591498e-05,3.004391208417662e-06,5.4116454140429395e-67,0.08974192517396647,0.012390690279124525,0.7019811496760645,0.8378551146917796,763,607,R2,short_sentence,bert-base-uncased,0,,True,False,first-token,euclidean,8,True,False,Multivariate
subj_NUM,0.0002877815389494015,7.219520561687203e-06,0.0,0.08974192517396647,0.012390690279124525,0.7019811496760645,0.8378551146917796,763,607,R2,short_sentence,bert-base-uncased,0,,True,False,first-token,euclidean,8,True,False,Multivariate
subj_PERS,0.0001523429314667596,6.8681923875322215e-06,2.6238275635183206e-109,0.08974192517396647,0.012390690279124525,0.7019811496760645,0.8378551146917796,763,607,R2,short_sentence,bert-base-uncased,0,,True,False,first-token,euclidean,8,True,False,Multivariate
subj_ZIPF,0.0,0.0,1.0,0.08974192517396647,0.012390690279124525,0.7019811496760645,0.8378551146917796,763,607,R2,short_sentence,bert-base-uncased,0,,True,False,first-token,euclidean,8,True,False,Multivariate
sentence_TENSE,0.00030749502556772147,7.578562473255949e-06,0.0,0.08974192517396647,0.012390690279124525,0.7019811496760645,0.8378551146917796,763,607,R2,short_sentence,bert-base-uncased,0,,True,False,first-token,euclidean,8,True,False,Multivariate
verb_ZIPF,0.00032294583965654584,7.809561709399953e-06,0.0,0.08974192517396647,0.012390690279124525,0.7019811496760645,0.8378551146917796,763,607,R2,short_sentence,bert-base-uncased,0,,True,False,first-token,euclidean,8,True,False,Multivariate
