Feature,importance,std,pval,score_MAE,score_MSE,score_R2,score_R,unit,top_units,top_units_rank,dataset,_model,seed,step,add_special_tokens,zscore,take_activation_from,distance_metric,layer,min_max,conditional,Method
sentence_GROUP,0.07301276229711826,9.031378935279408e-05,0.0,0.04831033507852671,0.005793663755406702,0.8634843050955107,0.9292459094951886,581,8,R2,short_sentence,bert-base-uncased,0,,True,False,first-token,euclidean,8,True,False,Multivariate
subj_TYPE,3.4307208952214416e-06,5.356640993214282e-07,7.537596521534655e-11,0.04831033507852671,0.005793663755406702,0.8634843050955107,0.9292459094951886,581,8,R2,short_sentence,bert-base-uncased,0,,True,False,first-token,euclidean,8,True,False,Multivariate
subj_ANIM,3.790739141657966e-05,1.9536278155315987e-06,3.598356847012842e-84,0.04831033507852671,0.005793663755406702,0.8634843050955107,0.9292459094951886,581,8,R2,short_sentence,bert-base-uncased,0,,True,False,first-token,euclidean,8,True,False,Multivariate
subj_GEN,5.342994881983064e-05,2.0735639910104328e-06,1.0340162103913628e-146,0.04831033507852671,0.005793663755406702,0.8634843050955107,0.9292459094951886,581,8,R2,short_sentence,bert-base-uncased,0,,True,False,first-token,euclidean,8,True,False,Multivariate
subj_NUM,3.383536583801822e-05,1.6788572902159356e-06,1.24596577832682e-90,0.04831033507852671,0.005793663755406702,0.8634843050955107,0.9292459094951886,581,8,R2,short_sentence,bert-base-uncased,0,,True,False,first-token,euclidean,8,True,False,Multivariate
subj_PERS,3.949489361233895e-05,1.8971554100093704e-06,1.4881308565518251e-96,0.04831033507852671,0.005793663755406702,0.8634843050955107,0.9292459094951886,581,8,R2,short_sentence,bert-base-uncased,0,,True,False,first-token,euclidean,8,True,False,Multivariate
subj_ZIPF,0.0,0.0,1.0,0.04831033507852671,0.005793663755406702,0.8634843050955107,0.9292459094951886,581,8,R2,short_sentence,bert-base-uncased,0,,True,False,first-token,euclidean,8,True,False,Multivariate
sentence_TENSE,5.281229851449442e-06,6.903536617571916e-07,1.0046210899409064e-14,0.04831033507852671,0.005793663755406702,0.8634843050955107,0.9292459094951886,581,8,R2,short_sentence,bert-base-uncased,0,,True,False,first-token,euclidean,8,True,False,Multivariate
verb_ZIPF,0.0,0.0,1.0,0.04831033507852671,0.005793663755406702,0.8634843050955107,0.9292459094951886,581,8,R2,short_sentence,bert-base-uncased,0,,True,False,first-token,euclidean,8,True,False,Multivariate
