Feature,importance,std,pval,score_MAE,score_MSE,score_R2,score_R,unit,top_units,top_units_rank,dataset,_model,seed,step,add_special_tokens,zscore,take_activation_from,distance_metric,layer,min_max,conditional,Method
sentence_GROUP,0.1323668801879457,0.0001371338397958697,0.0,0.058882838192721054,0.00706185077606622,0.9041403915647324,0.9508691320975903,477,45,R2,short_sentence,bert-base-uncased,0,,True,False,first-token,euclidean,8,True,False,Multivariate
subj_TYPE,0.00011241160161881723,3.5043357158747078e-06,4.488433906195847e-226,0.058882838192721054,0.00706185077606622,0.9041403915647324,0.9508691320975903,477,45,R2,short_sentence,bert-base-uncased,0,,True,False,first-token,euclidean,8,True,False,Multivariate
subj_ANIM,0.0,0.0,1.0,0.058882838192721054,0.00706185077606622,0.9041403915647324,0.9508691320975903,477,45,R2,short_sentence,bert-base-uncased,0,,True,False,first-token,euclidean,8,True,False,Multivariate
subj_GEN,0.00013924543324997282,3.791925904078245e-06,1.6538209359349116e-295,0.058882838192721054,0.00706185077606622,0.9041403915647324,0.9508691320975903,477,45,R2,short_sentence,bert-base-uncased,0,,True,False,first-token,euclidean,8,True,False,Multivariate
subj_NUM,0.00011205330706903888,3.3974845982080663e-06,7.541642411341355e-239,0.058882838192721054,0.00706185077606622,0.9041403915647324,0.9508691320975903,477,45,R2,short_sentence,bert-base-uncased,0,,True,False,first-token,euclidean,8,True,False,Multivariate
subj_PERS,0.0,0.0,1.0,0.058882838192721054,0.00706185077606622,0.9041403915647324,0.9508691320975903,477,45,R2,short_sentence,bert-base-uncased,0,,True,False,first-token,euclidean,8,True,False,Multivariate
subj_ZIPF,0.0,0.0,1.0,0.058882838192721054,0.00706185077606622,0.9041403915647324,0.9508691320975903,477,45,R2,short_sentence,bert-base-uncased,0,,True,False,first-token,euclidean,8,True,False,Multivariate
sentence_TENSE,1.7636481461100187e-05,1.3743770100922493e-06,5.402109725561842e-38,0.058882838192721054,0.00706185077606622,0.9041403915647324,0.9508691320975903,477,45,R2,short_sentence,bert-base-uncased,0,,True,False,first-token,euclidean,8,True,False,Multivariate
verb_ZIPF,6.088800693597756e-06,7.663980762462092e-07,9.733281245906724e-16,0.058882838192721054,0.00706185077606622,0.9041403915647324,0.9508691320975903,477,45,R2,short_sentence,bert-base-uncased,0,,True,False,first-token,euclidean,8,True,False,Multivariate
