Feature,importance,std,pval,score_MAE,score_MSE,score_R2,score_R,unit,top_units,top_units_rank,dataset,_model,seed,step,add_special_tokens,zscore,take_activation_from,distance_metric,layer,min_max,conditional,Method
sentence_GROUP,0.12982580383318462,0.00013378280123474718,0.0,0.0619622312378172,0.0070083479973045825,0.9032717144293751,0.9504135702530164,282,92,R2,short_sentence,bert-base-uncased,0,,True,False,first-token,euclidean,8,True,False,Multivariate
subj_TYPE,0.0004762066731610496,7.151369806578977e-06,0.0,0.0619622312378172,0.0070083479973045825,0.9032717144293751,0.9504135702530164,282,92,R2,short_sentence,bert-base-uncased,0,,True,False,first-token,euclidean,8,True,False,Multivariate
subj_ANIM,0.0,0.0,1.0,0.0619622312378172,0.0070083479973045825,0.9032717144293751,0.9504135702530164,282,92,R2,short_sentence,bert-base-uncased,0,,True,False,first-token,euclidean,8,True,False,Multivariate
subj_GEN,8.60549221532854e-05,2.9503452899799835e-06,2.488135865493955e-187,0.0619622312378172,0.0070083479973045825,0.9032717144293751,0.9504135702530164,282,92,R2,short_sentence,bert-base-uncased,0,,True,False,first-token,euclidean,8,True,False,Multivariate
subj_NUM,8.751432755313214e-05,2.9827374570434194e-06,1.5900277911631735e-189,0.0619622312378172,0.0070083479973045825,0.9032717144293751,0.9504135702530164,282,92,R2,short_sentence,bert-base-uncased,0,,True,False,first-token,euclidean,8,True,False,Multivariate
subj_PERS,0.0,0.0,1.0,0.0619622312378172,0.0070083479973045825,0.9032717144293751,0.9504135702530164,282,92,R2,short_sentence,bert-base-uncased,0,,True,False,first-token,euclidean,8,True,False,Multivariate
subj_ZIPF,0.0,0.0,1.0,0.0619622312378172,0.0070083479973045825,0.9032717144293751,0.9504135702530164,282,92,R2,short_sentence,bert-base-uncased,0,,True,False,first-token,euclidean,8,True,False,Multivariate
sentence_TENSE,3.784062951137218e-05,2.0006161131581667e-06,4.332896290365996e-80,0.0619622312378172,0.0070083479973045825,0.9032717144293751,0.9504135702530164,282,92,R2,short_sentence,bert-base-uncased,0,,True,False,first-token,euclidean,8,True,False,Multivariate
verb_ZIPF,2.3489443167796112e-05,1.53571030972495e-06,4.0970276353667336e-53,0.0619622312378172,0.0070083479973045825,0.9032717144293751,0.9504135702530164,282,92,R2,short_sentence,bert-base-uncased,0,,True,False,first-token,euclidean,8,True,False,Multivariate
