Feature,importance,std,pval,score_MAE,score_MSE,score_R2,score_R,unit,top_units,top_units_rank,dataset,_model,seed,step,add_special_tokens,zscore,take_activation_from,distance_metric,layer,min_max,conditional,Method
sentence_GROUP,0.14094583363729093,0.00013662028563303055,0.0,0.054745168355169425,0.006358332819642838,0.9176393031446486,0.9579401079848766,170,22,R2,short_sentence,bert-base-uncased,0,,True,False,first-token,euclidean,8,True,False,Multivariate
subj_TYPE,0.00015754141464986208,3.915233408246608e-06,0.0,0.054745168355169425,0.006358332819642838,0.9176393031446486,0.9579401079848766,170,22,R2,short_sentence,bert-base-uncased,0,,True,False,first-token,euclidean,8,True,False,Multivariate
subj_ANIM,0.0,0.0,1.0,0.054745168355169425,0.006358332819642838,0.9176393031446486,0.9579401079848766,170,22,R2,short_sentence,bert-base-uncased,0,,True,False,first-token,euclidean,8,True,False,Multivariate
subj_GEN,9.270418062854599e-05,2.9352033037568334e-06,3.104370004087597e-219,0.054745168355169425,0.006358332819642838,0.9176393031446486,0.9579401079848766,170,22,R2,short_sentence,bert-base-uncased,0,,True,False,first-token,euclidean,8,True,False,Multivariate
subj_NUM,5.047091395505816e-05,2.146919281958892e-06,1.6683130978500907e-122,0.054745168355169425,0.006358332819642838,0.9176393031446486,0.9579401079848766,170,22,R2,short_sentence,bert-base-uncased,0,,True,False,first-token,euclidean,8,True,False,Multivariate
subj_PERS,0.0,0.0,1.0,0.054745168355169425,0.006358332819642838,0.9176393031446486,0.9579401079848766,170,22,R2,short_sentence,bert-base-uncased,0,,True,False,first-token,euclidean,8,True,False,Multivariate
subj_ZIPF,0.0,0.0,1.0,0.054745168355169425,0.006358332819642838,0.9176393031446486,0.9579401079848766,170,22,R2,short_sentence,bert-base-uncased,0,,True,False,first-token,euclidean,8,True,False,Multivariate
sentence_TENSE,9.993428931938583e-06,9.878927317905302e-07,2.348283291709177e-24,0.054745168355169425,0.006358332819642838,0.9176393031446486,0.9579401079848766,170,22,R2,short_sentence,bert-base-uncased,0,,True,False,first-token,euclidean,8,True,False,Multivariate
verb_ZIPF,9.347425456864717e-08,1.0549442736057506e-07,0.18779294983388778,0.054745168355169425,0.006358332819642838,0.9176393031446486,0.9579401079848766,170,22,R2,short_sentence,bert-base-uncased,0,,True,False,first-token,euclidean,8,True,False,Multivariate
