Feature,importance,std,pval,score_MAE,score_MSE,score_R2,score_R,unit,top_units,top_units_rank,dataset,_model,seed,step,add_special_tokens,zscore,take_activation_from,distance_metric,layer,min_max,conditional,Method
sentence_GROUP,0.04498316719871376,6.874757888500843e-05,0.0,0.04799898889730035,0.005727247518824744,0.7975256121482543,0.8930584216214219,669,2,R2,short_sentence,bert-base-uncased,0,,True,False,first-token,euclidean,8,True,False,Multivariate
subj_TYPE,0.0,0.0,1.0,0.04799898889730035,0.005727247518824744,0.7975256121482543,0.8930584216214219,669,2,R2,short_sentence,bert-base-uncased,0,,True,False,first-token,euclidean,8,True,False,Multivariate
subj_ANIM,2.855072658203469e-06,5.211811662977191e-07,2.149816251302985e-08,0.04799898889730035,0.005727247518824744,0.7975256121482543,0.8930584216214219,669,2,R2,short_sentence,bert-base-uncased,0,,True,False,first-token,euclidean,8,True,False,Multivariate
subj_GEN,2.0697680024445143e-05,1.2642802324744509e-06,1.537580539266499e-60,0.04799898889730035,0.005727247518824744,0.7975256121482543,0.8930584216214219,669,2,R2,short_sentence,bert-base-uncased,0,,True,False,first-token,euclidean,8,True,False,Multivariate
subj_NUM,1.0369027753095791e-05,9.193758577198291e-07,8.394796474848017e-30,0.04799898889730035,0.005727247518824744,0.7975256121482543,0.8930584216214219,669,2,R2,short_sentence,bert-base-uncased,0,,True,False,first-token,euclidean,8,True,False,Multivariate
subj_PERS,0.00013992913366238973,4.128724128411342e-06,4.42665101952099e-252,0.04799898889730035,0.005727247518824744,0.7975256121482543,0.8930584216214219,669,2,R2,short_sentence,bert-base-uncased,0,,True,False,first-token,euclidean,8,True,False,Multivariate
subj_ZIPF,0.0,0.0,1.0,0.04799898889730035,0.005727247518824744,0.7975256121482543,0.8930584216214219,669,2,R2,short_sentence,bert-base-uncased,0,,True,False,first-token,euclidean,8,True,False,Multivariate
sentence_TENSE,-7.739156226613123e-09,4.613678482296453e-08,0.5666075527114964,0.04799898889730035,0.005727247518824744,0.7975256121482543,0.8930584216214219,669,2,R2,short_sentence,bert-base-uncased,0,,True,False,first-token,euclidean,8,True,False,Multivariate
verb_ZIPF,0.0,0.0,1.0,0.04799898889730035,0.005727247518824744,0.7975256121482543,0.8930584216214219,669,2,R2,short_sentence,bert-base-uncased,0,,True,False,first-token,euclidean,8,True,False,Multivariate
