Feature,importance,std,pval,score_MAE,score_MSE,score_R2,score_R,unit,top_units,top_units_rank,dataset,_model,seed,step,add_special_tokens,zscore,take_activation_from,distance_metric,layer,min_max,conditional,Method
sentence_GROUP,0.07919291355567458,0.00011179856192733171,0.0,0.07718505835750021,0.009399922313157033,0.8151836647274167,0.9028848493748325,206,379,R2,short_sentence,bert-base-uncased,0,,True,False,first-token,euclidean,8,True,False,Multivariate
subj_TYPE,0.0031473454540487476,2.1307641606057957e-05,0.0,0.07718505835750021,0.009399922313157033,0.8151836647274167,0.9028848493748325,206,379,R2,short_sentence,bert-base-uncased,0,,True,False,first-token,euclidean,8,True,False,Multivariate
subj_ANIM,0.0,0.0,1.0,0.07718505835750021,0.009399922313157033,0.8151836647274167,0.9028848493748325,206,379,R2,short_sentence,bert-base-uncased,0,,True,False,first-token,euclidean,8,True,False,Multivariate
subj_GEN,5.332172963656489e-05,2.6338722355466146e-06,1.9813343550864295e-91,0.07718505835750021,0.009399922313157033,0.8151836647274167,0.9028848493748325,206,379,R2,short_sentence,bert-base-uncased,0,,True,False,first-token,euclidean,8,True,False,Multivariate
subj_NUM,0.0002554832774702333,5.910750259795575e-06,0.0,0.07718505835750021,0.009399922313157033,0.8151836647274167,0.9028848493748325,206,379,R2,short_sentence,bert-base-uncased,0,,True,False,first-token,euclidean,8,True,False,Multivariate
subj_PERS,0.0001581663743387736,6.434204509108896e-06,9.811296681637426e-134,0.07718505835750021,0.009399922313157033,0.8151836647274167,0.9028848493748325,206,379,R2,short_sentence,bert-base-uncased,0,,True,False,first-token,euclidean,8,True,False,Multivariate
subj_ZIPF,0.0,0.0,1.0,0.07718505835750021,0.009399922313157033,0.8151836647274167,0.9028848493748325,206,379,R2,short_sentence,bert-base-uncased,0,,True,False,first-token,euclidean,8,True,False,Multivariate
sentence_TENSE,0.0001948541725551945,5.261535842669525e-06,1.6426908328627176e-300,0.07718505835750021,0.009399922313157033,0.8151836647274167,0.9028848493748325,206,379,R2,short_sentence,bert-base-uncased,0,,True,False,first-token,euclidean,8,True,False,Multivariate
verb_ZIPF,0.00017065802589494395,4.872097443304083e-06,4.271965615627141e-269,0.07718505835750021,0.009399922313157033,0.8151836647274167,0.9028848493748325,206,379,R2,short_sentence,bert-base-uncased,0,,True,False,first-token,euclidean,8,True,False,Multivariate
