Feature,importance,std,pval,score_MAE,score_MSE,score_R2,score_R,unit,top_units,top_units_rank,dataset,_model,seed,step,add_special_tokens,zscore,take_activation_from,distance_metric,layer,min_max,conditional,Method
sentence_GROUP,0.08486381536738345,0.00010623359207323976,0.0,0.053766032595741926,0.006950882181715624,0.8599955629171155,0.9273797351754275,333,5,R2,short_sentence,bert-base-uncased,0,,True,False,first-token,euclidean,8,True,False,Multivariate
subj_TYPE,0.0,0.0,1.0,0.053766032595741926,0.006950882181715624,0.8599955629171155,0.9273797351754275,333,5,R2,short_sentence,bert-base-uncased,0,,True,False,first-token,euclidean,8,True,False,Multivariate
subj_ANIM,3.131670685951091e-05,1.9213313459642257e-06,4.976554464608321e-60,0.053766032595741926,0.006950882181715624,0.8599955629171155,0.9273797351754275,333,5,R2,short_sentence,bert-base-uncased,0,,True,False,first-token,euclidean,8,True,False,Multivariate
subj_GEN,5.0614633119632716e-05,2.186935535015851e-06,8.336437421312102e-119,0.053766032595741926,0.006950882181715624,0.8599955629171155,0.9273797351754275,333,5,R2,short_sentence,bert-base-uncased,0,,True,False,first-token,euclidean,8,True,False,Multivariate
subj_NUM,1.735139463153305e-05,1.3128220388879273e-06,3.5062122420100015e-40,0.053766032595741926,0.006950882181715624,0.8599955629171155,0.9273797351754275,333,5,R2,short_sentence,bert-base-uncased,0,,True,False,first-token,euclidean,8,True,False,Multivariate
subj_PERS,2.308386811227954e-05,1.5886742709453525e-06,3.895564521077762e-48,0.053766032595741926,0.006950882181715624,0.8599955629171155,0.9273797351754275,333,5,R2,short_sentence,bert-base-uncased,0,,True,False,first-token,euclidean,8,True,False,Multivariate
subj_ZIPF,0.0,0.0,1.0,0.053766032595741926,0.006950882181715624,0.8599955629171155,0.9273797351754275,333,5,R2,short_sentence,bert-base-uncased,0,,True,False,first-token,euclidean,8,True,False,Multivariate
sentence_TENSE,1.6562930161549859e-06,4.223902272445192e-07,4.404742343596434e-05,0.053766032595741926,0.006950882181715624,0.8599955629171155,0.9273797351754275,333,5,R2,short_sentence,bert-base-uncased,0,,True,False,first-token,euclidean,8,True,False,Multivariate
verb_ZIPF,0.0,0.0,1.0,0.053766032595741926,0.006950882181715624,0.8599955629171155,0.9273797351754275,333,5,R2,short_sentence,bert-base-uncased,0,,True,False,first-token,euclidean,8,True,False,Multivariate
