Feature,importance,std,pval,score_MAE,score_MSE,score_R2,score_R,unit,top_units,top_units_rank,dataset,_model,seed,step,add_special_tokens,zscore,take_activation_from,distance_metric,layer,min_max,conditional,Method
sentence_GROUP,0.05673676091534431,8.108047497965186e-05,0.0,0.0504925444825811,0.006237999737416961,0.8203853592165563,0.905767160171304,614,3,R2,short_sentence,bert-base-uncased,0,,True,False,first-token,euclidean,8,True,False,Multivariate
subj_TYPE,0.0,0.0,1.0,0.0504925444825811,0.006237999737416961,0.8203853592165563,0.905767160171304,614,3,R2,short_sentence,bert-base-uncased,0,,True,False,first-token,euclidean,8,True,False,Multivariate
subj_ANIM,2.9683488976047556e-05,1.7947585186271862e-06,9.611281054870247e-62,0.0504925444825811,0.006237999737416961,0.8203853592165563,0.905767160171304,614,3,R2,short_sentence,bert-base-uncased,0,,True,False,first-token,euclidean,8,True,False,Multivariate
subj_GEN,3.255032953596038e-05,1.6430889494242714e-06,1.2095904326752882e-87,0.0504925444825811,0.006237999737416961,0.8203853592165563,0.905767160171304,614,3,R2,short_sentence,bert-base-uncased,0,,True,False,first-token,euclidean,8,True,False,Multivariate
subj_NUM,5.3001053980594945e-06,6.768078611258849e-07,2.41936818820839e-15,0.0504925444825811,0.006237999737416961,0.8203853592165563,0.905767160171304,614,3,R2,short_sentence,bert-base-uncased,0,,True,False,first-token,euclidean,8,True,False,Multivariate
subj_PERS,8.365562834612625e-05,3.116307169167226e-06,4.892692047310083e-159,0.0504925444825811,0.006237999737416961,0.8203853592165563,0.905767160171304,614,3,R2,short_sentence,bert-base-uncased,0,,True,False,first-token,euclidean,8,True,False,Multivariate
subj_ZIPF,0.0,0.0,1.0,0.0504925444825811,0.006237999737416961,0.8203853592165563,0.905767160171304,614,3,R2,short_sentence,bert-base-uncased,0,,True,False,first-token,euclidean,8,True,False,Multivariate
sentence_TENSE,3.1744470173854875e-07,1.88269401157538e-07,0.04588639588966291,0.0504925444825811,0.006237999737416961,0.8203853592165563,0.905767160171304,614,3,R2,short_sentence,bert-base-uncased,0,,True,False,first-token,euclidean,8,True,False,Multivariate
verb_ZIPF,5.0965979496717815e-09,3.803408071123001e-08,0.44670096356572014,0.0504925444825811,0.006237999737416961,0.8203853592165563,0.905767160171304,614,3,R2,short_sentence,bert-base-uncased,0,,True,False,first-token,euclidean,8,True,False,Multivariate
