Feature,importance,std,pval,score_MAE,score_MSE,score_R2,score_R,unit,top_units,top_units_rank,dataset,_model,seed,step,add_special_tokens,zscore,take_activation_from,distance_metric,layer,min_max,conditional,Method
sentence_GROUP,0.11692105056376473,0.0001290344983881933,0.0,0.0673499014327826,0.007616498913198894,0.8865135727426929,0.9415547413363622,461,187,R2,short_sentence,bert-base-uncased,0,,True,False,first-token,euclidean,8,True,False,Multivariate
subj_TYPE,0.0018485629796066376,1.4711832716561646e-05,0.0,0.0673499014327826,0.007616498913198894,0.8865135727426929,0.9415547413363622,461,187,R2,short_sentence,bert-base-uncased,0,,True,False,first-token,euclidean,8,True,False,Multivariate
subj_ANIM,0.0,0.0,1.0,0.0673499014327826,0.007616498913198894,0.8865135727426929,0.9415547413363622,461,187,R2,short_sentence,bert-base-uncased,0,,True,False,first-token,euclidean,8,True,False,Multivariate
subj_GEN,5.739618062204126e-05,2.4938529859572357e-06,1.6469981366927772e-117,0.0673499014327826,0.007616498913198894,0.8865135727426929,0.9415547413363622,461,187,R2,short_sentence,bert-base-uncased,0,,True,False,first-token,euclidean,8,True,False,Multivariate
subj_NUM,0.0001643221137730161,4.2714363573182285e-06,0.0,0.0673499014327826,0.007616498913198894,0.8865135727426929,0.9415547413363622,461,187,R2,short_sentence,bert-base-uncased,0,,True,False,first-token,euclidean,8,True,False,Multivariate
subj_PERS,4.116421220477658e-06,9.131634235340028e-07,3.2740969492468584e-06,0.0673499014327826,0.007616498913198894,0.8865135727426929,0.9415547413363622,461,187,R2,short_sentence,bert-base-uncased,0,,True,False,first-token,euclidean,8,True,False,Multivariate
subj_ZIPF,0.0,0.0,1.0,0.0673499014327826,0.007616498913198894,0.8865135727426929,0.9415547413363622,461,187,R2,short_sentence,bert-base-uncased,0,,True,False,first-token,euclidean,8,True,False,Multivariate
sentence_TENSE,7.452305402768099e-05,2.9267169854685557e-06,2.532645953546487e-143,0.0673499014327826,0.007616498913198894,0.8865135727426929,0.9415547413363622,461,187,R2,short_sentence,bert-base-uncased,0,,True,False,first-token,euclidean,8,True,False,Multivariate
verb_ZIPF,6.536945449302135e-05,2.6842653380977926e-06,2.705384009615925e-131,0.0673499014327826,0.007616498913198894,0.8865135727426929,0.9415547413363622,461,187,R2,short_sentence,bert-base-uncased,0,,True,False,first-token,euclidean,8,True,False,Multivariate
