Feature,importance,std,pval,score_MAE,score_MSE,score_R2,score_R,unit,top_units,top_units_rank,dataset,_model,seed,step,add_special_tokens,zscore,take_activation_from,distance_metric,layer,min_max,conditional,Method
sentence_GROUP,0.09833551028178839,0.00013366051958457926,0.0,0.061864369011938036,0.00962673184315221,0.83706103915232,0.9149288946667253,408,2,R2,short_sentence,bert-base-uncased,0,,True,False,first-token,euclidean,3,True,False,Multivariate
subj_TYPE,0.0,0.0,1.0,0.061864369011938036,0.00962673184315221,0.83706103915232,0.9149288946667253,408,2,R2,short_sentence,bert-base-uncased,0,,True,False,first-token,euclidean,3,True,False,Multivariate
subj_ANIM,0.0002693470786922448,6.19710755737052e-06,0.0,0.061864369011938036,0.00962673184315221,0.83706103915232,0.9149288946667253,408,2,R2,short_sentence,bert-base-uncased,0,,True,False,first-token,euclidean,3,True,False,Multivariate
subj_GEN,2.1687698600913362e-05,1.7148353995710159e-06,5.8038835307558826e-37,0.061864369011938036,0.00962673184315221,0.83706103915232,0.9149288946667253,408,2,R2,short_sentence,bert-base-uncased,0,,True,False,first-token,euclidean,3,True,False,Multivariate
subj_NUM,2.1409504576499643e-05,1.745501856731832e-06,6.935127643665934e-35,0.061864369011938036,0.00962673184315221,0.83706103915232,0.9149288946667253,408,2,R2,short_sentence,bert-base-uncased,0,,True,False,first-token,euclidean,3,True,False,Multivariate
subj_PERS,0.0,0.0,1.0,0.061864369011938036,0.00962673184315221,0.83706103915232,0.9149288946667253,408,2,R2,short_sentence,bert-base-uncased,0,,True,False,first-token,euclidean,3,True,False,Multivariate
subj_ZIPF,0.0,0.0,1.0,0.061864369011938036,0.00962673184315221,0.83706103915232,0.9149288946667253,408,2,R2,short_sentence,bert-base-uncased,0,,True,False,first-token,euclidean,3,True,False,Multivariate
sentence_TENSE,2.7611862747555033e-06,6.483546211755636e-07,1.0278233427845718e-05,0.061864369011938036,0.00962673184315221,0.83706103915232,0.9149288946667253,408,2,R2,short_sentence,bert-base-uncased,0,,True,False,first-token,euclidean,3,True,False,Multivariate
verb_ZIPF,0.0,0.0,1.0,0.061864369011938036,0.00962673184315221,0.83706103915232,0.9149288946667253,408,2,R2,short_sentence,bert-base-uncased,0,,True,False,first-token,euclidean,3,True,False,Multivariate
