Feature,importance,std,pval,score_MAE,score_MSE,score_R2,score_R,unit,top_units,top_units_rank,dataset,_model,seed,step,add_special_tokens,zscore,take_activation_from,distance_metric,layer,min_max,conditional,Method
sentence_GROUP,0.0957650753099425,0.00010660130100764286,0.0,0.048274046901240555,0.005945198738845102,0.8898541331994668,0.9433391035234976,184,6,R2,short_sentence,bert-base-uncased,0,,True,False,first-token,euclidean,3,True,False,Multivariate
subj_TYPE,0.0,0.0,1.0,0.048274046901240555,0.005945198738845102,0.8898541331994668,0.9433391035234976,184,6,R2,short_sentence,bert-base-uncased,0,,True,False,first-token,euclidean,3,True,False,Multivariate
subj_ANIM,8.481096913664101e-05,2.8100769459456806e-06,2.1022246517762297e-200,0.048274046901240555,0.005945198738845102,0.8898541331994668,0.9433391035234976,184,6,R2,short_sentence,bert-base-uncased,0,,True,False,first-token,euclidean,3,True,False,Multivariate
subj_GEN,0.0,0.0,1.0,0.048274046901240555,0.005945198738845102,0.8898541331994668,0.9433391035234976,184,6,R2,short_sentence,bert-base-uncased,0,,True,False,first-token,euclidean,3,True,False,Multivariate
subj_NUM,5.101871384092627e-06,6.686921945934505e-07,1.1771782094430794e-14,0.048274046901240555,0.005945198738845102,0.8898541331994668,0.9433391035234976,184,6,R2,short_sentence,bert-base-uncased,0,,True,False,first-token,euclidean,3,True,False,Multivariate
subj_PERS,0.0,0.0,1.0,0.048274046901240555,0.005945198738845102,0.8898541331994668,0.9433391035234976,184,6,R2,short_sentence,bert-base-uncased,0,,True,False,first-token,euclidean,3,True,False,Multivariate
subj_ZIPF,1.2603247226915944e-05,9.54739693627475e-07,4.345273254646369e-40,0.048274046901240555,0.005945198738845102,0.8898541331994668,0.9433391035234976,184,6,R2,short_sentence,bert-base-uncased,0,,True,False,first-token,euclidean,3,True,False,Multivariate
sentence_TENSE,8.709608813526242e-07,2.8148272095056025e-07,0.000986756923200585,0.048274046901240555,0.005945198738845102,0.8898541331994668,0.9433391035234976,184,6,R2,short_sentence,bert-base-uncased,0,,True,False,first-token,euclidean,3,True,False,Multivariate
verb_ZIPF,0.0,0.0,1.0,0.048274046901240555,0.005945198738845102,0.8898541331994668,0.9433391035234976,184,6,R2,short_sentence,bert-base-uncased,0,,True,False,first-token,euclidean,3,True,False,Multivariate
