Feature,importance,std,pval,score_MAE,score_MSE,score_R2,score_R,unit,top_units,top_units_rank,dataset,_model,seed,step,add_special_tokens,zscore,take_activation_from,distance_metric,layer,min_max,conditional,Method
sentence_GROUP,0.03098608284125994,5.7782238597334425e-05,0.0,0.05583880535009628,0.006376104786199948,0.7556745514747703,0.8693036315781315,734,479,R2,short_sentence,bert-base-uncased,0,,True,False,first-token,euclidean,3,True,False,Multivariate
subj_TYPE,0.008306210989852944,2.9097267090443498e-05,0.0,0.05583880535009628,0.006376104786199948,0.7556745514747703,0.8693036315781315,734,479,R2,short_sentence,bert-base-uncased,0,,True,False,first-token,euclidean,3,True,False,Multivariate
subj_ANIM,0.0002570470252029083,5.2257043105344214e-06,0.0,0.05583880535009628,0.006376104786199948,0.7556745514747703,0.8693036315781315,734,479,R2,short_sentence,bert-base-uncased,0,,True,False,first-token,euclidean,3,True,False,Multivariate
subj_GEN,3.703002255083304e-05,1.7554858800914374e-06,4.525426349915614e-99,0.05583880535009628,0.006376104786199948,0.7556745514747703,0.8693036315781315,734,479,R2,short_sentence,bert-base-uncased,0,,True,False,first-token,euclidean,3,True,False,Multivariate
subj_NUM,2.5412188632770868e-06,4.6248364788215616e-07,1.956636924089787e-08,0.05583880535009628,0.006376104786199948,0.7556745514747703,0.8693036315781315,734,479,R2,short_sentence,bert-base-uncased,0,,True,False,first-token,euclidean,3,True,False,Multivariate
subj_PERS,0.0,0.0,1.0,0.05583880535009628,0.006376104786199948,0.7556745514747703,0.8693036315781315,734,479,R2,short_sentence,bert-base-uncased,0,,True,False,first-token,euclidean,3,True,False,Multivariate
subj_ZIPF,1.2674377819586372e-06,3.0301244193094853e-07,1.4397590316560262e-05,0.05583880535009628,0.006376104786199948,0.7556745514747703,0.8693036315781315,734,479,R2,short_sentence,bert-base-uncased,0,,True,False,first-token,euclidean,3,True,False,Multivariate
sentence_TENSE,1.4826222320047302e-05,1.1907453172242616e-06,6.886878733798024e-36,0.05583880535009628,0.006376104786199948,0.7556745514747703,0.8693036315781315,734,479,R2,short_sentence,bert-base-uncased,0,,True,False,first-token,euclidean,3,True,False,Multivariate
verb_ZIPF,0.00017519768864096504,3.845539276691534e-06,0.0,0.05583880535009628,0.006376104786199948,0.7556745514747703,0.8693036315781315,734,479,R2,short_sentence,bert-base-uncased,0,,True,False,first-token,euclidean,3,True,False,Multivariate
