Feature,importance,std,pval,score_MAE,score_MSE,score_R2,score_R,unit,top_units,top_units_rank,dataset,_model,seed,step,add_special_tokens,zscore,take_activation_from,distance_metric,layer,min_max,conditional,Method
sentence_GROUP,0.07408379581592613,9.035713067921645e-05,0.0,0.05108330589025899,0.005722901520305176,0.8690944757194938,0.9322614925454575,611,45,R2,short_sentence,bert-base-uncased,0,,True,False,first-token,euclidean,3,True,False,Multivariate
subj_TYPE,0.001626432002034885,1.1915279546274037e-05,0.0,0.05108330589025899,0.005722901520305176,0.8690944757194938,0.9322614925454575,611,45,R2,short_sentence,bert-base-uncased,0,,True,False,first-token,euclidean,3,True,False,Multivariate
subj_ANIM,7.560637195297307e-05,2.746547758835623e-06,4.082991424817732e-167,0.05108330589025899,0.005722901520305176,0.8690944757194938,0.9322614925454575,611,45,R2,short_sentence,bert-base-uncased,0,,True,False,first-token,euclidean,3,True,False,Multivariate
subj_GEN,0.0,0.0,1.0,0.05108330589025899,0.005722901520305176,0.8690944757194938,0.9322614925454575,611,45,R2,short_sentence,bert-base-uncased,0,,True,False,first-token,euclidean,3,True,False,Multivariate
subj_NUM,0.0,0.0,1.0,0.05108330589025899,0.005722901520305176,0.8690944757194938,0.9322614925454575,611,45,R2,short_sentence,bert-base-uncased,0,,True,False,first-token,euclidean,3,True,False,Multivariate
subj_PERS,0.0,0.0,1.0,0.05108330589025899,0.005722901520305176,0.8690944757194938,0.9322614925454575,611,45,R2,short_sentence,bert-base-uncased,0,,True,False,first-token,euclidean,3,True,False,Multivariate
subj_ZIPF,5.732455390122871e-06,6.408056916278959e-07,1.8480009006880283e-19,0.05108330589025899,0.005722901520305176,0.8690944757194938,0.9322614925454575,611,45,R2,short_sentence,bert-base-uncased,0,,True,False,first-token,euclidean,3,True,False,Multivariate
sentence_TENSE,3.7782264686347516e-06,5.617017681989335e-07,8.696061324366417e-12,0.05108330589025899,0.005722901520305176,0.8690944757194938,0.9322614925454575,611,45,R2,short_sentence,bert-base-uncased,0,,True,False,first-token,euclidean,3,True,False,Multivariate
verb_ZIPF,9.117519289128756e-06,8.596937550609745e-07,1.4041360407013039e-26,0.05108330589025899,0.005722901520305176,0.8690944757194938,0.9322614925454575,611,45,R2,short_sentence,bert-base-uncased,0,,True,False,first-token,euclidean,3,True,False,Multivariate
