Feature,importance,std,pval,score_MAE,score_MSE,score_R2,score_R,unit,top_units,top_units_rank,dataset,_model,seed,step,add_special_tokens,zscore,take_activation_from,distance_metric,layer,min_max,conditional,Method
sentence_GROUP,0.07480855064378471,8.894964546330432e-05,0.0,0.04943308881313713,0.005446850852162747,0.8753917317504951,0.9356326472553325,120,36,R2,short_sentence,bert-base-uncased,0,,True,False,first-token,euclidean,3,True,False,Multivariate
subj_TYPE,0.0014407110304358718,1.0942923852433925e-05,0.0,0.04943308881313713,0.005446850852162747,0.8753917317504951,0.9356326472553325,120,36,R2,short_sentence,bert-base-uncased,0,,True,False,first-token,euclidean,3,True,False,Multivariate
subj_ANIM,9.713647628580957e-05,3.018234988720127e-06,1.5160647312604383e-227,0.04943308881313713,0.005446850852162747,0.8753917317504951,0.9356326472553325,120,36,R2,short_sentence,bert-base-uncased,0,,True,False,first-token,euclidean,3,True,False,Multivariate
subj_GEN,0.0,0.0,1.0,0.04943308881313713,0.005446850852162747,0.8753917317504951,0.9356326472553325,120,36,R2,short_sentence,bert-base-uncased,0,,True,False,first-token,euclidean,3,True,False,Multivariate
subj_NUM,0.0,0.0,1.0,0.04943308881313713,0.005446850852162747,0.8753917317504951,0.9356326472553325,120,36,R2,short_sentence,bert-base-uncased,0,,True,False,first-token,euclidean,3,True,False,Multivariate
subj_PERS,0.0,0.0,1.0,0.04943308881313713,0.005446850852162747,0.8753917317504951,0.9356326472553325,120,36,R2,short_sentence,bert-base-uncased,0,,True,False,first-token,euclidean,3,True,False,Multivariate
subj_ZIPF,1.0549998804943903e-06,2.705954865170817e-07,4.833366828474331e-05,0.04943308881313713,0.005446850852162747,0.8753917317504951,0.9356326472553325,120,36,R2,short_sentence,bert-base-uncased,0,,True,False,first-token,euclidean,3,True,False,Multivariate
sentence_TENSE,3.451745899154886e-06,5.272122979358423e-07,2.931978480517563e-11,0.04943308881313713,0.005446850852162747,0.8753917317504951,0.9356326472553325,120,36,R2,short_sentence,bert-base-uncased,0,,True,False,first-token,euclidean,3,True,False,Multivariate
verb_ZIPF,7.278523176950058e-06,7.513068694444303e-07,1.6985654840192337e-22,0.04943308881313713,0.005446850852162747,0.8753917317504951,0.9356326472553325,120,36,R2,short_sentence,bert-base-uncased,0,,True,False,first-token,euclidean,3,True,False,Multivariate
