Feature,importance,std,pval,score_MAE,score_MSE,score_R2,score_R,unit,top_units,top_units_rank,dataset,_model,seed,step,add_special_tokens,zscore,take_activation_from,distance_metric,layer,min_max,conditional,Method
sentence_GROUP,0.07647966231055275,9.163359401220483e-05,0.0,0.050131090119117414,0.005653272359158823,0.8732226469171753,0.934464043093912,306,22,R2,short_sentence,bert-base-uncased,0,,True,False,first-token,euclidean,3,True,False,Multivariate
subj_TYPE,0.0012662644614803524,1.0484055309218756e-05,0.0,0.050131090119117414,0.005653272359158823,0.8732226469171753,0.934464043093912,306,22,R2,short_sentence,bert-base-uncased,0,,True,False,first-token,euclidean,3,True,False,Multivariate
subj_ANIM,0.00013849157197064232,3.6870685178827043e-06,4.58411769496868e-309,0.050131090119117414,0.005653272359158823,0.8732226469171753,0.934464043093912,306,22,R2,short_sentence,bert-base-uncased,0,,True,False,first-token,euclidean,3,True,False,Multivariate
subj_GEN,0.0,0.0,1.0,0.050131090119117414,0.005653272359158823,0.8732226469171753,0.934464043093912,306,22,R2,short_sentence,bert-base-uncased,0,,True,False,first-token,euclidean,3,True,False,Multivariate
subj_NUM,0.0,0.0,1.0,0.050131090119117414,0.005653272359158823,0.8732226469171753,0.934464043093912,306,22,R2,short_sentence,bert-base-uncased,0,,True,False,first-token,euclidean,3,True,False,Multivariate
subj_PERS,0.0,0.0,1.0,0.050131090119117414,0.005653272359158823,0.8732226469171753,0.934464043093912,306,22,R2,short_sentence,bert-base-uncased,0,,True,False,first-token,euclidean,3,True,False,Multivariate
subj_ZIPF,2.1987100011623984e-07,1.2861680723009288e-07,0.04367877707759259,0.050131090119117414,0.005653272359158823,0.8732226469171753,0.934464043093912,306,22,R2,short_sentence,bert-base-uncased,0,,True,False,first-token,euclidean,3,True,False,Multivariate
sentence_TENSE,3.7380202886920115e-06,5.603958981930357e-07,1.2762263110678951e-11,0.050131090119117414,0.005653272359158823,0.8732226469171753,0.934464043093912,306,22,R2,short_sentence,bert-base-uncased,0,,True,False,first-token,euclidean,3,True,False,Multivariate
verb_ZIPF,4.343917738630271e-06,5.916520263908425e-07,1.0520132099464811e-13,0.050131090119117414,0.005653272359158823,0.8732226469171753,0.934464043093912,306,22,R2,short_sentence,bert-base-uncased,0,,True,False,first-token,euclidean,3,True,False,Multivariate
