Feature,importance,std,pval,score_MAE,score_MSE,score_R2,score_R,unit,top_units,top_units_rank,dataset,_model,seed,step,add_special_tokens,zscore,take_activation_from,distance_metric,layer,min_max,conditional,Method
sentence_GROUP,0.06871430389221213,8.671190925610395e-05,0.0,0.0509555138965444,0.0057469397145840165,0.8606569436988512,0.9277249152409428,152,57,R2,short_sentence,bert-base-uncased,0,,True,False,first-token,euclidean,3,True,False,Multivariate
subj_TYPE,0.001973288919233641,1.3177035957793427e-05,0.0,0.0509555138965444,0.0057469397145840165,0.8606569436988512,0.9277249152409428,152,57,R2,short_sentence,bert-base-uncased,0,,True,False,first-token,euclidean,3,True,False,Multivariate
subj_ANIM,0.00012522099375247844,3.589502681998946e-06,6.203979570135979e-267,0.0509555138965444,0.0057469397145840165,0.8606569436988512,0.9277249152409428,152,57,R2,short_sentence,bert-base-uncased,0,,True,False,first-token,euclidean,3,True,False,Multivariate
subj_GEN,0.0,0.0,1.0,0.0509555138965444,0.0057469397145840165,0.8606569436988512,0.9277249152409428,152,57,R2,short_sentence,bert-base-uncased,0,,True,False,first-token,euclidean,3,True,False,Multivariate
subj_NUM,0.0,0.0,1.0,0.0509555138965444,0.0057469397145840165,0.8606569436988512,0.9277249152409428,152,57,R2,short_sentence,bert-base-uncased,0,,True,False,first-token,euclidean,3,True,False,Multivariate
subj_PERS,0.0,0.0,1.0,0.0509555138965444,0.0057469397145840165,0.8606569436988512,0.9277249152409428,152,57,R2,short_sentence,bert-base-uncased,0,,True,False,first-token,euclidean,3,True,False,Multivariate
subj_ZIPF,3.3698739121913506e-06,4.912396272021849e-07,3.444496183070905e-12,0.0509555138965444,0.0057469397145840165,0.8606569436988512,0.9277249152409428,152,57,R2,short_sentence,bert-base-uncased,0,,True,False,first-token,euclidean,3,True,False,Multivariate
sentence_TENSE,5.290458649377535e-06,6.655010216669043e-07,9.35667319766317e-16,0.0509555138965444,0.0057469397145840165,0.8606569436988512,0.9277249152409428,152,57,R2,short_sentence,bert-base-uncased,0,,True,False,first-token,euclidean,3,True,False,Multivariate
verb_ZIPF,1.1943718698558368e-05,9.841198461227e-07,3.3851112208640443e-34,0.0509555138965444,0.0057469397145840165,0.8606569436988512,0.9277249152409428,152,57,R2,short_sentence,bert-base-uncased,0,,True,False,first-token,euclidean,3,True,False,Multivariate
