Feature,importance,std,pval,score_MAE,score_MSE,score_R2,score_R,unit,top_units,top_units_rank,dataset,_model,seed,step,add_special_tokens,zscore,take_activation_from,distance_metric,layer,min_max,conditional,Method
sentence_GROUP,0.05744732881667136,7.900388891583528e-05,0.0,0.05345721170187162,0.0058719197594067065,0.8397134969063917,0.9163656429288569,618,92,R2,short_sentence,bert-base-uncased,0,,True,False,first-token,euclidean,3,True,False,Multivariate
subj_TYPE,0.003959248771156121,1.899139972844275e-05,0.0,0.05345721170187162,0.0058719197594067065,0.8397134969063917,0.9163656429288569,618,92,R2,short_sentence,bert-base-uncased,0,,True,False,first-token,euclidean,3,True,False,Multivariate
subj_ANIM,0.0001125078182397366,3.3568736410123197e-06,1.4255166432768977e-246,0.05345721170187162,0.0058719197594067065,0.8397134969063917,0.9163656429288569,618,92,R2,short_sentence,bert-base-uncased,0,,True,False,first-token,euclidean,3,True,False,Multivariate
subj_GEN,5.658024273226911e-06,6.769287770277117e-07,3.1794138402322636e-17,0.05345721170187162,0.0058719197594067065,0.8397134969063917,0.9163656429288569,618,92,R2,short_sentence,bert-base-uncased,0,,True,False,first-token,euclidean,3,True,False,Multivariate
subj_NUM,4.385732882307606e-09,5.09209565028277e-08,0.4656822333226528,0.05345721170187162,0.0058719197594067065,0.8397134969063917,0.9163656429288569,618,92,R2,short_sentence,bert-base-uncased,0,,True,False,first-token,euclidean,3,True,False,Multivariate
subj_PERS,0.0,0.0,1.0,0.05345721170187162,0.0058719197594067065,0.8397134969063917,0.9163656429288569,618,92,R2,short_sentence,bert-base-uncased,0,,True,False,first-token,euclidean,3,True,False,Multivariate
subj_ZIPF,3.7471171074795636e-07,1.57118180682494e-07,0.008541799237948228,0.05345721170187162,0.0058719197594067065,0.8397134969063917,0.9163656429288569,618,92,R2,short_sentence,bert-base-uncased,0,,True,False,first-token,euclidean,3,True,False,Multivariate
sentence_TENSE,4.232981324225346e-06,5.962841553376708e-07,6.286182536802471e-13,0.05345721170187162,0.0058719197594067065,0.8397134969063917,0.9163656429288569,618,92,R2,short_sentence,bert-base-uncased,0,,True,False,first-token,euclidean,3,True,False,Multivariate
verb_ZIPF,2.1385011533238546e-05,1.3261379447188535e-06,8.405860432397228e-59,0.05345721170187162,0.0058719197594067065,0.8397134969063917,0.9163656429288569,618,92,R2,short_sentence,bert-base-uncased,0,,True,False,first-token,euclidean,3,True,False,Multivariate
