Feature,importance,std,pval,score_MAE,score_MSE,score_R2,score_R,unit,top_units,top_units_rank,dataset,_model,seed,step,add_special_tokens,zscore,take_activation_from,distance_metric,layer,min_max,conditional,Method
sentence_GROUP,0.04220188595210351,6.850735207365656e-05,0.0,0.05619170561999105,0.006298778592139357,0.7959478210271219,0.8921641448202671,254,187,R2,short_sentence,bert-base-uncased,0,,True,False,first-token,euclidean,3,True,False,Multivariate
subj_TYPE,0.0069424460645478745,2.627382848321965e-05,0.0,0.05619170561999105,0.006298778592139357,0.7959478210271219,0.8921641448202671,254,187,R2,short_sentence,bert-base-uncased,0,,True,False,first-token,euclidean,3,True,False,Multivariate
subj_ANIM,0.00017192761975868073,4.281838262471039e-06,0.0,0.05619170561999105,0.006298778592139357,0.7959478210271219,0.8921641448202671,254,187,R2,short_sentence,bert-base-uncased,0,,True,False,first-token,euclidean,3,True,False,Multivariate
subj_GEN,2.7940591114945563e-05,1.5320615478501245e-06,1.3063595209795903e-74,0.05619170561999105,0.006298778592139357,0.7959478210271219,0.8921641448202671,254,187,R2,short_sentence,bert-base-uncased,0,,True,False,first-token,euclidean,3,True,False,Multivariate
subj_NUM,1.1516160731471456e-06,3.054974868828809e-07,8.174102806838818e-05,0.05619170561999105,0.006298778592139357,0.7959478210271219,0.8921641448202671,254,187,R2,short_sentence,bert-base-uncased,0,,True,False,first-token,euclidean,3,True,False,Multivariate
subj_PERS,0.0,0.0,1.0,0.05619170561999105,0.006298778592139357,0.7959478210271219,0.8921641448202671,254,187,R2,short_sentence,bert-base-uncased,0,,True,False,first-token,euclidean,3,True,False,Multivariate
subj_ZIPF,0.0,0.0,1.0,0.05619170561999105,0.006298778592139357,0.7959478210271219,0.8921641448202671,254,187,R2,short_sentence,bert-base-uncased,0,,True,False,first-token,euclidean,3,True,False,Multivariate
sentence_TENSE,5.530157948083395e-06,7.172291579050719e-07,6.268853807700189e-15,0.05619170561999105,0.006298778592139357,0.7959478210271219,0.8921641448202671,254,187,R2,short_sentence,bert-base-uncased,0,,True,False,first-token,euclidean,3,True,False,Multivariate
verb_ZIPF,5.1968838410309556e-05,2.1352711072109947e-06,3.8570386021362965e-131,0.05619170561999105,0.006298778592139357,0.7959478210271219,0.8921641448202671,254,187,R2,short_sentence,bert-base-uncased,0,,True,False,first-token,euclidean,3,True,False,Multivariate
