Feature,importance,std,pval,score_MAE,score_MSE,score_R2,score_R,unit,top_units,top_units_rank,dataset,_model,seed,step,add_special_tokens,zscore,take_activation_from,distance_metric,layer,min_max,conditional,Method
sentence_GROUP,0.052917658820116474,7.550769988203772e-05,0.0,0.054104178733878405,0.0058989080254964465,0.8306612173720276,0.9114122229883044,509,117,R2,short_sentence,bert-base-uncased,0,,True,False,first-token,euclidean,3,True,False,Multivariate
subj_TYPE,0.00487669651711335,2.117401624520593e-05,0.0,0.054104178733878405,0.0058989080254964465,0.8306612173720276,0.9114122229883044,509,117,R2,short_sentence,bert-base-uncased,0,,True,False,first-token,euclidean,3,True,False,Multivariate
subj_ANIM,0.0001532032023488455,3.9315031972549646e-06,0.0,0.054104178733878405,0.0058989080254964465,0.8306612173720276,0.9114122229883044,509,117,R2,short_sentence,bert-base-uncased,0,,True,False,first-token,euclidean,3,True,False,Multivariate
subj_GEN,1.176226789508899e-05,9.804907573572275e-07,1.8575359981648686e-33,0.054104178733878405,0.0058989080254964465,0.8306612173720276,0.9114122229883044,509,117,R2,short_sentence,bert-base-uncased,0,,True,False,first-token,euclidean,3,True,False,Multivariate
subj_NUM,6.098352051307778e-08,6.962020740246125e-08,0.1905297799994965,0.054104178733878405,0.0058989080254964465,0.8306612173720276,0.9114122229883044,509,117,R2,short_sentence,bert-base-uncased,0,,True,False,first-token,euclidean,3,True,False,Multivariate
subj_PERS,0.0,0.0,1.0,0.054104178733878405,0.0058989080254964465,0.8306612173720276,0.9114122229883044,509,117,R2,short_sentence,bert-base-uncased,0,,True,False,first-token,euclidean,3,True,False,Multivariate
subj_ZIPF,-1.0838796052608028e-08,2.103127682514865e-08,0.6968512078419674,0.054104178733878405,0.0058989080254964465,0.8306612173720276,0.9114122229883044,509,117,R2,short_sentence,bert-base-uncased,0,,True,False,first-token,euclidean,3,True,False,Multivariate
sentence_TENSE,4.886965164413233e-06,6.502264445157556e-07,2.8284228094940896e-14,0.054104178733878405,0.0058989080254964465,0.8306612173720276,0.9114122229883044,509,117,R2,short_sentence,bert-base-uncased,0,,True,False,first-token,euclidean,3,True,False,Multivariate
verb_ZIPF,2.4937408875803673e-05,1.4472746999774126e-06,7.826207449805748e-67,0.054104178733878405,0.0058989080254964465,0.8306612173720276,0.9114122229883044,509,117,R2,short_sentence,bert-base-uncased,0,,True,False,first-token,euclidean,3,True,False,Multivariate
