Feature,importance,std,pval,score_MAE,score_MSE,score_R2,score_R,unit,top_units,top_units_rank,dataset,_model,seed,step,add_special_tokens,zscore,take_activation_from,distance_metric,layer,min_max,conditional,Method
sentence_GROUP,0.037882686090671754,6.422175254811292e-05,0.0,0.055928133729967744,0.006244850508299855,0.7846885533320511,0.8858321678552485,128,236,R2,short_sentence,bert-base-uncased,0,,True,False,first-token,euclidean,3,True,False,Multivariate
subj_TYPE,0.007663825355060512,2.7554991523218955e-05,0.0,0.055928133729967744,0.006244850508299855,0.7846885533320511,0.8858321678552485,128,236,R2,short_sentence,bert-base-uncased,0,,True,False,first-token,euclidean,3,True,False,Multivariate
subj_ANIM,0.00017246129899725268,4.285674961072723e-06,0.0,0.055928133729967744,0.006244850508299855,0.7846885533320511,0.8858321678552485,128,236,R2,short_sentence,bert-base-uncased,0,,True,False,first-token,euclidean,3,True,False,Multivariate
subj_GEN,3.174445356074291e-05,1.6096401856473983e-06,7.054897716168183e-87,0.055928133729967744,0.006244850508299855,0.7846885533320511,0.8858321678552485,128,236,R2,short_sentence,bert-base-uncased,0,,True,False,first-token,euclidean,3,True,False,Multivariate
subj_NUM,1.4385258398406348e-06,3.407437846501868e-07,1.212210199363213e-05,0.055928133729967744,0.006244850508299855,0.7846885533320511,0.8858321678552485,128,236,R2,short_sentence,bert-base-uncased,0,,True,False,first-token,euclidean,3,True,False,Multivariate
subj_PERS,0.0,0.0,1.0,0.055928133729967744,0.006244850508299855,0.7846885533320511,0.8858321678552485,128,236,R2,short_sentence,bert-base-uncased,0,,True,False,first-token,euclidean,3,True,False,Multivariate
subj_ZIPF,0.0,0.0,1.0,0.055928133729967744,0.006244850508299855,0.7846885533320511,0.8858321678552485,128,236,R2,short_sentence,bert-base-uncased,0,,True,False,first-token,euclidean,3,True,False,Multivariate
sentence_TENSE,6.613268310036521e-06,7.838222341116873e-07,1.6250905991001467e-17,0.055928133729967744,0.006244850508299855,0.7846885533320511,0.8858321678552485,128,236,R2,short_sentence,bert-base-uncased,0,,True,False,first-token,euclidean,3,True,False,Multivariate
verb_ZIPF,6.419680425734462e-05,2.366121312786662e-06,2.0839049989318291e-162,0.055928133729967744,0.006244850508299855,0.7846885533320511,0.8858321678552485,128,236,R2,short_sentence,bert-base-uncased,0,,True,False,first-token,euclidean,3,True,False,Multivariate
