Feature,importance,std,pval,score_MAE,score_MSE,score_R2,score_R,unit,top_units,top_units_rank,dataset,_model,seed,step,add_special_tokens,zscore,take_activation_from,distance_metric,layer,min_max,conditional,Method
sentence_GROUP,0.06134321317312701,8.155369828846824e-05,0.0,0.05219502415298108,0.005793895585358735,0.8480391121992721,0.9208983053545234,423,73,R2,short_sentence,bert-base-uncased,0,,True,False,first-token,euclidean,3,True,False,Multivariate
subj_TYPE,0.003144437000778458,1.676505330290148e-05,0.0,0.05219502415298108,0.005793895585358735,0.8480391121992721,0.9208983053545234,423,73,R2,short_sentence,bert-base-uncased,0,,True,False,first-token,euclidean,3,True,False,Multivariate
subj_ANIM,0.00011481826268601103,3.3992053425738327e-06,2.0770674971596765e-250,0.05219502415298108,0.005793895585358735,0.8480391121992721,0.9208983053545234,423,73,R2,short_sentence,bert-base-uncased,0,,True,False,first-token,euclidean,3,True,False,Multivariate
subj_GEN,2.6370497914681867e-06,4.607010252306622e-07,5.202428795355859e-09,0.05219502415298108,0.005793895585358735,0.8480391121992721,0.9208983053545234,423,73,R2,short_sentence,bert-base-uncased,0,,True,False,first-token,euclidean,3,True,False,Multivariate
subj_NUM,0.0,0.0,1.0,0.05219502415298108,0.005793895585358735,0.8480391121992721,0.9208983053545234,423,73,R2,short_sentence,bert-base-uncased,0,,True,False,first-token,euclidean,3,True,False,Multivariate
subj_PERS,0.0,0.0,1.0,0.05219502415298108,0.005793895585358735,0.8480391121992721,0.9208983053545234,423,73,R2,short_sentence,bert-base-uncased,0,,True,False,first-token,euclidean,3,True,False,Multivariate
subj_ZIPF,1.0935800493170126e-06,2.7492773845620225e-07,3.4792552233447794e-05,0.05219502415298108,0.005793895585358735,0.8480391121992721,0.9208983053545234,423,73,R2,short_sentence,bert-base-uncased,0,,True,False,first-token,euclidean,3,True,False,Multivariate
sentence_TENSE,4.2447144605437305e-06,5.947860678669623e-07,4.785479296698833e-13,0.05219502415298108,0.005793895585358735,0.8480391121992721,0.9208983053545234,423,73,R2,short_sentence,bert-base-uncased,0,,True,False,first-token,euclidean,3,True,False,Multivariate
verb_ZIPF,1.5162637995387355e-05,1.1118774057215746e-06,1.2069287044685966e-42,0.05219502415298108,0.005793895585358735,0.8480391121992721,0.9208983053545234,423,73,R2,short_sentence,bert-base-uncased,0,,True,False,first-token,euclidean,3,True,False,Multivariate
