Feature,importance,std,pval,score_MAE,score_MSE,score_R2,score_R,unit,top_units,top_units_rank,dataset,_model,seed,step,add_special_tokens,zscore,take_activation_from,distance_metric,layer,min_max,conditional,Method
sentence_GROUP,0.0841903233612822,9.982702056229724e-05,0.0,0.048438476015985985,0.0060531751676348436,0.875163402931408,0.9355203737834126,308,11,R2,short_sentence,bert-base-uncased,0,,True,False,first-token,euclidean,3,True,False,Multivariate
subj_TYPE,0.00028039807773106703,5.090801293623545e-06,0.0,0.048438476015985985,0.0060531751676348436,0.875163402931408,0.9355203737834126,308,11,R2,short_sentence,bert-base-uncased,0,,True,False,first-token,euclidean,3,True,False,Multivariate
subj_ANIM,7.864429432970128e-05,2.8189859756451046e-06,1.407561974760145e-171,0.048438476015985985,0.0060531751676348436,0.875163402931408,0.9355203737834126,308,11,R2,short_sentence,bert-base-uncased,0,,True,False,first-token,euclidean,3,True,False,Multivariate
subj_GEN,0.0,0.0,1.0,0.048438476015985985,0.0060531751676348436,0.875163402931408,0.9355203737834126,308,11,R2,short_sentence,bert-base-uncased,0,,True,False,first-token,euclidean,3,True,False,Multivariate
subj_NUM,0.0,0.0,1.0,0.048438476015985985,0.0060531751676348436,0.875163402931408,0.9355203737834126,308,11,R2,short_sentence,bert-base-uncased,0,,True,False,first-token,euclidean,3,True,False,Multivariate
subj_PERS,0.0,0.0,1.0,0.048438476015985985,0.0060531751676348436,0.875163402931408,0.9355203737834126,308,11,R2,short_sentence,bert-base-uncased,0,,True,False,first-token,euclidean,3,True,False,Multivariate
subj_ZIPF,1.156626818402673e-05,9.65007490203014e-07,2.1118945433693075e-33,0.048438476015985985,0.0060531751676348436,0.875163402931408,0.9355203737834126,308,11,R2,short_sentence,bert-base-uncased,0,,True,False,first-token,euclidean,3,True,False,Multivariate
sentence_TENSE,3.52795660421397e-06,5.611585638130191e-07,1.6191751665145672e-10,0.048438476015985985,0.0060531751676348436,0.875163402931408,0.9355203737834126,308,11,R2,short_sentence,bert-base-uncased,0,,True,False,first-token,euclidean,3,True,False,Multivariate
verb_ZIPF,0.0,0.0,1.0,0.048438476015985985,0.0060531751676348436,0.875163402931408,0.9355203737834126,308,11,R2,short_sentence,bert-base-uncased,0,,True,False,first-token,euclidean,3,True,False,Multivariate
