Feature,importance,std,pval,score_MAE,score_MSE,score_R2,score_R,dataset,_model,seed,step,add_special_tokens,zscore,take_activation_from,distance_metric,layer,min_max,conditional,Method
sentence_GROUP,0.028356983897713153,6.218129435206237e-05,0.0,0.0651756091086958,0.008455946377328546,0.6924852241831823,0.8321692883032815,short_sentence,bert-base-uncased,0,,True,False,first-token,euclidean,3,True,False,Multivariate
subj_TYPE,0.00920352054053099,3.529991618670289e-05,0.0,0.0651756091086958,0.008455946377328546,0.6924852241831823,0.8321692883032815,short_sentence,bert-base-uncased,0,,True,False,first-token,euclidean,3,True,False,Multivariate
subj_ANIM,0.0003180630333904897,6.392002364184908e-06,0.0,0.0651756091086958,0.008455946377328546,0.6924852241831823,0.8321692883032815,short_sentence,bert-base-uncased,0,,True,False,first-token,euclidean,3,True,False,Multivariate
subj_GEN,5.206283600242886e-05,2.470565219957515e-06,6.999443629922819e-99,0.0651756091086958,0.008455946377328546,0.6924852241831823,0.8321692883032815,short_sentence,bert-base-uncased,0,,True,False,first-token,euclidean,3,True,False,Multivariate
subj_NUM,3.7857832255874934e-06,6.585580528338833e-07,4.499416286100874e-09,0.0651756091086958,0.008455946377328546,0.6924852241831823,0.8321692883032815,short_sentence,bert-base-uncased,0,,True,False,first-token,euclidean,3,True,False,Multivariate
subj_PERS,-2.7706830729198403e-23,4.69781140793421e-23,0.7223314845345337,0.0651756091086958,0.008455946377328546,0.6924852241831823,0.8321692883032815,short_sentence,bert-base-uncased,0,,True,False,first-token,euclidean,3,True,False,Multivariate
subj_ZIPF,5.069422104448422e-06,6.963817443304324e-07,1.673316704183174e-13,0.0651756091086958,0.008455946377328546,0.6924852241831823,0.8321692883032815,short_sentence,bert-base-uncased,0,,True,False,first-token,euclidean,3,True,False,Multivariate
sentence_TENSE,2.7341268179742063e-05,1.8605332560720933e-06,3.44982946451159e-49,0.0651756091086958,0.008455946377328546,0.6924852241831823,0.8321692883032815,short_sentence,bert-base-uncased,0,,True,False,first-token,euclidean,3,True,False,Multivariate
verb_ZIPF,0.0004994534889411057,7.145555455816012e-06,0.0,0.0651756091086958,0.008455946377328546,0.6924852241831823,0.8321692883032815,short_sentence,bert-base-uncased,0,,True,False,first-token,euclidean,3,True,False,Multivariate
