Feature,importance,std,pval,score_MAE,score_MSE,score_R2,score_R,unit,top_units,top_units_rank,dataset,_model,seed,step,add_special_tokens,zscore,take_activation_from,distance_metric,layer,min_max,conditional,Method
sentence_GROUP,0.06339488105130162,7.577916323653247e-05,0.0,0.04872333645809848,0.004817662233810219,0.8799180226514569,0.938044914427286,460,117,R2,short_sentence,bert-base-uncased,0,,True,False,first-token,euclidean,2,True,False,Multivariate
subj_TYPE,0.007170823791016986,2.3389440193606764e-05,0.0,0.04872333645809848,0.004817662233810219,0.8799180226514569,0.938044914427286,460,117,R2,short_sentence,bert-base-uncased,0,,True,False,first-token,euclidean,2,True,False,Multivariate
subj_ANIM,0.00018473185245659082,3.958030737306279e-06,0.0,0.04872333645809848,0.004817662233810219,0.8799180226514569,0.938044914427286,460,117,R2,short_sentence,bert-base-uncased,0,,True,False,first-token,euclidean,2,True,False,Multivariate
subj_GEN,4.7043049418708055e-05,1.6972191025750855e-06,2.1350306745316008e-169,0.04872333645809848,0.004817662233810219,0.8799180226514569,0.938044914427286,460,117,R2,short_sentence,bert-base-uncased,0,,True,False,first-token,euclidean,2,True,False,Multivariate
subj_NUM,4.624778091818765e-06,5.553447105160733e-07,4.1192768494494545e-17,0.04872333645809848,0.004817662233810219,0.8799180226514569,0.938044914427286,460,117,R2,short_sentence,bert-base-uncased,0,,True,False,first-token,euclidean,2,True,False,Multivariate
subj_PERS,0.0,0.0,1.0,0.04872333645809848,0.004817662233810219,0.8799180226514569,0.938044914427286,460,117,R2,short_sentence,bert-base-uncased,0,,True,False,first-token,euclidean,2,True,False,Multivariate
subj_ZIPF,0.0,0.0,1.0,0.04872333645809848,0.004817662233810219,0.8799180226514569,0.938044914427286,460,117,R2,short_sentence,bert-base-uncased,0,,True,False,first-token,euclidean,2,True,False,Multivariate
sentence_TENSE,4.775845211160301e-06,5.84948640768045e-07,1.6131147255918358e-16,0.04872333645809848,0.004817662233810219,0.8799180226514569,0.938044914427286,460,117,R2,short_sentence,bert-base-uncased,0,,True,False,first-token,euclidean,2,True,False,Multivariate
verb_ZIPF,5.088951453270878e-05,1.8394797324730106e-06,9.168053783851426e-169,0.04872333645809848,0.004817662233810219,0.8799180226514569,0.938044914427286,460,117,R2,short_sentence,bert-base-uncased,0,,True,False,first-token,euclidean,2,True,False,Multivariate
