Feature,importance,std,pval,score_MAE,score_MSE,score_R2,score_R,unit,top_units,top_units_rank,dataset,_model,seed,step,add_special_tokens,zscore,take_activation_from,distance_metric,layer,min_max,conditional,Method
sentence_GROUP,0.10918767380858026,0.00011284150245951566,0.0,0.05738751388357213,0.005856135389916176,0.9073948551569164,0.9525727902108198,268,6,R2,short_sentence,bert-base-uncased,0,,True,False,first-token,euclidean,2,True,False,Multivariate
subj_TYPE,0.005744830760524599,2.3019014540937794e-05,0.0,0.05738751388357213,0.005856135389916176,0.9073948551569164,0.9525727902108198,268,6,R2,short_sentence,bert-base-uncased,0,,True,False,first-token,euclidean,2,True,False,Multivariate
subj_ANIM,9.545341500924621e-06,8.740793441175914e-07,4.601832720105983e-28,0.05738751388357213,0.005856135389916176,0.9073948551569164,0.9525727902108198,268,6,R2,short_sentence,bert-base-uncased,0,,True,False,first-token,euclidean,2,True,False,Multivariate
subj_GEN,0.00012292706704805642,3.2839309207958166e-06,5.699141386769814e-307,0.05738751388357213,0.005856135389916176,0.9073948551569164,0.9525727902108198,268,6,R2,short_sentence,bert-base-uncased,0,,True,False,first-token,euclidean,2,True,False,Multivariate
subj_NUM,4.9762101562835286e-05,2.0651290616408213e-06,1.364514461099178e-128,0.05738751388357213,0.005856135389916176,0.9073948551569164,0.9525727902108198,268,6,R2,short_sentence,bert-base-uncased,0,,True,False,first-token,euclidean,2,True,False,Multivariate
subj_PERS,0.0,0.0,1.0,0.05738751388357213,0.005856135389916176,0.9073948551569164,0.9525727902108198,268,6,R2,short_sentence,bert-base-uncased,0,,True,False,first-token,euclidean,2,True,False,Multivariate
subj_ZIPF,0.0,0.0,1.0,0.05738751388357213,0.005856135389916176,0.9073948551569164,0.9525727902108198,268,6,R2,short_sentence,bert-base-uncased,0,,True,False,first-token,euclidean,2,True,False,Multivariate
sentence_TENSE,4.46655604013009e-07,2.0384371659688833e-07,0.014219858566934912,0.05738751388357213,0.005856135389916176,0.9073948551569164,0.9525727902108198,268,6,R2,short_sentence,bert-base-uncased,0,,True,False,first-token,euclidean,2,True,False,Multivariate
verb_ZIPF,0.0,0.0,1.0,0.05738751388357213,0.005856135389916176,0.9073948551569164,0.9525727902108198,268,6,R2,short_sentence,bert-base-uncased,0,,True,False,first-token,euclidean,2,True,False,Multivariate
