Feature,importance,std,pval,score_MAE,score_MSE,score_R2,score_R,unit,top_units,top_units_rank,dataset,_model,seed,step,add_special_tokens,zscore,take_activation_from,distance_metric,layer,min_max,conditional,Method
sentence_GROUP,0.046973773300742074,6.51931674427585e-05,0.0,0.04931864337255569,0.005048592959408864,0.8466795905957953,0.9201572006255512,267,187,R2,short_sentence,bert-base-uncased,0,,True,False,first-token,euclidean,2,True,False,Multivariate
subj_TYPE,0.008804502174806016,2.6657924745219174e-05,0.0,0.04931864337255569,0.005048592959408864,0.8466795905957953,0.9201572006255512,267,187,R2,short_sentence,bert-base-uncased,0,,True,False,first-token,euclidean,2,True,False,Multivariate
subj_ANIM,0.0002329078040182267,4.553523223442867e-06,0.0,0.04931864337255569,0.005048592959408864,0.8466795905957953,0.9201572006255512,267,187,R2,short_sentence,bert-base-uncased,0,,True,False,first-token,euclidean,2,True,False,Multivariate
subj_GEN,5.64042001937175e-05,1.8859299905361725e-06,7.767367650853901e-197,0.04931864337255569,0.005048592959408864,0.8466795905957953,0.9201572006255512,267,187,R2,short_sentence,bert-base-uncased,0,,True,False,first-token,euclidean,2,True,False,Multivariate
subj_NUM,5.446599182236281e-06,6.112869100917224e-07,2.5503930812172097e-19,0.04931864337255569,0.005048592959408864,0.8466795905957953,0.9201572006255512,267,187,R2,short_sentence,bert-base-uncased,0,,True,False,first-token,euclidean,2,True,False,Multivariate
subj_PERS,0.0,0.0,1.0,0.04931864337255569,0.005048592959408864,0.8466795905957953,0.9201572006255512,267,187,R2,short_sentence,bert-base-uncased,0,,True,False,first-token,euclidean,2,True,False,Multivariate
subj_ZIPF,0.0,0.0,1.0,0.04931864337255569,0.005048592959408864,0.8466795905957953,0.9201572006255512,267,187,R2,short_sentence,bert-base-uncased,0,,True,False,first-token,euclidean,2,True,False,Multivariate
sentence_TENSE,5.541756871044174e-06,6.451422572577444e-07,4.349353287883825e-18,0.04931864337255569,0.005048592959408864,0.8466795905957953,0.9201572006255512,267,187,R2,short_sentence,bert-base-uncased,0,,True,False,first-token,euclidean,2,True,False,Multivariate
verb_ZIPF,7.341610355233095e-05,2.2605312750072255e-06,1.1129888877630649e-231,0.04931864337255569,0.005048592959408864,0.8466795905957953,0.9201572006255512,267,187,R2,short_sentence,bert-base-uncased,0,,True,False,first-token,euclidean,2,True,False,Multivariate
