Feature,importance,std,pval,score_MAE,score_MSE,score_R2,score_R,unit,top_units,top_units_rank,dataset,_model,seed,step,add_special_tokens,zscore,take_activation_from,distance_metric,layer,min_max,conditional,Method
sentence_GROUP,0.03440875503073741,6.220056280416515e-05,0.0,0.055964006669904864,0.006712868757820624,0.7787714664281767,0.882491888167581,432,379,R2,short_sentence,bert-base-uncased,0,,True,False,first-token,euclidean,2,True,False,Multivariate
subj_TYPE,0.01283513330907844,3.736868250756845e-05,0.0,0.055964006669904864,0.006712868757820624,0.7787714664281767,0.882491888167581,432,379,R2,short_sentence,bert-base-uncased,0,,True,False,first-token,euclidean,2,True,False,Multivariate
subj_ANIM,0.0003139025974226178,5.8707051451461995e-06,0.0,0.055964006669904864,0.006712868757820624,0.7787714664281767,0.882491888167581,432,379,R2,short_sentence,bert-base-uncased,0,,True,False,first-token,euclidean,2,True,False,Multivariate
subj_GEN,8.309342685108009e-05,2.6596122652544964e-06,1.4032589979215584e-214,0.055964006669904864,0.006712868757820624,0.7787714664281767,0.882491888167581,432,379,R2,short_sentence,bert-base-uncased,0,,True,False,first-token,euclidean,2,True,False,Multivariate
subj_NUM,9.438281914210994e-06,9.356842301059783e-07,3.1521732732390507e-24,0.055964006669904864,0.006712868757820624,0.7787714664281767,0.882491888167581,432,379,R2,short_sentence,bert-base-uncased,0,,True,False,first-token,euclidean,2,True,False,Multivariate
subj_PERS,0.0,0.0,1.0,0.055964006669904864,0.006712868757820624,0.7787714664281767,0.882491888167581,432,379,R2,short_sentence,bert-base-uncased,0,,True,False,first-token,euclidean,2,True,False,Multivariate
subj_ZIPF,0.0,0.0,1.0,0.055964006669904864,0.006712868757820624,0.7787714664281767,0.882491888167581,432,379,R2,short_sentence,bert-base-uncased,0,,True,False,first-token,euclidean,2,True,False,Multivariate
sentence_TENSE,8.332343683639093e-06,9.138649353565107e-07,3.836876677927594e-20,0.055964006669904864,0.006712868757820624,0.7787714664281767,0.882491888167581,432,379,R2,short_sentence,bert-base-uncased,0,,True,False,first-token,euclidean,2,True,False,Multivariate
verb_ZIPF,0.0002577977320357982,4.663980063083401e-06,0.0,0.055964006669904864,0.006712868757820624,0.7787714664281767,0.882491888167581,432,379,R2,short_sentence,bert-base-uncased,0,,True,False,first-token,euclidean,2,True,False,Multivariate
