Feature,importance,std,pval,score_MAE,score_MSE,score_R2,score_R,unit,top_units,top_units_rank,dataset,_model,seed,step,add_special_tokens,zscore,take_activation_from,distance_metric,layer,min_max,conditional,Method
sentence_GROUP,0.04204475361576849,6.361541497700391e-05,0.0,0.051286932395227545,0.0055031357605927235,0.8259817676811522,0.9088416266790883,341,236,R2,short_sentence,bert-base-uncased,0,,True,False,first-token,euclidean,2,True,False,Multivariate
subj_TYPE,0.010254586942116974,3.0124776786637653e-05,0.0,0.051286932395227545,0.0055031357605927235,0.8259817676811522,0.9088416266790883,341,236,R2,short_sentence,bert-base-uncased,0,,True,False,first-token,euclidean,2,True,False,Multivariate
subj_ANIM,0.0002444147640548118,4.813780317392045e-06,0.0,0.051286932395227545,0.0055031357605927235,0.8259817676811522,0.9088416266790883,341,236,R2,short_sentence,bert-base-uncased,0,,True,False,first-token,euclidean,2,True,False,Multivariate
subj_GEN,7.058946580307094e-05,2.206900273633781e-06,8.591828324541449e-225,0.051286932395227545,0.0055031357605927235,0.8259817676811522,0.9088416266790883,341,236,R2,short_sentence,bert-base-uncased,0,,True,False,first-token,euclidean,2,True,False,Multivariate
subj_NUM,6.766797013157298e-06,7.136257691767596e-07,1.2439724420529145e-21,0.051286932395227545,0.0055031357605927235,0.8259817676811522,0.9088416266790883,341,236,R2,short_sentence,bert-base-uncased,0,,True,False,first-token,euclidean,2,True,False,Multivariate
subj_PERS,0.0,0.0,1.0,0.051286932395227545,0.0055031357605927235,0.8259817676811522,0.9088416266790883,341,236,R2,short_sentence,bert-base-uncased,0,,True,False,first-token,euclidean,2,True,False,Multivariate
subj_ZIPF,0.0,0.0,1.0,0.051286932395227545,0.0055031357605927235,0.8259817676811522,0.9088416266790883,341,236,R2,short_sentence,bert-base-uncased,0,,True,False,first-token,euclidean,2,True,False,Multivariate
sentence_TENSE,5.9718974565158495e-06,6.989724067737234e-07,6.492569263324639e-18,0.051286932395227545,0.0055031357605927235,0.8259817676811522,0.9088416266790883,341,236,R2,short_sentence,bert-base-uncased,0,,True,False,first-token,euclidean,2,True,False,Multivariate
verb_ZIPF,9.993413620746857e-05,2.7281550283808645e-06,4.648737847802286e-294,0.051286932395227545,0.0055031357605927235,0.8259817676811522,0.9088416266790883,341,236,R2,short_sentence,bert-base-uncased,0,,True,False,first-token,euclidean,2,True,False,Multivariate
