Feature,importance,std,pval,score_MAE,score_MSE,score_R2,score_R,unit,top_units,top_units_rank,dataset,_model,seed,step,add_special_tokens,zscore,take_activation_from,distance_metric,layer,min_max,conditional,Method
sentence_GROUP,0.09893214333440425,9.44067256644636e-05,0.0,0.045840709455448575,0.0043138282664147,0.9230238193836606,0.9607418869160271,618,45,R2,short_sentence,bert-base-uncased,0,,True,False,first-token,euclidean,2,True,False,Multivariate
subj_TYPE,0.004640918237397041,1.7690933540822938e-05,0.0,0.045840709455448575,0.0043138282664147,0.9230238193836606,0.9607418869160271,618,45,R2,short_sentence,bert-base-uncased,0,,True,False,first-token,euclidean,2,True,False,Multivariate
subj_ANIM,0.00010359916854760039,2.772943396350374e-06,8.490726345394176e-306,0.045840709455448575,0.0043138282664147,0.9230238193836606,0.9607418869160271,618,45,R2,short_sentence,bert-base-uncased,0,,True,False,first-token,euclidean,2,True,False,Multivariate
subj_GEN,4.2886131330204445e-05,1.585625725617046e-06,2.0815902709287055e-161,0.045840709455448575,0.0043138282664147,0.9230238193836606,0.9607418869160271,618,45,R2,short_sentence,bert-base-uncased,0,,True,False,first-token,euclidean,2,True,False,Multivariate
subj_NUM,9.910280498254889e-06,7.851379385649931e-07,7.950913647222181e-37,0.045840709455448575,0.0043138282664147,0.9230238193836606,0.9607418869160271,618,45,R2,short_sentence,bert-base-uncased,0,,True,False,first-token,euclidean,2,True,False,Multivariate
subj_PERS,0.0,0.0,1.0,0.045840709455448575,0.0043138282664147,0.9230238193836606,0.9607418869160271,618,45,R2,short_sentence,bert-base-uncased,0,,True,False,first-token,euclidean,2,True,False,Multivariate
subj_ZIPF,0.0,0.0,1.0,0.045840709455448575,0.0043138282664147,0.9230238193836606,0.9607418869160271,618,45,R2,short_sentence,bert-base-uncased,0,,True,False,first-token,euclidean,2,True,False,Multivariate
sentence_TENSE,2.180299690659102e-06,3.7466208803882137e-07,2.9533802414226355e-09,0.045840709455448575,0.0043138282664147,0.9230238193836606,0.9607418869160271,618,45,R2,short_sentence,bert-base-uncased,0,,True,False,first-token,euclidean,2,True,False,Multivariate
verb_ZIPF,1.6896746023674794e-05,1.01282370400383e-06,8.739888114643862e-63,0.045840709455448575,0.0043138282664147,0.9230238193836606,0.9607418869160271,618,45,R2,short_sentence,bert-base-uncased,0,,True,False,first-token,euclidean,2,True,False,Multivariate
