Feature,importance,std,pval,score_MAE,score_MSE,score_R2,score_R,unit,top_units,top_units_rank,dataset,_model,seed,step,add_special_tokens,zscore,take_activation_from,distance_metric,layer,min_max,conditional,Method
sentence_GROUP,0.028036957792284503,6.44745944804407e-05,0.0,0.06817549122336837,0.009458641890386695,0.6874712692170097,0.8291535987254002,238,768,R2,short_sentence,bert-base-uncased,0,,True,False,first-token,euclidean,2,True,False,Multivariate
subj_TYPE,0.012884393598046422,4.430964128277954e-05,0.0,0.06817549122336837,0.009458641890386695,0.6874712692170097,0.8291535987254002,238,768,R2,short_sentence,bert-base-uncased,0,,True,False,first-token,euclidean,2,True,False,Multivariate
subj_ANIM,0.0004985708825490544,8.392810333622311e-06,0.0,0.06817549122336837,0.009458641890386695,0.6874712692170097,0.8291535987254002,238,768,R2,short_sentence,bert-base-uncased,0,,True,False,first-token,euclidean,2,True,False,Multivariate
subj_GEN,0.0001024505908168181,3.6410417727938154e-06,1.6938987571553463e-174,0.06817549122336837,0.009458641890386695,0.6874712692170097,0.8291535987254002,238,768,R2,short_sentence,bert-base-uncased,0,,True,False,first-token,euclidean,2,True,False,Multivariate
subj_NUM,1.0891681531261581e-05,1.2061394377805593e-06,8.56783972586804e-20,0.06817549122336837,0.009458641890386695,0.6874712692170097,0.8291535987254002,238,768,R2,short_sentence,bert-base-uncased,0,,True,False,first-token,euclidean,2,True,False,Multivariate
subj_PERS,0.0,0.0,1.0,0.06817549122336837,0.009458641890386695,0.6874712692170097,0.8291535987254002,238,768,R2,short_sentence,bert-base-uncased,0,,True,False,first-token,euclidean,2,True,False,Multivariate
subj_ZIPF,7.237303888603919e-07,2.8643943524601323e-07,0.005757913645905499,0.06817549122336837,0.009458641890386695,0.6874712692170097,0.8291535987254002,238,768,R2,short_sentence,bert-base-uncased,0,,True,False,first-token,euclidean,2,True,False,Multivariate
sentence_TENSE,2.151395705060244e-05,1.7420392941090013e-06,2.439540938742416e-35,0.06817549122336837,0.009458641890386695,0.6874712692170097,0.8291535987254002,238,768,R2,short_sentence,bert-base-uncased,0,,True,False,first-token,euclidean,2,True,False,Multivariate
verb_ZIPF,0.0008193313287100362,9.442345729417777e-06,0.0,0.06817549122336837,0.009458641890386695,0.6874712692170097,0.8291535987254002,238,768,R2,short_sentence,bert-base-uncased,0,,True,False,first-token,euclidean,2,True,False,Multivariate
