Feature,importance,std,pval,score_MAE,score_MSE,score_R2,score_R,unit,top_units,top_units_rank,dataset,_model,seed,step,add_special_tokens,zscore,take_activation_from,distance_metric,layer,min_max,conditional,Method
sentence_GROUP,0.0540822910342594,7.18545762863034e-05,0.0,0.05055839953968253,0.005234932841672874,0.8559472525662526,0.9251796601666782,124,148,R2,short_sentence,bert-base-uncased,0,,True,False,first-token,euclidean,2,True,False,Multivariate
subj_TYPE,0.008139844376706132,2.6018768007697007e-05,0.0,0.05055839953968253,0.005234932841672874,0.8559472525662526,0.9251796601666782,124,148,R2,short_sentence,bert-base-uncased,0,,True,False,first-token,euclidean,2,True,False,Multivariate
subj_ANIM,0.00019225889875281897,4.199613047847294e-06,0.0,0.05055839953968253,0.005234932841672874,0.8559472525662526,0.9251796601666782,124,148,R2,short_sentence,bert-base-uncased,0,,True,False,first-token,euclidean,2,True,False,Multivariate
subj_GEN,4.878239581293475e-05,1.8052110803689676e-06,3.95623887183288e-161,0.05055839953968253,0.005234932841672874,0.8559472525662526,0.9251796601666782,124,148,R2,short_sentence,bert-base-uncased,0,,True,False,first-token,euclidean,2,True,False,Multivariate
subj_NUM,3.794909838362773e-06,5.187665150714332e-07,1.2844562834812228e-13,0.05055839953968253,0.005234932841672874,0.8559472525662526,0.9251796601666782,124,148,R2,short_sentence,bert-base-uncased,0,,True,False,first-token,euclidean,2,True,False,Multivariate
subj_PERS,0.0,0.0,1.0,0.05055839953968253,0.005234932841672874,0.8559472525662526,0.9251796601666782,124,148,R2,short_sentence,bert-base-uncased,0,,True,False,first-token,euclidean,2,True,False,Multivariate
subj_ZIPF,0.0,0.0,1.0,0.05055839953968253,0.005234932841672874,0.8559472525662526,0.9251796601666782,124,148,R2,short_sentence,bert-base-uncased,0,,True,False,first-token,euclidean,2,True,False,Multivariate
sentence_TENSE,4.818970805276321e-06,6.12414082997701e-07,1.790134780405205e-15,0.05055839953968253,0.005234932841672874,0.8559472525662526,0.9251796601666782,124,148,R2,short_sentence,bert-base-uncased,0,,True,False,first-token,euclidean,2,True,False,Multivariate
verb_ZIPF,5.757783376239269e-05,2.0338682212760086e-06,1.3193313662239798e-176,0.05055839953968253,0.005234932841672874,0.8559472525662526,0.9251796601666782,124,148,R2,short_sentence,bert-base-uncased,0,,True,False,first-token,euclidean,2,True,False,Multivariate
