Feature,importance,std,pval,score_MAE,score_MSE,score_R2,score_R,unit,top_units,top_units_rank,dataset,_model,seed,step,add_special_tokens,zscore,take_activation_from,distance_metric,layer,min_max,conditional,Method
sentence_GROUP,0.07053992586554737,7.881514508900274e-05,0.0,0.048075431292971815,0.004584992309069746,0.8946550204938004,0.945867445643487,327,92,R2,short_sentence,bert-base-uncased,0,,True,False,first-token,euclidean,2,True,False,Multivariate
subj_TYPE,0.00730238375324044,2.3019741296608866e-05,0.0,0.048075431292971815,0.004584992309069746,0.8946550204938004,0.945867445643487,327,92,R2,short_sentence,bert-base-uncased,0,,True,False,first-token,euclidean,2,True,False,Multivariate
subj_ANIM,0.0001704602942096798,3.679892181740464e-06,0.0,0.048075431292971815,0.004584992309069746,0.8946550204938004,0.945867445643487,327,92,R2,short_sentence,bert-base-uncased,0,,True,False,first-token,euclidean,2,True,False,Multivariate
subj_GEN,4.350741926219096e-05,1.5959993599765307e-06,6.273295559069402e-164,0.048075431292971815,0.004584992309069746,0.8946550204938004,0.945867445643487,327,92,R2,short_sentence,bert-base-uncased,0,,True,False,first-token,euclidean,2,True,False,Multivariate
subj_NUM,4.983077989814804e-06,5.629226434164635e-07,4.292302628519408e-19,0.048075431292971815,0.004584992309069746,0.8946550204938004,0.945867445643487,327,92,R2,short_sentence,bert-base-uncased,0,,True,False,first-token,euclidean,2,True,False,Multivariate
subj_PERS,0.0,0.0,1.0,0.048075431292971815,0.004584992309069746,0.8946550204938004,0.945867445643487,327,92,R2,short_sentence,bert-base-uncased,0,,True,False,first-token,euclidean,2,True,False,Multivariate
subj_ZIPF,0.0,0.0,1.0,0.048075431292971815,0.004584992309069746,0.8946550204938004,0.945867445643487,327,92,R2,short_sentence,bert-base-uncased,0,,True,False,first-token,euclidean,2,True,False,Multivariate
sentence_TENSE,3.5282987610708757e-06,4.904144969737826e-07,3.1339571158760545e-13,0.048075431292971815,0.004584992309069746,0.8946550204938004,0.945867445643487,327,92,R2,short_sentence,bert-base-uncased,0,,True,False,first-token,euclidean,2,True,False,Multivariate
verb_ZIPF,4.053578176136845e-05,1.6088761284066042e-06,2.2669391648807276e-140,0.048075431292971815,0.004584992309069746,0.8946550204938004,0.945867445643487,327,92,R2,short_sentence,bert-base-uncased,0,,True,False,first-token,euclidean,2,True,False,Multivariate
