Feature,importance,std,pval,score_MAE,score_MSE,score_R2,score_R,unit,top_units,top_units_rank,dataset,_model,seed,step,add_special_tokens,zscore,take_activation_from,distance_metric,layer,min_max,conditional,Method
sentence_GROUP,0.0370951447498644,6.164663498138836e-05,0.0,0.0533546780491142,0.00599886197847976,0.8026340688632538,0.8959074612817481,434,299,R2,short_sentence,bert-base-uncased,0,,True,False,first-token,euclidean,2,True,False,Multivariate
subj_TYPE,0.011737198860728644,3.372985677763083e-05,0.0,0.0533546780491142,0.00599886197847976,0.8026340688632538,0.8959074612817481,434,299,R2,short_sentence,bert-base-uncased,0,,True,False,first-token,euclidean,2,True,False,Multivariate
subj_ANIM,0.0002704831406403128,5.236792707234691e-06,0.0,0.0533546780491142,0.00599886197847976,0.8026340688632538,0.8959074612817481,434,299,R2,short_sentence,bert-base-uncased,0,,True,False,first-token,euclidean,2,True,False,Multivariate
subj_GEN,8.100573128048947e-05,2.466637975820976e-06,7.771763366184483e-237,0.0533546780491142,0.00599886197847976,0.8026340688632538,0.8959074612817481,434,299,R2,short_sentence,bert-base-uncased,0,,True,False,first-token,euclidean,2,True,False,Multivariate
subj_NUM,8.956483593358096e-06,8.603214872216266e-07,1.1088152471544085e-25,0.0533546780491142,0.00599886197847976,0.8026340688632538,0.8959074612817481,434,299,R2,short_sentence,bert-base-uncased,0,,True,False,first-token,euclidean,2,True,False,Multivariate
subj_PERS,0.0,0.0,1.0,0.0533546780491142,0.00599886197847976,0.8026340688632538,0.8959074612817481,434,299,R2,short_sentence,bert-base-uncased,0,,True,False,first-token,euclidean,2,True,False,Multivariate
subj_ZIPF,0.0,0.0,1.0,0.0533546780491142,0.00599886197847976,0.8026340688632538,0.8959074612817481,434,299,R2,short_sentence,bert-base-uncased,0,,True,False,first-token,euclidean,2,True,False,Multivariate
sentence_TENSE,6.869988582164615e-06,7.823883226440497e-07,8.116425099701488e-19,0.0533546780491142,0.00599886197847976,0.8026340688632538,0.8959074612817481,434,299,R2,short_sentence,bert-base-uncased,0,,True,False,first-token,euclidean,2,True,False,Multivariate
verb_ZIPF,0.00017368181499096148,3.6963344246399643e-06,0.0,0.0533546780491142,0.00599886197847976,0.8026340688632538,0.8959074612817481,434,299,R2,short_sentence,bert-base-uncased,0,,True,False,first-token,euclidean,2,True,False,Multivariate
