Feature,importance,std,pval,score_MAE,score_MSE,score_R2,score_R,unit,top_units,top_units_rank,dataset,_model,seed,step,add_special_tokens,zscore,take_activation_from,distance_metric,layer,min_max,conditional,Method
sentence_GROUP,0.03172951571132439,6.207826535656297e-05,0.0,0.05874789760886859,0.00741069170968889,0.7506783202684906,0.8664300819066616,219,479,R2,short_sentence,bert-base-uncased,0,,True,False,first-token,euclidean,2,True,False,Multivariate
subj_TYPE,0.012729546563626832,3.9094254015990664e-05,0.0,0.05874789760886859,0.00741069170968889,0.7506783202684906,0.8664300819066616,219,479,R2,short_sentence,bert-base-uncased,0,,True,False,first-token,euclidean,2,True,False,Multivariate
subj_ANIM,0.00038427750417014854,6.7437153175375405e-06,0.0,0.05874789760886859,0.00741069170968889,0.7506783202684906,0.8664300819066616,219,479,R2,short_sentence,bert-base-uncased,0,,True,False,first-token,euclidean,2,True,False,Multivariate
subj_GEN,8.804583289108088e-05,2.91442427994282e-06,8.6554569353167e-201,0.05874789760886859,0.00741069170968889,0.7506783202684906,0.8664300819066616,219,479,R2,short_sentence,bert-base-uncased,0,,True,False,first-token,euclidean,2,True,False,Multivariate
subj_NUM,8.906555348771112e-06,9.570337575065128e-07,6.610861843008199e-21,0.05874789760886859,0.00741069170968889,0.7506783202684906,0.8664300819066616,219,479,R2,short_sentence,bert-base-uncased,0,,True,False,first-token,euclidean,2,True,False,Multivariate
subj_PERS,2.8404484740365267e-24,2.8404484740365267e-24,0.15865525393145707,0.05874789760886859,0.00741069170968889,0.7506783202684906,0.8664300819066616,219,479,R2,short_sentence,bert-base-uncased,0,,True,False,first-token,euclidean,2,True,False,Multivariate
subj_ZIPF,2.8404484740365267e-24,2.8404484740365267e-24,0.15865525393145707,0.05874789760886859,0.00741069170968889,0.7506783202684906,0.8664300819066616,219,479,R2,short_sentence,bert-base-uncased,0,,True,False,first-token,euclidean,2,True,False,Multivariate
sentence_TENSE,1.0260960070910648e-05,1.0651919129126476e-06,2.9014224484610863e-22,0.05874789760886859,0.00741069170968889,0.7506783202684906,0.8664300819066616,219,479,R2,short_sentence,bert-base-uncased,0,,True,False,first-token,euclidean,2,True,False,Multivariate
verb_ZIPF,0.0003834672202459877,5.873129023793143e-06,0.0,0.05874789760886859,0.00741069170968889,0.7506783202684906,0.8664300819066616,219,479,R2,short_sentence,bert-base-uncased,0,,True,False,first-token,euclidean,2,True,False,Multivariate
