Feature,importance,std,pval,score_MAE,score_MSE,score_R2,score_R,unit,top_units,top_units_rank,dataset,_model,seed,step,add_special_tokens,zscore,take_activation_from,distance_metric,layer,min_max,conditional,Method
sentence_GROUP,0.1348247825842423,0.00011448796763648827,0.0,0.04614326797157002,0.004336445216012636,0.9408759484695488,0.9699885036111193,661,28,R2,short_sentence,bert-base-uncased,0,,True,False,first-token,euclidean,2,True,False,Multivariate
subj_TYPE,0.0031922840060508322,1.4662866910869438e-05,0.0,0.04614326797157002,0.004336445216012636,0.9408759484695488,0.9699885036111193,661,28,R2,short_sentence,bert-base-uncased,0,,True,False,first-token,euclidean,2,True,False,Multivariate
subj_ANIM,0.00011756532724319388,2.954667843217347e-06,0.0,0.04614326797157002,0.004336445216012636,0.9408759484695488,0.9699885036111193,661,28,R2,short_sentence,bert-base-uncased,0,,True,False,first-token,euclidean,2,True,False,Multivariate
subj_GEN,4.536902121969083e-05,1.6625929327978616e-06,2.935020153822258e-164,0.04614326797157002,0.004336445216012636,0.9408759484695488,0.9699885036111193,661,28,R2,short_sentence,bert-base-uncased,0,,True,False,first-token,euclidean,2,True,False,Multivariate
subj_NUM,1.5265995880607076e-05,9.855630248797228e-07,2.038492836837746e-54,0.04614326797157002,0.004336445216012636,0.9408759484695488,0.9699885036111193,661,28,R2,short_sentence,bert-base-uncased,0,,True,False,first-token,euclidean,2,True,False,Multivariate
subj_PERS,0.0,0.0,1.0,0.04614326797157002,0.004336445216012636,0.9408759484695488,0.9699885036111193,661,28,R2,short_sentence,bert-base-uncased,0,,True,False,first-token,euclidean,2,True,False,Multivariate
subj_ZIPF,0.0,0.0,1.0,0.04614326797157002,0.004336445216012636,0.9408759484695488,0.9699885036111193,661,28,R2,short_sentence,bert-base-uncased,0,,True,False,first-token,euclidean,2,True,False,Multivariate
sentence_TENSE,2.162144093558733e-06,3.8232485999047824e-07,7.780810215964853e-09,0.04614326797157002,0.004336445216012636,0.9408759484695488,0.9699885036111193,661,28,R2,short_sentence,bert-base-uncased,0,,True,False,first-token,euclidean,2,True,False,Multivariate
verb_ZIPF,1.3897843697920544e-05,9.186661699198509e-07,5.270329952563965e-52,0.04614326797157002,0.004336445216012636,0.9408759484695488,0.9699885036111193,661,28,R2,short_sentence,bert-base-uncased,0,,True,False,first-token,euclidean,2,True,False,Multivariate
