Feature,importance,std,pval,score_MAE,score_MSE,score_R2,score_R,unit,top_units,top_units_rank,dataset,_model,seed,step,add_special_tokens,zscore,take_activation_from,distance_metric,layer,min_max,conditional,Method
sentence_GROUP,0.15058552715935555,0.00012135738399144754,0.0,0.04700208637411893,0.004231542377499975,0.9480356181281593,0.973672429630808,696,17,R2,short_sentence,bert-base-uncased,0,,True,False,first-token,euclidean,2,True,False,Multivariate
subj_TYPE,0.003879907241171175,1.6023215710201097e-05,0.0,0.04700208637411893,0.004231542377499975,0.9480356181281593,0.973672429630808,696,17,R2,short_sentence,bert-base-uncased,0,,True,False,first-token,euclidean,2,True,False,Multivariate
subj_ANIM,8.031899755742489e-05,2.3479077953898694e-06,8.959454228222375e-257,0.04700208637411893,0.004231542377499975,0.9480356181281593,0.973672429630808,696,17,R2,short_sentence,bert-base-uncased,0,,True,False,first-token,euclidean,2,True,False,Multivariate
subj_GEN,3.930803842828401e-05,1.5411209414988706e-06,8.426733196647948e-144,0.04700208637411893,0.004231542377499975,0.9480356181281593,0.973672429630808,696,17,R2,short_sentence,bert-base-uncased,0,,True,False,first-token,euclidean,2,True,False,Multivariate
subj_NUM,2.326209407847479e-05,1.1976826932176542e-06,2.4861428525958524e-84,0.04700208637411893,0.004231542377499975,0.9480356181281593,0.973672429630808,696,17,R2,short_sentence,bert-base-uncased,0,,True,False,first-token,euclidean,2,True,False,Multivariate
subj_PERS,0.0,0.0,1.0,0.04700208637411893,0.004231542377499975,0.9480356181281593,0.973672429630808,696,17,R2,short_sentence,bert-base-uncased,0,,True,False,first-token,euclidean,2,True,False,Multivariate
subj_ZIPF,0.0,0.0,1.0,0.04700208637411893,0.004231542377499975,0.9480356181281593,0.973672429630808,696,17,R2,short_sentence,bert-base-uncased,0,,True,False,first-token,euclidean,2,True,False,Multivariate
sentence_TENSE,9.304619690820341e-07,2.6052744031763047e-07,0.00017750193174281804,0.04700208637411893,0.004231542377499975,0.9480356181281593,0.973672429630808,696,17,R2,short_sentence,bert-base-uncased,0,,True,False,first-token,euclidean,2,True,False,Multivariate
verb_ZIPF,1.158998868834145e-05,8.32342294556281e-07,2.246935049503866e-44,0.04700208637411893,0.004231542377499975,0.9480356181281593,0.973672429630808,696,17,R2,short_sentence,bert-base-uncased,0,,True,False,first-token,euclidean,2,True,False,Multivariate
