Feature,importance,std,pval,score_MAE,score_MSE,score_R2,score_R,dataset,_model,seed,step,add_special_tokens,zscore,take_activation_from,distance_metric,layer,min_max,conditional,Method
sentence_GROUP,0.02803695779238026,6.447459448063814e-05,0.0,0.06817549122349925,0.009458641890417112,0.687471269216433,0.8291535635115157,short_sentence,bert-base-uncased,0,,True,False,first-token,euclidean,2,True,False,Multivariate
subj_TYPE,0.012884393597914053,4.430964128262286e-05,0.0,0.06817549122349925,0.009458641890417112,0.687471269216433,0.8291535635115157,short_sentence,bert-base-uncased,0,,True,False,first-token,euclidean,2,True,False,Multivariate
subj_ANIM,0.0004985708825429282,8.392810333579069e-06,0.0,0.06817549122349925,0.009458641890417112,0.687471269216433,0.8291535635115157,short_sentence,bert-base-uncased,0,,True,False,first-token,euclidean,2,True,False,Multivariate
subj_GEN,0.00010245059080490809,3.6410417725823282e-06,1.6938988352622732e-174,0.06817549122349925,0.009458641890417112,0.687471269216433,0.8291535635115157,short_sentence,bert-base-uncased,0,,True,False,first-token,euclidean,2,True,False,Multivariate
subj_NUM,1.08916815330155e-05,1.2061394378852574e-06,8.567839673386321e-20,0.06817549122349925,0.009458641890417112,0.687471269216433,0.8291535635115157,short_sentence,bert-base-uncased,0,,True,False,first-token,euclidean,2,True,False,Multivariate
subj_PERS,-2.0291765239081995e-22,1.825166500589055e-22,0.8668827883669962,0.06817549122349925,0.009458641890417112,0.687471269216433,0.8291535635115157,short_sentence,bert-base-uncased,0,,True,False,first-token,euclidean,2,True,False,Multivariate
subj_ZIPF,7.237303903606967e-07,2.864394354571876e-07,0.0057579135905787,0.06817549122349925,0.009458641890417112,0.687471269216433,0.8291535635115157,short_sentence,bert-base-uncased,0,,True,False,first-token,euclidean,2,True,False,Multivariate
sentence_TENSE,2.151395705335326e-05,1.742039294224184e-06,2.439540915620563e-35,0.06817549122349925,0.009458641890417112,0.687471269216433,0.8291535635115157,short_sentence,bert-base-uncased,0,,True,False,first-token,euclidean,2,True,False,Multivariate
verb_ZIPF,0.0008193313286971271,9.442345729365755e-06,0.0,0.06817549122349925,0.009458641890417112,0.687471269216433,0.8291535635115157,short_sentence,bert-base-uncased,0,,True,False,first-token,euclidean,2,True,False,Multivariate
