Feature,importance,std,pval,score_MAE,score_MSE,score_R2,score_R,unit,top_units,top_units_rank,dataset,_model,seed,step,add_special_tokens,zscore,take_activation_from,distance_metric,layer,min_max,conditional,Method
sentence_GROUP,0.08986330746055768,9.177853737399379e-05,0.0,0.04804370473630618,0.004663496251366545,0.9110637932023546,0.9545020660601407,643,73,R2,short_sentence,bert-base-uncased,0,,True,False,first-token,euclidean,2,True,False,Multivariate
subj_TYPE,0.005560651420282335,2.0172957990795825e-05,0.0,0.04804370473630618,0.004663496251366545,0.9110637932023546,0.9545020660601407,643,73,R2,short_sentence,bert-base-uncased,0,,True,False,first-token,euclidean,2,True,False,Multivariate
subj_ANIM,0.0001292137580140301,3.166188887369282e-06,0.0,0.04804370473630618,0.004663496251366545,0.9110637932023546,0.9545020660601407,643,73,R2,short_sentence,bert-base-uncased,0,,True,False,first-token,euclidean,2,True,False,Multivariate
subj_GEN,4.2510692520568876e-05,1.6410215687916005e-06,2.9234577350166126e-148,0.04804370473630618,0.004663496251366545,0.9110637932023546,0.9545020660601407,643,73,R2,short_sentence,bert-base-uncased,0,,True,False,first-token,euclidean,2,True,False,Multivariate
subj_NUM,5.321641820650521e-06,5.944773585392755e-07,1.7486767780300013e-19,0.04804370473630618,0.004663496251366545,0.9110637932023546,0.9545020660601407,643,73,R2,short_sentence,bert-base-uncased,0,,True,False,first-token,euclidean,2,True,False,Multivariate
subj_PERS,0.0,0.0,1.0,0.04804370473630618,0.004663496251366545,0.9110637932023546,0.9545020660601407,643,73,R2,short_sentence,bert-base-uncased,0,,True,False,first-token,euclidean,2,True,False,Multivariate
subj_ZIPF,0.0,0.0,1.0,0.04804370473630618,0.004663496251366545,0.9110637932023546,0.9545020660601407,643,73,R2,short_sentence,bert-base-uncased,0,,True,False,first-token,euclidean,2,True,False,Multivariate
sentence_TENSE,3.3427566420621706e-06,4.812082869507732e-07,1.871107033276133e-12,0.04804370473630618,0.004663496251366545,0.9110637932023546,0.9545020660601407,643,73,R2,short_sentence,bert-base-uncased,0,,True,False,first-token,euclidean,2,True,False,Multivariate
verb_ZIPF,3.951130846072627e-05,1.5891847254907649e-06,9.441450831610667e-137,0.04804370473630618,0.004663496251366545,0.9110637932023546,0.9545020660601407,643,73,R2,short_sentence,bert-base-uncased,0,,True,False,first-token,euclidean,2,True,False,Multivariate
