Feature,importance,std,pval,score_MAE,score_MSE,score_R2,score_R,unit,top_units,top_units_rank,dataset,_model,seed,step,add_special_tokens,zscore,take_activation_from,distance_metric,layer,min_max,conditional,Method
sentence_GROUP,0.14223594854772045,0.00012850546097512868,0.0,0.05477080490067231,0.005440945382630691,0.9312747968935269,0.9650266208190781,144,11,R2,short_sentence,bert-base-uncased,0,,True,False,first-token,euclidean,2,True,False,Multivariate
subj_TYPE,0.005350799177876362,2.1383764281014715e-05,0.0,0.05477080490067231,0.005440945382630691,0.9312747968935269,0.9650266208190781,144,11,R2,short_sentence,bert-base-uncased,0,,True,False,first-token,euclidean,2,True,False,Multivariate
subj_ANIM,6.196730930580692e-05,2.1765081946432666e-06,1.340306823785951e-178,0.05477080490067231,0.005440945382630691,0.9312747968935269,0.9650266208190781,144,11,R2,short_sentence,bert-base-uncased,0,,True,False,first-token,euclidean,2,True,False,Multivariate
subj_GEN,6.27047150348712e-05,2.2268236792718303e-06,9.34570125845903e-175,0.05477080490067231,0.005440945382630691,0.9312747968935269,0.9650266208190781,144,11,R2,short_sentence,bert-base-uncased,0,,True,False,first-token,euclidean,2,True,False,Multivariate
subj_NUM,5.348638960520868e-05,2.050051386090325e-06,2.3508176068811348e-150,0.05477080490067231,0.005440945382630691,0.9312747968935269,0.9650266208190781,144,11,R2,short_sentence,bert-base-uncased,0,,True,False,first-token,euclidean,2,True,False,Multivariate
subj_PERS,0.0,0.0,1.0,0.05477080490067231,0.005440945382630691,0.9312747968935269,0.9650266208190781,144,11,R2,short_sentence,bert-base-uncased,0,,True,False,first-token,euclidean,2,True,False,Multivariate
subj_ZIPF,0.0,0.0,1.0,0.05477080490067231,0.005440945382630691,0.9312747968935269,0.9650266208190781,144,11,R2,short_sentence,bert-base-uncased,0,,True,False,first-token,euclidean,2,True,False,Multivariate
sentence_TENSE,1.3798025839810815e-06,3.47960952155851e-07,3.663726733436106e-05,0.05477080490067231,0.005440945382630691,0.9312747968935269,0.9650266208190781,144,11,R2,short_sentence,bert-base-uncased,0,,True,False,first-token,euclidean,2,True,False,Multivariate
verb_ZIPF,1.5892457716674902e-06,3.5754964986699907e-07,4.398163457982636e-06,0.05477080490067231,0.005440945382630691,0.9312747968935269,0.9650266208190781,144,11,R2,short_sentence,bert-base-uncased,0,,True,False,first-token,euclidean,2,True,False,Multivariate
