Feature,importance,std,pval,score_MAE,score_MSE,score_R2,score_R,unit,top_units,top_units_rank,dataset,_model,seed,step,add_special_tokens,zscore,take_activation_from,distance_metric,layer,min_max,conditional,Method
sentence_GROUP,0.037248514393125064,7.952619156843502e-05,0.0,0.06688673989363367,0.009768550204914846,0.6598804005244017,0.8123511096124705,185,2,R2,short_sentence,bert-base-uncased,0,,True,False,first-token,euclidean,6,True,False,Multivariate
subj_TYPE,4.432736227274063e-05,2.5555641021937323e-06,1.067840805907556e-67,0.06688673989363367,0.009768550204914846,0.6598804005244017,0.8123511096124705,185,2,R2,short_sentence,bert-base-uncased,0,,True,False,first-token,euclidean,6,True,False,Multivariate
subj_ANIM,-1.9851557239576088e-08,8.043829833674793e-08,0.5974655370975992,0.06688673989363367,0.009768550204914846,0.6598804005244017,0.8123511096124705,185,2,R2,short_sentence,bert-base-uncased,0,,True,False,first-token,euclidean,6,True,False,Multivariate
subj_GEN,9.635364534163306e-07,4.852082803876566e-07,0.023526640378721927,0.06688673989363367,0.009768550204914846,0.6598804005244017,0.8123511096124705,185,2,R2,short_sentence,bert-base-uncased,0,,True,False,first-token,euclidean,6,True,False,Multivariate
subj_NUM,2.3396677457820542e-05,1.8424200707758992e-06,2.99897211182636e-37,0.06688673989363367,0.009768550204914846,0.6598804005244017,0.8123511096124705,185,2,R2,short_sentence,bert-base-uncased,0,,True,False,first-token,euclidean,6,True,False,Multivariate
subj_PERS,0.0007812922945553647,1.2062973040363225e-05,0.0,0.06688673989363367,0.009768550204914846,0.6598804005244017,0.8123511096124705,185,2,R2,short_sentence,bert-base-uncased,0,,True,False,first-token,euclidean,6,True,False,Multivariate
subj_ZIPF,4.70721997248281e-05,2.4322966058883536e-06,9.61857450384742e-84,0.06688673989363367,0.009768550204914846,0.6598804005244017,0.8123511096124705,185,2,R2,short_sentence,bert-base-uncased,0,,True,False,first-token,euclidean,6,True,False,Multivariate
sentence_TENSE,-7.275242181529476e-08,3.644043054170319e-07,0.5791218762523744,0.06688673989363367,0.009768550204914846,0.6598804005244017,0.8123511096124705,185,2,R2,short_sentence,bert-base-uncased,0,,True,False,first-token,euclidean,6,True,False,Multivariate
verb_ZIPF,0.0,0.0,1.0,0.06688673989363367,0.009768550204914846,0.6598804005244017,0.8123511096124705,185,2,R2,short_sentence,bert-base-uncased,0,,True,False,first-token,euclidean,6,True,False,Multivariate
