Feature,importance,std,pval,score_MAE,score_MSE,score_R2,score_R,unit,top_units,top_units_rank,dataset,_model,seed,step,add_special_tokens,zscore,take_activation_from,distance_metric,layer,min_max,conditional,Method
sentence_GROUP,0.017039235586896358,4.496236152137387e-05,0.0,0.06900201031021821,0.007496015839215244,0.571822752736624,0.7562671958151721,450,607,R2,short_sentence,bert-base-uncased,0,,True,False,first-token,euclidean,6,True,False,Multivariate
subj_TYPE,0.0014841880188598724,1.2950130316128844e-05,0.0,0.06900201031021821,0.007496015839215244,0.571822752736624,0.7562671958151721,450,607,R2,short_sentence,bert-base-uncased,0,,True,False,first-token,euclidean,6,True,False,Multivariate
subj_ANIM,0.00011932175810413377,3.633040105202951e-06,7.051600943976948e-237,0.06900201031021821,0.007496015839215244,0.571822752736624,0.7562671958151721,450,607,R2,short_sentence,bert-base-uncased,0,,True,False,first-token,euclidean,6,True,False,Multivariate
subj_GEN,4.163853191277514e-05,2.1707157717301292e-06,2.619617074059199e-82,0.06900201031021821,0.007496015839215244,0.571822752736624,0.7562671958151721,450,607,R2,short_sentence,bert-base-uncased,0,,True,False,first-token,euclidean,6,True,False,Multivariate
subj_NUM,1.5130729169116736e-05,1.2902754393326446e-06,4.648345176951222e-32,0.06900201031021821,0.007496015839215244,0.571822752736624,0.7562671958151721,450,607,R2,short_sentence,bert-base-uncased,0,,True,False,first-token,euclidean,6,True,False,Multivariate
subj_PERS,-5.102840767391936e-23,5.1028407673919355e-23,0.841344746068543,0.06900201031021821,0.007496015839215244,0.571822752736624,0.7562671958151721,450,607,R2,short_sentence,bert-base-uncased,0,,True,False,first-token,euclidean,6,True,False,Multivariate
subj_ZIPF,8.259996957289048e-05,2.9506973008013143e-06,9.782374243301924e-173,0.06900201031021821,0.007496015839215244,0.571822752736624,0.7562671958151721,450,607,R2,short_sentence,bert-base-uncased,0,,True,False,first-token,euclidean,6,True,False,Multivariate
sentence_TENSE,0.0008017271084369541,9.49172170138357e-06,0.0,0.06900201031021821,0.007496015839215244,0.571822752736624,0.7562671958151721,450,607,R2,short_sentence,bert-base-uncased,0,,True,False,first-token,euclidean,6,True,False,Multivariate
verb_ZIPF,0.00032267299163032915,6.189873977922017e-06,0.0,0.06900201031021821,0.007496015839215244,0.571822752736624,0.7562671958151721,450,607,R2,short_sentence,bert-base-uncased,0,,True,False,first-token,euclidean,6,True,False,Multivariate
