Feature,importance,std,pval,score_MAE,score_MSE,score_R2,score_R,unit,top_units,top_units_rank,dataset,_model,seed,step,add_special_tokens,zscore,take_activation_from,distance_metric,layer,min_max,conditional,Method
sentence_GROUP,0.012587771668496572,3.9642036777983136e-05,0.0,0.07187650683978311,0.008058676412747042,0.48372823553801386,0.6956143855045156,322,768,R2,short_sentence,bert-base-uncased,0,,True,False,first-token,euclidean,6,True,False,Multivariate
subj_TYPE,0.001094517538815176,1.1491381899228552e-05,0.0,0.07187650683978311,0.008058676412747042,0.48372823553801386,0.6956143855045156,322,768,R2,short_sentence,bert-base-uncased,0,,True,False,first-token,euclidean,6,True,False,Multivariate
subj_ANIM,5.979744885295097e-05,2.667513929446798e-06,1.3458669944076032e-111,0.07187650683978311,0.008058676412747042,0.48372823553801386,0.6956143855045156,322,768,R2,short_sentence,bert-base-uncased,0,,True,False,first-token,euclidean,6,True,False,Multivariate
subj_GEN,5.0595145090450084e-05,2.476974092541903e-06,4.892199697509134e-93,0.07187650683978311,0.008058676412747042,0.48372823553801386,0.6956143855045156,322,768,R2,short_sentence,bert-base-uncased,0,,True,False,first-token,euclidean,6,True,False,Multivariate
subj_NUM,1.5252961588121551e-05,1.3587919613557936e-06,1.5302694794023225e-29,0.07187650683978311,0.008058676412747042,0.48372823553801386,0.6956143855045156,322,768,R2,short_sentence,bert-base-uncased,0,,True,False,first-token,euclidean,6,True,False,Multivariate
subj_PERS,0.0,0.0,1.0,0.07187650683978311,0.008058676412747042,0.48372823553801386,0.6956143855045156,322,768,R2,short_sentence,bert-base-uncased,0,,True,False,first-token,euclidean,6,True,False,Multivariate
subj_ZIPF,9.587194159442338e-05,3.313286196658434e-06,2.129374349272177e-184,0.07187650683978311,0.008058676412747042,0.48372823553801386,0.6956143855045156,322,768,R2,short_sentence,bert-base-uncased,0,,True,False,first-token,euclidean,6,True,False,Multivariate
sentence_TENSE,0.0007562251964766612,9.558610361848451e-06,0.0,0.07187650683978311,0.008058676412747042,0.48372823553801386,0.6956143855045156,322,768,R2,short_sentence,bert-base-uncased,0,,True,False,first-token,euclidean,6,True,False,Multivariate
verb_ZIPF,0.0003345704093484369,6.565486863464152e-06,0.0,0.07187650683978311,0.008058676412747042,0.48372823553801386,0.6956143855045156,322,768,R2,short_sentence,bert-base-uncased,0,,True,False,first-token,euclidean,6,True,False,Multivariate
