Feature,importance,std,pval,score_MAE,score_MSE,score_R2,score_R,unit,top_units,top_units_rank,dataset,_model,seed,step,add_special_tokens,zscore,take_activation_from,distance_metric,layer,min_max,conditional,Method
sentence_GROUP,0.030195305424801828,5.3235205705648764e-05,0.0,0.04716959966511316,0.0052373275878977825,0.7431709891744368,0.8620904739894015,339,6,R2,short_sentence,bert-base-uncased,0,,True,False,first-token,euclidean,6,True,False,Multivariate
subj_TYPE,3.3992666916017083e-05,1.697390252303762e-06,1.6203729607400748e-89,0.04716959966511316,0.0052373275878977825,0.7431709891744368,0.8620904739894015,339,6,R2,short_sentence,bert-base-uncased,0,,True,False,first-token,euclidean,6,True,False,Multivariate
subj_ANIM,1.3382300654009782e-05,1.0177717038458003e-06,8.66461177551347e-40,0.04716959966511316,0.0052373275878977825,0.7431709891744368,0.8620904739894015,339,6,R2,short_sentence,bert-base-uncased,0,,True,False,first-token,euclidean,6,True,False,Multivariate
subj_GEN,0.0,0.0,1.0,0.04716959966511316,0.0052373275878977825,0.7431709891744368,0.8620904739894015,339,6,R2,short_sentence,bert-base-uncased,0,,True,False,first-token,euclidean,6,True,False,Multivariate
subj_NUM,0.0,0.0,1.0,0.04716959966511316,0.0052373275878977825,0.7431709891744368,0.8620904739894015,339,6,R2,short_sentence,bert-base-uncased,0,,True,False,first-token,euclidean,6,True,False,Multivariate
subj_PERS,3.4244197068073346e-05,1.6242527112050607e-06,5.690699320275241e-99,0.04716959966511316,0.0052373275878977825,0.7431709891744368,0.8620904739894015,339,6,R2,short_sentence,bert-base-uncased,0,,True,False,first-token,euclidean,6,True,False,Multivariate
subj_ZIPF,1.1357843135315422e-05,8.715750687021678e-07,4.055297745794434e-39,0.04716959966511316,0.0052373275878977825,0.7431709891744368,0.8620904739894015,339,6,R2,short_sentence,bert-base-uncased,0,,True,False,first-token,euclidean,6,True,False,Multivariate
sentence_TENSE,3.1013750464810175e-07,1.7205165054356647e-07,0.035726807664788626,0.04716959966511316,0.0052373275878977825,0.7431709891744368,0.8620904739894015,339,6,R2,short_sentence,bert-base-uncased,0,,True,False,first-token,euclidean,6,True,False,Multivariate
verb_ZIPF,7.544804722777648e-07,2.4377445608984524e-07,0.0009840844833311796,0.04716959966511316,0.0052373275878977825,0.7431709891744368,0.8620904739894015,339,6,R2,short_sentence,bert-base-uncased,0,,True,False,first-token,euclidean,6,True,False,Multivariate
