Feature,importance,std,pval,score_MAE,score_MSE,score_R2,score_R,dataset,_model,seed,step,add_special_tokens,zscore,take_activation_from,distance_metric,layer,min_max,conditional,Method
sentence_GROUP,0.012587771668496573,3.964203677798314e-05,0.0,0.07187650683978311,0.008058676412747042,0.4837282355380139,0.6956142632807373,short_sentence,bert-base-uncased,0,,True,False,first-token,euclidean,6,True,False,Multivariate
subj_TYPE,0.0010945175388151769,1.1491381899228557e-05,0.0,0.07187650683978311,0.008058676412747042,0.4837282355380139,0.6956142632807373,short_sentence,bert-base-uncased,0,,True,False,first-token,euclidean,6,True,False,Multivariate
subj_ANIM,5.979744885295101e-05,2.6675139294468005e-06,1.3458669944077567e-111,0.07187650683978311,0.008058676412747042,0.4837282355380139,0.6956142632807373,short_sentence,bert-base-uncased,0,,True,False,first-token,euclidean,6,True,False,Multivariate
subj_GEN,5.059514509045008e-05,2.476974092541899e-06,4.8921996975062066e-93,0.07187650683978311,0.008058676412747042,0.4837282355380139,0.6956142632807373,short_sentence,bert-base-uncased,0,,True,False,first-token,euclidean,6,True,False,Multivariate
subj_NUM,1.5252961588121646e-05,1.3587919613557962e-06,1.5302694794015008e-29,0.07187650683978311,0.008058676412747042,0.4837282355380139,0.6956142632807373,short_sentence,bert-base-uncased,0,,True,False,first-token,euclidean,6,True,False,Multivariate
subj_PERS,1.5572634177831837e-23,1.211696466710124e-23,0.09936248214918353,0.07187650683978311,0.008058676412747042,0.4837282355380139,0.6956142632807373,short_sentence,bert-base-uncased,0,,True,False,first-token,euclidean,6,True,False,Multivariate
subj_ZIPF,9.587194159442333e-05,3.313286196658434e-06,2.1293743492731468e-184,0.07187650683978311,0.008058676412747042,0.4837282355380139,0.6956142632807373,short_sentence,bert-base-uncased,0,,True,False,first-token,euclidean,6,True,False,Multivariate
sentence_TENSE,0.000756225196476661,9.558610361848448e-06,0.0,0.07187650683978311,0.008058676412747042,0.4837282355380139,0.6956142632807373,short_sentence,bert-base-uncased,0,,True,False,first-token,euclidean,6,True,False,Multivariate
verb_ZIPF,0.000334570409348437,6.565486863464153e-06,0.0,0.07187650683978311,0.008058676412747042,0.4837282355380139,0.6956142632807373,short_sentence,bert-base-uncased,0,,True,False,first-token,euclidean,6,True,False,Multivariate
