Feature,importance,std,pval,score_MAE,score_MSE,score_R2,score_R,unit,top_units,top_units_rank,dataset,_model,seed,step,add_special_tokens,zscore,take_activation_from,distance_metric,layer,min_max,conditional,Method
sentence_GROUP,0.04766581737304635,8.21179915013508e-05,0.0,0.06783646647479795,0.008127731269983531,0.757076591345534,0.8701283608128556,520,236,R2,short_sentence,bert-base-uncased,0,,True,False,first-token,euclidean,6,True,False,Multivariate
subj_TYPE,0.0018741297984859364,1.5162404383255273e-05,0.0,0.06783646647479795,0.008127731269983531,0.757076591345534,0.8701283608128556,520,236,R2,short_sentence,bert-base-uncased,0,,True,False,first-token,euclidean,6,True,False,Multivariate
subj_ANIM,0.0001839461777579756,4.6903129741939854e-06,0.0,0.06783646647479795,0.008127731269983531,0.757076591345534,0.8701283608128556,520,236,R2,short_sentence,bert-base-uncased,0,,True,False,first-token,euclidean,6,True,False,Multivariate
subj_GEN,2.1322610599910487e-05,1.6494796365965192e-06,1.587390786405533e-38,0.06783646647479795,0.008127731269983531,0.757076591345534,0.8701283608128556,520,236,R2,short_sentence,bert-base-uncased,0,,True,False,first-token,euclidean,6,True,False,Multivariate
subj_NUM,3.327826274724095e-05,2.0074290055885605e-06,5.063373574837852e-62,0.06783646647479795,0.008127731269983531,0.757076591345534,0.8701283608128556,520,236,R2,short_sentence,bert-base-uncased,0,,True,False,first-token,euclidean,6,True,False,Multivariate
subj_PERS,6.789110543313852e-06,8.636243918197761e-07,1.902591552006969e-15,0.06783646647479795,0.008127731269983531,0.757076591345534,0.8701283608128556,520,236,R2,short_sentence,bert-base-uncased,0,,True,False,first-token,euclidean,6,True,False,Multivariate
subj_ZIPF,7.984277626306152e-05,2.8938304686860223e-06,7.19590206150732e-168,0.06783646647479795,0.008127731269983531,0.757076591345534,0.8701283608128556,520,236,R2,short_sentence,bert-base-uncased,0,,True,False,first-token,euclidean,6,True,False,Multivariate
sentence_TENSE,0.00044923738514786034,7.415287800817163e-06,0.0,0.06783646647479795,0.008127731269983531,0.757076591345534,0.8701283608128556,520,236,R2,short_sentence,bert-base-uncased,0,,True,False,first-token,euclidean,6,True,False,Multivariate
verb_ZIPF,0.00014493236818490768,4.254364378107064e-06,1.1465547661324069e-254,0.06783646647479795,0.008127731269983531,0.757076591345534,0.8701283608128556,520,236,R2,short_sentence,bert-base-uncased,0,,True,False,first-token,euclidean,6,True,False,Multivariate
