Feature,importance,std,pval,score_MAE,score_MSE,score_R2,score_R,unit,top_units,top_units_rank,dataset,_model,seed,step,add_special_tokens,zscore,take_activation_from,distance_metric,layer,min_max,conditional,Method
sentence_GROUP,0.045405478486467976,8.659531586361435e-05,0.0,0.06551049695769502,0.009325576177574285,0.7112825510227951,0.8433874448603224,581,3,R2,short_sentence,bert-base-uncased,0,,True,False,first-token,euclidean,6,True,False,Multivariate
subj_TYPE,0.0003279729545412897,6.793893374475249e-06,0.0,0.06551049695769502,0.009325576177574285,0.7112825510227951,0.8433874448603224,581,3,R2,short_sentence,bert-base-uncased,0,,True,False,first-token,euclidean,6,True,False,Multivariate
subj_ANIM,0.0,0.0,1.0,0.06551049695769502,0.009325576177574285,0.7112825510227951,0.8433874448603224,581,3,R2,short_sentence,bert-base-uncased,0,,True,False,first-token,euclidean,6,True,False,Multivariate
subj_GEN,2.538098830786975e-06,6.631891339382817e-07,6.482786889443926e-05,0.06551049695769502,0.009325576177574285,0.7112825510227951,0.8433874448603224,581,3,R2,short_sentence,bert-base-uncased,0,,True,False,first-token,euclidean,6,True,False,Multivariate
subj_NUM,7.155703102248267e-06,9.749398519108552e-07,1.0708820419509625e-13,0.06551049695769502,0.009325576177574285,0.7112825510227951,0.8433874448603224,581,3,R2,short_sentence,bert-base-uncased,0,,True,False,first-token,euclidean,6,True,False,Multivariate
subj_PERS,0.0002679801648241609,6.296333081705071e-06,0.0,0.06551049695769502,0.009325576177574285,0.7112825510227951,0.8433874448603224,581,3,R2,short_sentence,bert-base-uncased,0,,True,False,first-token,euclidean,6,True,False,Multivariate
subj_ZIPF,2.059809513079005e-05,1.5382630241134252e-06,3.4363071693967153e-41,0.06551049695769502,0.009325576177574285,0.7112825510227951,0.8433874448603224,581,3,R2,short_sentence,bert-base-uncased,0,,True,False,first-token,euclidean,6,True,False,Multivariate
sentence_TENSE,1.4239124799561222e-06,4.893000735395688e-07,0.001806561686266987,0.06551049695769502,0.009325576177574285,0.7112825510227951,0.8433874448603224,581,3,R2,short_sentence,bert-base-uncased,0,,True,False,first-token,euclidean,6,True,False,Multivariate
verb_ZIPF,0.0,0.0,1.0,0.06551049695769502,0.009325576177574285,0.7112825510227951,0.8433874448603224,581,3,R2,short_sentence,bert-base-uncased,0,,True,False,first-token,euclidean,6,True,False,Multivariate
