Feature,importance,std,pval,score_MAE,score_MSE,score_R2,score_R,unit,top_units,top_units_rank,dataset,_model,seed,step,add_special_tokens,zscore,take_activation_from,distance_metric,layer,min_max,conditional,Method
sentence_GROUP,0.04428154133699599,8.132783458343391e-05,0.0,0.07140831593173988,0.008726103960574048,0.7318011941855551,0.855484654001061,346,299,R2,short_sentence,bert-base-uncased,0,,True,False,first-token,euclidean,6,True,False,Multivariate
subj_TYPE,0.001995471633355753,1.619920968306278e-05,0.0,0.07140831593173988,0.008726103960574048,0.7318011941855551,0.855484654001061,346,299,R2,short_sentence,bert-base-uncased,0,,True,False,first-token,euclidean,6,True,False,Multivariate
subj_ANIM,0.00018553823369494784,4.90378085730216e-06,0.0,0.07140831593173988,0.008726103960574048,0.7318011941855551,0.855484654001061,346,299,R2,short_sentence,bert-base-uncased,0,,True,False,first-token,euclidean,6,True,False,Multivariate
subj_GEN,2.3731489072925943e-05,1.7881871539694584e-06,1.6991882204131529e-40,0.07140831593173988,0.008726103960574048,0.7318011941855551,0.855484654001061,346,299,R2,short_sentence,bert-base-uncased,0,,True,False,first-token,euclidean,6,True,False,Multivariate
subj_NUM,3.0180307128188088e-05,2.0037182178732057e-06,1.4364196954201416e-51,0.07140831593173988,0.008726103960574048,0.7318011941855551,0.855484654001061,346,299,R2,short_sentence,bert-base-uncased,0,,True,False,first-token,euclidean,6,True,False,Multivariate
subj_PERS,3.395438767071239e-07,2.7300353831051867e-07,0.10679867571812429,0.07140831593173988,0.008726103960574048,0.7318011941855551,0.855484654001061,346,299,R2,short_sentence,bert-base-uncased,0,,True,False,first-token,euclidean,6,True,False,Multivariate
subj_ZIPF,9.48540694520511e-05,3.2854385823627697e-06,1.3788705358663653e-183,0.07140831593173988,0.008726103960574048,0.7318011941855551,0.855484654001061,346,299,R2,short_sentence,bert-base-uncased,0,,True,False,first-token,euclidean,6,True,False,Multivariate
sentence_TENSE,0.0006174475408845729,8.999067954592731e-06,0.0,0.07140831593173988,0.008726103960574048,0.7318011941855551,0.855484654001061,346,299,R2,short_sentence,bert-base-uncased,0,,True,False,first-token,euclidean,6,True,False,Multivariate
verb_ZIPF,0.0001907177547423663,5.066927244339911e-06,2.40891650214706e-310,0.07140831593173988,0.008726103960574048,0.7318011941855551,0.855484654001061,346,299,R2,short_sentence,bert-base-uncased,0,,True,False,first-token,euclidean,6,True,False,Multivariate
