Feature,importance,std,pval,score_MAE,score_MSE,score_R2,score_R,unit,top_units,top_units_rank,dataset,_model,seed,step,add_special_tokens,zscore,take_activation_from,distance_metric,layer,min_max,conditional,Method
sentence_GROUP,0.029024940447875305,5.900758521410795e-05,0.0,0.06604574617642123,0.007207895940749356,0.6899382071158696,0.8306708166464318,377,379,R2,short_sentence,bert-base-uncased,0,,True,False,first-token,euclidean,6,True,False,Multivariate
subj_TYPE,0.0017155107128808088,1.3634165755277998e-05,0.0,0.06604574617642123,0.007207895940749356,0.6899382071158696,0.8306708166464318,377,379,R2,short_sentence,bert-base-uncased,0,,True,False,first-token,euclidean,6,True,False,Multivariate
subj_ANIM,0.00017329987337596586,4.315433374338943e-06,0.0,0.06604574617642123,0.007207895940749356,0.6899382071158696,0.8306708166464318,377,379,R2,short_sentence,bert-base-uncased,0,,True,False,first-token,euclidean,6,True,False,Multivariate
subj_GEN,2.8214827209411654e-05,1.7597317348313516e-06,3.72237534631033e-58,0.06604574617642123,0.007207895940749356,0.6899382071158696,0.8306708166464318,377,379,R2,short_sentence,bert-base-uncased,0,,True,False,first-token,euclidean,6,True,False,Multivariate
subj_NUM,1.9434583162809113e-05,1.4603265703965798e-06,1.0345774515751929e-40,0.06604574617642123,0.007207895940749356,0.6899382071158696,0.8306708166464318,377,379,R2,short_sentence,bert-base-uncased,0,,True,False,first-token,euclidean,6,True,False,Multivariate
subj_PERS,1.0722692989487885e-22,5.103120610113293e-22,0.4167868860105093,0.06604574617642123,0.007207895940749356,0.6899382071158696,0.8306708166464318,377,379,R2,short_sentence,bert-base-uncased,0,,True,False,first-token,euclidean,6,True,False,Multivariate
subj_ZIPF,7.900617882614868e-05,2.7538115795858304e-06,2.56048928895531e-181,0.06604574617642123,0.007207895940749356,0.6899382071158696,0.8306708166464318,377,379,R2,short_sentence,bert-base-uncased,0,,True,False,first-token,euclidean,6,True,False,Multivariate
sentence_TENSE,0.0006259920939139968,8.221618910699066e-06,0.0,0.06604574617642123,0.007207895940749356,0.6899382071158696,0.8306708166464318,377,379,R2,short_sentence,bert-base-uncased,0,,True,False,first-token,euclidean,6,True,False,Multivariate
verb_ZIPF,0.00021102170767846526,4.856683219298385e-06,0.0,0.06604574617642123,0.007207895940749356,0.6899382071158696,0.8306708166464318,377,379,R2,short_sentence,bert-base-uncased,0,,True,False,first-token,euclidean,6,True,False,Multivariate
