Feature,importance,std,pval,score_MAE,score_MSE,score_R2,score_R,unit,top_units,top_units_rank,dataset,_model,seed,step,add_special_tokens,zscore,take_activation_from,distance_metric,layer,min_max,conditional,Method
sentence_GROUP,0.05685323387261525,8.929515283832968e-05,0.0,0.05560872614240853,0.007656531734370926,0.7899584170909577,0.8888180772270814,48,14,R2,short_sentence,bert-base-uncased,0,,True,False,first-token,euclidean,4,True,False,Multivariate
subj_TYPE,0.0002152746888589981,5.023205384661431e-06,0.0,0.05560872614240853,0.007656531734370926,0.7899584170909577,0.8888180772270814,48,14,R2,short_sentence,bert-base-uncased,0,,True,False,first-token,euclidean,4,True,False,Multivariate
subj_ANIM,0.00026126834047064174,5.998114152374755e-06,0.0,0.05560872614240853,0.007656531734370926,0.7899584170909577,0.8888180772270814,48,14,R2,short_sentence,bert-base-uncased,0,,True,False,first-token,euclidean,4,True,False,Multivariate
subj_GEN,7.448290634927047e-06,9.107905026905e-07,1.4449958045692774e-16,0.05560872614240853,0.007656531734370926,0.7899584170909577,0.8888180772270814,48,14,R2,short_sentence,bert-base-uncased,0,,True,False,first-token,euclidean,4,True,False,Multivariate
subj_NUM,9.437685455702303e-07,3.245347824165207e-07,0.0018183582557360475,0.05560872614240853,0.007656531734370926,0.7899584170909577,0.8888180772270814,48,14,R2,short_sentence,bert-base-uncased,0,,True,False,first-token,euclidean,4,True,False,Multivariate
subj_PERS,0.0,0.0,1.0,0.05560872614240853,0.007656531734370926,0.7899584170909577,0.8888180772270814,48,14,R2,short_sentence,bert-base-uncased,0,,True,False,first-token,euclidean,4,True,False,Multivariate
subj_ZIPF,6.306380297612331e-07,2.588019279542865e-07,0.007409768112721201,0.05560872614240853,0.007656531734370926,0.7899584170909577,0.8888180772270814,48,14,R2,short_sentence,bert-base-uncased,0,,True,False,first-token,euclidean,4,True,False,Multivariate
sentence_TENSE,3.9537387235837225e-06,6.719649023404781e-07,2.0041911663383025e-09,0.05560872614240853,0.007656531734370926,0.7899584170909577,0.8888180772270814,48,14,R2,short_sentence,bert-base-uncased,0,,True,False,first-token,euclidean,4,True,False,Multivariate
verb_ZIPF,8.661290597398178e-08,1.2958142392310532e-07,0.2519374678551105,0.05560872614240853,0.007656531734370926,0.7899584170909577,0.8888180772270814,48,14,R2,short_sentence,bert-base-uncased,0,,True,False,first-token,euclidean,4,True,False,Multivariate
