Feature,importance,std,pval,score_MAE,score_MSE,score_R2,score_R,unit,top_units,top_units_rank,dataset,_model,seed,step,add_special_tokens,zscore,take_activation_from,distance_metric,layer,min_max,conditional,Method
sentence_GROUP,0.022690500070547036,4.610794003615771e-05,0.0,0.05458762249244348,0.005534372836852314,0.710978423525794,0.8432090545177111,337,299,R2,short_sentence,bert-base-uncased,0,,True,False,first-token,euclidean,4,True,False,Multivariate
subj_TYPE,0.0036844661060173815,1.783135461846521e-05,0.0,0.05458762249244348,0.005534372836852314,0.710978423525794,0.8432090545177111,337,299,R2,short_sentence,bert-base-uncased,0,,True,False,first-token,euclidean,4,True,False,Multivariate
subj_ANIM,0.0004837178372778161,6.643412116730837e-06,0.0,0.05458762249244348,0.005534372836852314,0.710978423525794,0.8432090545177111,337,299,R2,short_sentence,bert-base-uncased,0,,True,False,first-token,euclidean,4,True,False,Multivariate
subj_GEN,5.798217593776839e-05,2.099636991312488e-06,3.6413488614488126e-168,0.05458762249244348,0.005534372836852314,0.710978423525794,0.8432090545177111,337,299,R2,short_sentence,bert-base-uncased,0,,True,False,first-token,euclidean,4,True,False,Multivariate
subj_NUM,1.60170329576676e-05,1.1266503624122834e-06,3.618812114910126e-46,0.05458762249244348,0.005534372836852314,0.710978423525794,0.8432090545177111,337,299,R2,short_sentence,bert-base-uncased,0,,True,False,first-token,euclidean,4,True,False,Multivariate
subj_PERS,2.551420383695968e-22,1.8835577437079295e-22,0.0877764885795198,0.05458762249244348,0.005534372836852314,0.710978423525794,0.8432090545177111,337,299,R2,short_sentence,bert-base-uncased,0,,True,False,first-token,euclidean,4,True,False,Multivariate
subj_ZIPF,0.00012356119681434187,2.653093751112209e-06,0.0,0.05458762249244348,0.005534372836852314,0.710978423525794,0.8432090545177111,337,299,R2,short_sentence,bert-base-uncased,0,,True,False,first-token,euclidean,4,True,False,Multivariate
sentence_TENSE,3.300271878681819e-05,1.6641333041885804e-06,7.917452406999e-88,0.05458762249244348,0.005534372836852314,0.710978423525794,0.8432090545177111,337,299,R2,short_sentence,bert-base-uncased,0,,True,False,first-token,euclidean,4,True,False,Multivariate
verb_ZIPF,8.376267919094483e-05,2.6186479119704864e-06,8.268555262900471e-225,0.05458762249244348,0.005534372836852314,0.710978423525794,0.8432090545177111,337,299,R2,short_sentence,bert-base-uncased,0,,True,False,first-token,euclidean,4,True,False,Multivariate
