Feature,importance,std,pval,score_MAE,score_MSE,score_R2,score_R,unit,top_units,top_units_rank,dataset,_model,seed,step,add_special_tokens,zscore,take_activation_from,distance_metric,layer,min_max,conditional,Method
sentence_GROUP,0.05108873322661995,8.207296350709699e-05,0.0,0.05393577644598388,0.007225479185780419,0.7821191861815698,0.8843944237561182,40,17,R2,short_sentence,bert-base-uncased,0,,True,False,first-token,euclidean,4,True,False,Multivariate
subj_TYPE,0.00028044738905107794,5.570201258248835e-06,0.0,0.05393577644598388,0.007225479185780419,0.7821191861815698,0.8843944237561182,40,17,R2,short_sentence,bert-base-uncased,0,,True,False,first-token,euclidean,4,True,False,Multivariate
subj_ANIM,0.0002896322193699227,6.24585069580833e-06,0.0,0.05393577644598388,0.007225479185780419,0.7821191861815698,0.8843944237561182,40,17,R2,short_sentence,bert-base-uncased,0,,True,False,first-token,euclidean,4,True,False,Multivariate
subj_GEN,1.0593462892074348e-05,1.046288448519497e-06,2.1442391777544573e-24,0.05393577644598388,0.007225479185780419,0.7821191861815698,0.8843944237561182,40,17,R2,short_sentence,bert-base-uncased,0,,True,False,first-token,euclidean,4,True,False,Multivariate
subj_NUM,6.236873010248792e-07,2.5558211571749563e-07,0.007338308523226994,0.05393577644598388,0.007225479185780419,0.7821191861815698,0.8843944237561182,40,17,R2,short_sentence,bert-base-uncased,0,,True,False,first-token,euclidean,4,True,False,Multivariate
subj_PERS,0.0,0.0,1.0,0.05393577644598388,0.007225479185780419,0.7821191861815698,0.8843944237561182,40,17,R2,short_sentence,bert-base-uncased,0,,True,False,first-token,euclidean,4,True,False,Multivariate
subj_ZIPF,-2.574369137272628e-08,3.412814746765546e-08,0.7746727465038508,0.05393577644598388,0.007225479185780419,0.7821191861815698,0.8843944237561182,40,17,R2,short_sentence,bert-base-uncased,0,,True,False,first-token,euclidean,4,True,False,Multivariate
sentence_TENSE,4.0523138158882716e-06,6.599899585175804e-07,4.127039526802458e-10,0.05393577644598388,0.007225479185780419,0.7821191861815698,0.8843944237561182,40,17,R2,short_sentence,bert-base-uncased,0,,True,False,first-token,euclidean,4,True,False,Multivariate
verb_ZIPF,-1.0875401361208631e-08,7.731893319357203e-08,0.5559292975111351,0.05393577644598388,0.007225479185780419,0.7821191861815698,0.8843944237561182,40,17,R2,short_sentence,bert-base-uncased,0,,True,False,first-token,euclidean,4,True,False,Multivariate
