Feature,importance,std,pval,score_MAE,score_MSE,score_R2,score_R,unit,top_units,top_units_rank,dataset,_model,seed,step,add_special_tokens,zscore,take_activation_from,distance_metric,layer,min_max,conditional,Method
sentence_GROUP,0.04480679946593758,7.664646025118136e-05,0.0,0.055223211959409636,0.0072679677854878,0.7566320573327203,0.8698979857542843,581,6,R2,short_sentence,bert-base-uncased,0,,True,False,first-token,euclidean,4,True,False,Multivariate
subj_TYPE,0.0,0.0,1.0,0.055223211959409636,0.0072679677854878,0.7566320573327203,0.8698979857542843,581,6,R2,short_sentence,bert-base-uncased,0,,True,False,first-token,euclidean,4,True,False,Multivariate
subj_ANIM,0.0001335758526886744,3.9878440409583515e-06,2.7782931427104533e-246,0.055223211959409636,0.0072679677854878,0.7566320573327203,0.8698979857542843,581,6,R2,short_sentence,bert-base-uncased,0,,True,False,first-token,euclidean,4,True,False,Multivariate
subj_GEN,3.024410485312175e-06,5.688386134979199e-07,5.279925349256776e-08,0.055223211959409636,0.0072679677854878,0.7566320573327203,0.8698979857542843,581,6,R2,short_sentence,bert-base-uncased,0,,True,False,first-token,euclidean,4,True,False,Multivariate
subj_NUM,1.3155250191977042e-07,1.1104476503650829e-07,0.11807201489379099,0.055223211959409636,0.0072679677854878,0.7566320573327203,0.8698979857542843,581,6,R2,short_sentence,bert-base-uncased,0,,True,False,first-token,euclidean,4,True,False,Multivariate
subj_PERS,0.0,0.0,1.0,0.055223211959409636,0.0072679677854878,0.7566320573327203,0.8698979857542843,581,6,R2,short_sentence,bert-base-uncased,0,,True,False,first-token,euclidean,4,True,False,Multivariate
subj_ZIPF,3.014561197173252e-06,5.432158018855298e-07,1.4326634301824945e-08,0.055223211959409636,0.0072679677854878,0.7566320573327203,0.8698979857542843,581,6,R2,short_sentence,bert-base-uncased,0,,True,False,first-token,euclidean,4,True,False,Multivariate
sentence_TENSE,3.243721573266107e-06,5.922780351010496e-07,2.1668105946261186e-08,0.055223211959409636,0.0072679677854878,0.7566320573327203,0.8698979857542843,581,6,R2,short_sentence,bert-base-uncased,0,,True,False,first-token,euclidean,4,True,False,Multivariate
verb_ZIPF,0.0,0.0,1.0,0.055223211959409636,0.0072679677854878,0.7566320573327203,0.8698979857542843,581,6,R2,short_sentence,bert-base-uncased,0,,True,False,first-token,euclidean,4,True,False,Multivariate
