Feature,importance,std,pval,score_MAE,score_MSE,score_R2,score_R,unit,top_units,top_units_rank,dataset,_model,seed,step,add_special_tokens,zscore,take_activation_from,distance_metric,layer,min_max,conditional,Method
sentence_GROUP,0.020962235510611958,4.425734602809137e-05,0.0,0.05541648115370864,0.005584726108229904,0.6932454730405081,0.832629252371431,440,379,R2,short_sentence,bert-base-uncased,0,,True,False,first-token,euclidean,4,True,False,Multivariate
subj_TYPE,0.003244823805243342,1.6791208727262612e-05,0.0,0.05541648115370864,0.005584726108229904,0.6932454730405081,0.832629252371431,440,379,R2,short_sentence,bert-base-uncased,0,,True,False,first-token,euclidean,4,True,False,Multivariate
subj_ANIM,0.0005397455972051978,7.0452519173066065e-06,0.0,0.05541648115370864,0.005584726108229904,0.6932454730405081,0.832629252371431,440,379,R2,short_sentence,bert-base-uncased,0,,True,False,first-token,euclidean,4,True,False,Multivariate
subj_GEN,6.875340865525877e-05,2.3099305678385733e-06,5.667153481489362e-195,0.05541648115370864,0.005584726108229904,0.6932454730405081,0.832629252371431,440,379,R2,short_sentence,bert-base-uncased,0,,True,False,first-token,euclidean,4,True,False,Multivariate
subj_NUM,1.8964411719404545e-05,1.2369655022791693e-06,2.3585807572229536e-53,0.05541648115370864,0.005584726108229904,0.6932454730405081,0.832629252371431,440,379,R2,short_sentence,bert-base-uncased,0,,True,False,first-token,euclidean,4,True,False,Multivariate
subj_PERS,1.466568396331491e-22,1.5322018174724905e-22,0.16924224620435413,0.05541648115370864,0.005584726108229904,0.6932454730405081,0.832629252371431,440,379,R2,short_sentence,bert-base-uncased,0,,True,False,first-token,euclidean,4,True,False,Multivariate
subj_ZIPF,0.00016706339471774957,3.1064644542073624e-06,0.0,0.05541648115370864,0.005584726108229904,0.6932454730405081,0.832629252371431,440,379,R2,short_sentence,bert-base-uncased,0,,True,False,first-token,euclidean,4,True,False,Multivariate
sentence_TENSE,4.176531629803551e-05,1.880542349735486e-06,1.3997933283902833e-109,0.05541648115370864,0.005584726108229904,0.6932454730405081,0.832629252371431,440,379,R2,short_sentence,bert-base-uncased,0,,True,False,first-token,euclidean,4,True,False,Multivariate
verb_ZIPF,0.00012049446667732707,3.1589083781622467e-06,0.0,0.05541648115370864,0.005584726108229904,0.6932454730405081,0.832629252371431,440,379,R2,short_sentence,bert-base-uncased,0,,True,False,first-token,euclidean,4,True,False,Multivariate
