Feature,importance,std,pval,score_MAE,score_MSE,score_R2,score_R,unit,top_units,top_units_rank,dataset,_model,seed,step,add_special_tokens,zscore,take_activation_from,distance_metric,layer,min_max,conditional,Method
sentence_GROUP,0.016078489074462965,4.432143560227222e-05,0.0,0.06756888156028579,0.0077259833410444415,0.5605714297387285,0.7487544427887234,549,768,R2,short_sentence,bert-base-uncased,0,,True,False,first-token,euclidean,4,True,False,Multivariate
subj_TYPE,0.0019357263279251437,1.511699003532625e-05,0.0,0.06756888156028579,0.0077259833410444415,0.5605714297387285,0.7487544427887234,549,768,R2,short_sentence,bert-base-uncased,0,,True,False,first-token,euclidean,4,True,False,Multivariate
subj_ANIM,0.0004020418219062846,6.862201251326148e-06,0.0,0.06756888156028579,0.0077259833410444415,0.5605714297387285,0.7487544427887234,549,768,R2,short_sentence,bert-base-uncased,0,,True,False,first-token,euclidean,4,True,False,Multivariate
subj_GEN,0.0001217158855282048,3.734522182586198e-06,2.654331043170257e-233,0.06756888156028579,0.0077259833410444415,0.5605714297387285,0.7487544427887234,549,768,R2,short_sentence,bert-base-uncased,0,,True,False,first-token,euclidean,4,True,False,Multivariate
subj_NUM,2.206877379991221e-05,1.5960301903868244e-06,8.723410465102282e-44,0.06756888156028579,0.0077259833410444415,0.5605714297387285,0.7487544427887234,549,768,R2,short_sentence,bert-base-uncased,0,,True,False,first-token,euclidean,4,True,False,Multivariate
subj_PERS,1.7859942685871775e-22,1.036384352978997e-22,0.04241774442435532,0.06756888156028579,0.0077259833410444415,0.5605714297387285,0.7487544427887234,549,768,R2,short_sentence,bert-base-uncased,0,,True,False,first-token,euclidean,4,True,False,Multivariate
subj_ZIPF,0.0004362371749948656,6.233809989832465e-06,0.0,0.06756888156028579,0.0077259833410444415,0.5605714297387285,0.7487544427887234,549,768,R2,short_sentence,bert-base-uncased,0,,True,False,first-token,euclidean,4,True,False,Multivariate
sentence_TENSE,9.943466889034112e-05,3.40132617841735e-06,3.577290255881043e-188,0.06756888156028579,0.0077259833410444415,0.5605714297387285,0.7487544427887234,549,768,R2,short_sentence,bert-base-uncased,0,,True,False,first-token,euclidean,4,True,False,Multivariate
verb_ZIPF,0.00035315078750405013,6.366783839358476e-06,0.0,0.06756888156028579,0.0077259833410444415,0.5605714297387285,0.7487544427887234,549,768,R2,short_sentence,bert-base-uncased,0,,True,False,first-token,euclidean,4,True,False,Multivariate
