Feature,importance,std,pval,score_MAE,score_MSE,score_R2,score_R,unit,top_units,top_units_rank,dataset,_model,seed,step,add_special_tokens,zscore,take_activation_from,distance_metric,layer,min_max,conditional,Method
sentence_GROUP,0.017249573639739856,4.2200773840246245e-05,0.0,0.060595018316298516,0.006395863306959525,0.6224334517166249,0.7889758032996004,41,607,R2,short_sentence,bert-base-uncased,0,,True,False,first-token,euclidean,4,True,False,Multivariate
subj_TYPE,0.0023190809295889916,1.5098311214327312e-05,0.0,0.060595018316298516,0.006395863306959525,0.6224334517166249,0.7889758032996004,41,607,R2,short_sentence,bert-base-uncased,0,,True,False,first-token,euclidean,4,True,False,Multivariate
subj_ANIM,0.0005013951779197915,7.097946898929131e-06,0.0,0.060595018316298516,0.006395863306959525,0.6224334517166249,0.7889758032996004,41,607,R2,short_sentence,bert-base-uncased,0,,True,False,first-token,euclidean,4,True,False,Multivariate
subj_GEN,9.790516244319326e-05,3.0209701279297496e-06,1.0410889309766255e-230,0.060595018316298516,0.006395863306959525,0.6224334517166249,0.7889758032996004,41,607,R2,short_sentence,bert-base-uncased,0,,True,False,first-token,euclidean,4,True,False,Multivariate
subj_NUM,2.1196771695676214e-05,1.4250633393360284e-06,2.421321858901498e-50,0.060595018316298516,0.006395863306959525,0.6224334517166249,0.7889758032996004,41,607,R2,short_sentence,bert-base-uncased,0,,True,False,first-token,euclidean,4,True,False,Multivariate
subj_PERS,-1.4182776577460345e-23,1.1592752615464063e-22,0.5486858162277235,0.060595018316298516,0.006395863306959525,0.6224334517166249,0.7889758032996004,41,607,R2,short_sentence,bert-base-uncased,0,,True,False,first-token,euclidean,4,True,False,Multivariate
subj_ZIPF,0.00033001637554034695,4.795972314824349e-06,0.0,0.060595018316298516,0.006395863306959525,0.6224334517166249,0.7889758032996004,41,607,R2,short_sentence,bert-base-uncased,0,,True,False,first-token,euclidean,4,True,False,Multivariate
sentence_TENSE,7.274501988684367e-05,2.6459496319336913e-06,1.0652136924886169e-166,0.060595018316298516,0.006395863306959525,0.6224334517166249,0.7889758032996004,41,607,R2,short_sentence,bert-base-uncased,0,,True,False,first-token,euclidean,4,True,False,Multivariate
verb_ZIPF,0.00027319311823896075,5.057206872723285e-06,0.0,0.060595018316298516,0.006395863306959525,0.6224334517166249,0.7889758032996004,41,607,R2,short_sentence,bert-base-uncased,0,,True,False,first-token,euclidean,4,True,False,Multivariate
