Feature,importance,std,pval,score_MAE,score_MSE,score_R2,score_R,unit,top_units,top_units_rank,dataset,_model,seed,step,add_special_tokens,zscore,take_activation_from,distance_metric,layer,min_max,conditional,Method
sentence_GROUP,0.02867727098341995,4.92337440328555e-05,0.0,0.047696564889461696,0.004767202706589126,0.7707844632049012,0.8779500871133228,241,57,R2,short_sentence,bert-base-uncased,0,,True,False,first-token,euclidean,4,True,False,Multivariate
subj_TYPE,0.0030483192861602676,1.5006533095018053e-05,0.0,0.047696564889461696,0.004767202706589126,0.7707844632049012,0.8779500871133228,241,57,R2,short_sentence,bert-base-uncased,0,,True,False,first-token,euclidean,4,True,False,Multivariate
subj_ANIM,0.0002875495600296734,5.027632132901132e-06,0.0,0.047696564889461696,0.004767202706589126,0.7707844632049012,0.8779500871133228,241,57,R2,short_sentence,bert-base-uncased,0,,True,False,first-token,euclidean,4,True,False,Multivariate
subj_GEN,2.1354377770579046e-05,1.1716684129364793e-06,1.6160992220490848e-74,0.047696564889461696,0.004767202706589126,0.7707844632049012,0.8779500871133228,241,57,R2,short_sentence,bert-base-uncased,0,,True,False,first-token,euclidean,4,True,False,Multivariate
subj_NUM,3.995699250615686e-06,5.412768220503577e-07,7.79713600352069e-14,0.047696564889461696,0.004767202706589126,0.7707844632049012,0.8779500871133228,241,57,R2,short_sentence,bert-base-uncased,0,,True,False,first-token,euclidean,4,True,False,Multivariate
subj_PERS,0.0,0.0,1.0,0.047696564889461696,0.004767202706589126,0.7707844632049012,0.8779500871133228,241,57,R2,short_sentence,bert-base-uncased,0,,True,False,first-token,euclidean,4,True,False,Multivariate
subj_ZIPF,1.6517628238886943e-05,9.001517276492858e-07,1.6558335758730405e-75,0.047696564889461696,0.004767202706589126,0.7707844632049012,0.8779500871133228,241,57,R2,short_sentence,bert-base-uncased,0,,True,False,first-token,euclidean,4,True,False,Multivariate
sentence_TENSE,1.1688053274057788e-05,9.145285739428155e-07,1.0547260498838343e-37,0.047696564889461696,0.004767202706589126,0.7707844632049012,0.8779500871133228,241,57,R2,short_sentence,bert-base-uncased,0,,True,False,first-token,euclidean,4,True,False,Multivariate
verb_ZIPF,1.3873436303744546e-05,9.802777651588325e-07,9.004488198854014e-46,0.047696564889461696,0.004767202706589126,0.7707844632049012,0.8779500871133228,241,57,R2,short_sentence,bert-base-uncased,0,,True,False,first-token,euclidean,4,True,False,Multivariate
