Feature,importance,std,pval,score_MAE,score_MSE,score_R2,score_R,unit,top_units,top_units_rank,dataset,_model,seed,step,add_special_tokens,zscore,take_activation_from,distance_metric,layer,min_max,conditional,Method
sentence_GROUP,0.03207054381320392,5.901563711805257e-05,0.0,0.05086250061432696,0.006078620111681819,0.7260691849506411,0.8521396579744498,676,4,R2,short_sentence,bert-base-uncased,0,,True,False,first-token,euclidean,4,True,False,Multivariate
subj_TYPE,0.0,0.0,1.0,0.05086250061432696,0.006078620111681819,0.7260691849506411,0.8521396579744498,676,4,R2,short_sentence,bert-base-uncased,0,,True,False,first-token,euclidean,4,True,False,Multivariate
subj_ANIM,7.831675958755875e-05,2.749925878414107e-06,1.0484241566672338e-178,0.05086250061432696,0.006078620111681819,0.7260691849506411,0.8521396579744498,676,4,R2,short_sentence,bert-base-uncased,0,,True,False,first-token,euclidean,4,True,False,Multivariate
subj_GEN,5.381816100677395e-07,2.3490379052304544e-07,0.010979610984147096,0.05086250061432696,0.006078620111681819,0.7260691849506411,0.8521396579744498,676,4,R2,short_sentence,bert-base-uncased,0,,True,False,first-token,euclidean,4,True,False,Multivariate
subj_NUM,0.0,0.0,1.0,0.05086250061432696,0.006078620111681819,0.7260691849506411,0.8521396579744498,676,4,R2,short_sentence,bert-base-uncased,0,,True,False,first-token,euclidean,4,True,False,Multivariate
subj_PERS,0.0,0.0,1.0,0.05086250061432696,0.006078620111681819,0.7260691849506411,0.8521396579744498,676,4,R2,short_sentence,bert-base-uncased,0,,True,False,first-token,euclidean,4,True,False,Multivariate
subj_ZIPF,0.0,0.0,1.0,0.05086250061432696,0.006078620111681819,0.7260691849506411,0.8521396579744498,676,4,R2,short_sentence,bert-base-uncased,0,,True,False,first-token,euclidean,4,True,False,Multivariate
sentence_TENSE,4.620820853040053e-06,6.424220696070921e-07,3.17352708997288e-13,0.05086250061432696,0.006078620111681819,0.7260691849506411,0.8521396579744498,676,4,R2,short_sentence,bert-base-uncased,0,,True,False,first-token,euclidean,4,True,False,Multivariate
verb_ZIPF,3.1827032624764673e-07,1.7675181742651562e-07,0.03587806508388821,0.05086250061432696,0.006078620111681819,0.7260691849506411,0.8521396579744498,676,4,R2,short_sentence,bert-base-uncased,0,,True,False,first-token,euclidean,4,True,False,Multivariate
