Feature,importance,std,pval,score_MAE,score_MSE,score_R2,score_R,unit,top_units,top_units_rank,dataset,_model,seed,step,add_special_tokens,zscore,take_activation_from,distance_metric,layer,min_max,conditional,Method
sentence_GROUP,0.04221582151470694,7.2261073167615e-05,0.0,0.05399733004383011,0.006849895707779876,0.7560325473061739,0.8695417030489385,523,5,R2,short_sentence,bert-base-uncased,0,,True,False,first-token,euclidean,4,True,False,Multivariate
subj_TYPE,0.0,0.0,1.0,0.05399733004383011,0.006849895707779876,0.7560325473061739,0.8695417030489385,523,5,R2,short_sentence,bert-base-uncased,0,,True,False,first-token,euclidean,4,True,False,Multivariate
subj_ANIM,0.0001194848555292306,3.632315238045562e-06,1.297411737520535e-237,0.05399733004383011,0.006849895707779876,0.7560325473061739,0.8695417030489385,523,5,R2,short_sentence,bert-base-uncased,0,,True,False,first-token,euclidean,4,True,False,Multivariate
subj_GEN,6.955127628588929e-07,2.757924084127763e-07,0.0058366322424579405,0.05399733004383011,0.006849895707779876,0.7560325473061739,0.8695417030489385,523,5,R2,short_sentence,bert-base-uncased,0,,True,False,first-token,euclidean,4,True,False,Multivariate
subj_NUM,0.0,0.0,1.0,0.05399733004383011,0.006849895707779876,0.7560325473061739,0.8695417030489385,523,5,R2,short_sentence,bert-base-uncased,0,,True,False,first-token,euclidean,4,True,False,Multivariate
subj_PERS,0.0,0.0,1.0,0.05399733004383011,0.006849895707779876,0.7560325473061739,0.8695417030489385,523,5,R2,short_sentence,bert-base-uncased,0,,True,False,first-token,euclidean,4,True,False,Multivariate
subj_ZIPF,-2.2537437456521217e-08,4.906720781491636e-08,0.6769969835467666,0.05399733004383011,0.006849895707779876,0.7560325473061739,0.8695417030489385,523,5,R2,short_sentence,bert-base-uncased,0,,True,False,first-token,euclidean,4,True,False,Multivariate
sentence_TENSE,3.954539478709381e-06,6.338049125173722e-07,2.1967694049858343e-10,0.05399733004383011,0.006849895707779876,0.7560325473061739,0.8695417030489385,523,5,R2,short_sentence,bert-base-uncased,0,,True,False,first-token,euclidean,4,True,False,Multivariate
verb_ZIPF,-6.493714092382283e-10,6.8976833066054515e-09,0.5375023802967839,0.05399733004383011,0.006849895707779876,0.7560325473061739,0.8695417030489385,523,5,R2,short_sentence,bert-base-uncased,0,,True,False,first-token,euclidean,4,True,False,Multivariate
