Feature,importance,std,pval,score_MAE,score_MSE,score_R2,score_R,unit,top_units,top_units_rank,dataset,_model,seed,step,add_special_tokens,zscore,take_activation_from,distance_metric,layer,min_max,conditional,Method
sentence_GROUP,0.026411902838532727,4.735433276216727e-05,0.0,0.0486946155090129,0.004829751763791617,0.7581498440058274,0.8707269066796559,266,73,R2,short_sentence,bert-base-uncased,0,,True,False,first-token,euclidean,4,True,False,Multivariate
subj_TYPE,0.003587750977273279,1.643193446802302e-05,0.0,0.0486946155090129,0.004829751763791617,0.7581498440058274,0.8707269066796559,266,73,R2,short_sentence,bert-base-uncased,0,,True,False,first-token,euclidean,4,True,False,Multivariate
subj_ANIM,0.0002747253666619041,4.9340159967540996e-06,0.0,0.0486946155090129,0.004829751763791617,0.7581498440058274,0.8707269066796559,266,73,R2,short_sentence,bert-base-uncased,0,,True,False,first-token,euclidean,4,True,False,Multivariate
subj_GEN,2.5076973156283156e-05,1.2524734450141944e-06,1.772490776802579e-89,0.0486946155090129,0.004829751763791617,0.7581498440058274,0.8707269066796559,266,73,R2,short_sentence,bert-base-uncased,0,,True,False,first-token,euclidean,4,True,False,Multivariate
subj_NUM,2.7197682779265327e-06,4.24678989963899e-07,7.553435018049962e-11,0.0486946155090129,0.004829751763791617,0.7581498440058274,0.8707269066796559,266,73,R2,short_sentence,bert-base-uncased,0,,True,False,first-token,euclidean,4,True,False,Multivariate
subj_PERS,0.0,0.0,1.0,0.0486946155090129,0.004829751763791617,0.7581498440058274,0.8707269066796559,266,73,R2,short_sentence,bert-base-uncased,0,,True,False,first-token,euclidean,4,True,False,Multivariate
subj_ZIPF,1.3784823158426432e-05,8.389524634664249e-07,5.738083476794164e-61,0.0486946155090129,0.004829751763791617,0.7581498440058274,0.8707269066796559,266,73,R2,short_sentence,bert-base-uncased,0,,True,False,first-token,euclidean,4,True,False,Multivariate
sentence_TENSE,1.0821546243634454e-05,8.898104458024935e-07,2.487764960295034e-34,0.0486946155090129,0.004829751763791617,0.7581498440058274,0.8707269066796559,266,73,R2,short_sentence,bert-base-uncased,0,,True,False,first-token,euclidean,4,True,False,Multivariate
verb_ZIPF,1.6531763686472372e-05,1.089059388747831e-06,2.4042149423391643e-52,0.0486946155090129,0.004829751763791617,0.7581498440058274,0.8707269066796559,266,73,R2,short_sentence,bert-base-uncased,0,,True,False,first-token,euclidean,4,True,False,Multivariate
