Feature,importance,std,pval,score_MAE,score_MSE,score_R2,score_R,unit,top_units,top_units_rank,dataset,_model,seed,step,add_special_tokens,zscore,take_activation_from,distance_metric,layer,min_max,conditional,Method
sentence_GROUP,0.035191151710015404,5.6561488280213215e-05,0.0,0.0480671544157339,0.005040267022636628,0.7899242909555142,0.8887821995454579,470,36,R2,short_sentence,bert-base-uncased,0,,True,False,first-token,euclidean,4,True,False,Multivariate
subj_TYPE,0.002314248413871827,1.336753300608071e-05,0.0,0.0480671544157339,0.005040267022636628,0.7899242909555142,0.8887821995454579,470,36,R2,short_sentence,bert-base-uncased,0,,True,False,first-token,euclidean,4,True,False,Multivariate
subj_ANIM,0.00033343146520775586,5.619612600500976e-06,0.0,0.0480671544157339,0.005040267022636628,0.7899242909555142,0.8887821995454579,470,36,R2,short_sentence,bert-base-uncased,0,,True,False,first-token,euclidean,4,True,False,Multivariate
subj_GEN,1.336154311219355e-05,9.6456402725284e-07,6.150126026734859e-44,0.0480671544157339,0.005040267022636628,0.7899242909555142,0.8887821995454579,470,36,R2,short_sentence,bert-base-uncased,0,,True,False,first-token,euclidean,4,True,False,Multivariate
subj_NUM,1.9892203018677363e-06,4.2010403332703135e-07,1.0949194223195805e-06,0.0480671544157339,0.005040267022636628,0.7899242909555142,0.8887821995454579,470,36,R2,short_sentence,bert-base-uncased,0,,True,False,first-token,euclidean,4,True,False,Multivariate
subj_PERS,0.0,0.0,1.0,0.0480671544157339,0.005040267022636628,0.7899242909555142,0.8887821995454579,470,36,R2,short_sentence,bert-base-uncased,0,,True,False,first-token,euclidean,4,True,False,Multivariate
subj_ZIPF,1.1694121033424587e-05,8.075930746600126e-07,8.07959349724873e-48,0.0480671544157339,0.005040267022636628,0.7899242909555142,0.8887821995454579,470,36,R2,short_sentence,bert-base-uncased,0,,True,False,first-token,euclidean,4,True,False,Multivariate
sentence_TENSE,7.103418592663604e-06,7.248167243072392e-07,5.61279873399665e-23,0.0480671544157339,0.005040267022636628,0.7899242909555142,0.8887821995454579,470,36,R2,short_sentence,bert-base-uncased,0,,True,False,first-token,euclidean,4,True,False,Multivariate
verb_ZIPF,5.209878719505719e-06,6.176312311381032e-07,1.6523662882056493e-17,0.0480671544157339,0.005040267022636628,0.7899242909555142,0.8887821995454579,470,36,R2,short_sentence,bert-base-uncased,0,,True,False,first-token,euclidean,4,True,False,Multivariate
