Feature,importance,std,pval,score_MAE,score_MSE,score_R2,score_R,unit,top_units,top_units_rank,dataset,_model,seed,step,add_special_tokens,zscore,take_activation_from,distance_metric,layer,min_max,conditional,Method
sentence_GROUP,0.055220103034495996,9.027063369208518e-05,0.0,0.05748561269058229,0.008119573481943507,0.7748545102604193,0.8802897006895285,98,11,R2,short_sentence,bert-base-uncased,0,,True,False,first-token,euclidean,4,True,False,Multivariate
subj_TYPE,8.42205744886611e-05,3.258665630046041e-06,1.3806843750323302e-147,0.05748561269058229,0.008119573481943507,0.7748545102604193,0.8802897006895285,98,11,R2,short_sentence,bert-base-uncased,0,,True,False,first-token,euclidean,4,True,False,Multivariate
subj_ANIM,0.0002908147558252047,6.6539407164787445e-06,0.0,0.05748561269058229,0.008119573481943507,0.7748545102604193,0.8802897006895285,98,11,R2,short_sentence,bert-base-uncased,0,,True,False,first-token,euclidean,4,True,False,Multivariate
subj_GEN,9.67840022089868e-06,1.0620918772394901e-06,4.0221808639086576e-20,0.05748561269058229,0.008119573481943507,0.7748545102604193,0.8802897006895285,98,11,R2,short_sentence,bert-base-uncased,0,,True,False,first-token,euclidean,4,True,False,Multivariate
subj_NUM,8.114524575544142e-07,3.100660964536211e-07,0.004434919675734897,0.05748561269058229,0.008119573481943507,0.7748545102604193,0.8802897006895285,98,11,R2,short_sentence,bert-base-uncased,0,,True,False,first-token,euclidean,4,True,False,Multivariate
subj_PERS,0.0,0.0,1.0,0.05748561269058229,0.008119573481943507,0.7748545102604193,0.8802897006895285,98,11,R2,short_sentence,bert-base-uncased,0,,True,False,first-token,euclidean,4,True,False,Multivariate
subj_ZIPF,3.2889080245314e-07,1.8729868938150237e-07,0.039546800750520514,0.05748561269058229,0.008119573481943507,0.7748545102604193,0.8802897006895285,98,11,R2,short_sentence,bert-base-uncased,0,,True,False,first-token,euclidean,4,True,False,Multivariate
sentence_TENSE,4.3264426403619e-06,7.270560803407841e-07,1.3355512686352697e-09,0.05748561269058229,0.008119573481943507,0.7748545102604193,0.8802897006895285,98,11,R2,short_sentence,bert-base-uncased,0,,True,False,first-token,euclidean,4,True,False,Multivariate
verb_ZIPF,0.0,0.0,1.0,0.05748561269058229,0.008119573481943507,0.7748545102604193,0.8802897006895285,98,11,R2,short_sentence,bert-base-uncased,0,,True,False,first-token,euclidean,4,True,False,Multivariate
