Feature,importance,std,pval,score_MAE,score_MSE,score_R2,score_R,unit,top_units,top_units_rank,dataset,_model,seed,step,add_special_tokens,zscore,take_activation_from,distance_metric,layer,min_max,conditional,Method
sentence_GROUP,0.026848185517081895,5.246512848595532e-05,0.0,0.04958711375859286,0.005798006186060105,0.6998312895841484,0.8366209762256205,748,3,R2,short_sentence,bert-base-uncased,0,,True,False,first-token,euclidean,4,True,False,Multivariate
subj_TYPE,0.0,0.0,1.0,0.04958711375859286,0.005798006186060105,0.6998312895841484,0.8366209762256205,748,3,R2,short_sentence,bert-base-uncased,0,,True,False,first-token,euclidean,4,True,False,Multivariate
subj_ANIM,0.00010476504530387735,3.1742926146224006e-06,3.532995136399836e-239,0.04958711375859286,0.005798006186060105,0.6998312895841484,0.8366209762256205,748,3,R2,short_sentence,bert-base-uncased,0,,True,False,first-token,euclidean,4,True,False,Multivariate
subj_GEN,-1.517224443082276e-08,1.4454759744552886e-08,0.853057381495583,0.04958711375859286,0.005798006186060105,0.6998312895841484,0.8366209762256205,748,3,R2,short_sentence,bert-base-uncased,0,,True,False,first-token,euclidean,4,True,False,Multivariate
subj_NUM,0.0,0.0,1.0,0.04958711375859286,0.005798006186060105,0.6998312895841484,0.8366209762256205,748,3,R2,short_sentence,bert-base-uncased,0,,True,False,first-token,euclidean,4,True,False,Multivariate
subj_PERS,0.0,0.0,1.0,0.04958711375859286,0.005798006186060105,0.6998312895841484,0.8366209762256205,748,3,R2,short_sentence,bert-base-uncased,0,,True,False,first-token,euclidean,4,True,False,Multivariate
subj_ZIPF,0.0,0.0,1.0,0.04958711375859286,0.005798006186060105,0.6998312895841484,0.8366209762256205,748,3,R2,short_sentence,bert-base-uncased,0,,True,False,first-token,euclidean,4,True,False,Multivariate
sentence_TENSE,3.7418575992216856e-06,5.702990114906692e-07,2.6684556199356824e-11,0.04958711375859286,0.005798006186060105,0.6998312895841484,0.8366209762256205,748,3,R2,short_sentence,bert-base-uncased,0,,True,False,first-token,euclidean,4,True,False,Multivariate
verb_ZIPF,9.793196737445974e-07,2.8992022530758155e-07,0.0003652166848528698,0.04958711375859286,0.005798006186060105,0.6998312895841484,0.8366209762256205,748,3,R2,short_sentence,bert-base-uncased,0,,True,False,first-token,euclidean,4,True,False,Multivariate
