Feature,importance,std,pval,score_MAE,score_MSE,score_R2,score_R,unit,top_units,top_units_rank,dataset,_model,seed,step,add_special_tokens,zscore,take_activation_from,distance_metric,layer,min_max,conditional,Method
sentence_GROUP,0.02099057446860466,4.512473836842881e-05,0.0,0.04855769607379963,0.00553771830215892,0.6557197820522159,0.8098240054014467,308,2,R2,short_sentence,bert-base-uncased,0,,True,False,first-token,euclidean,4,True,False,Multivariate
subj_TYPE,0.0,0.0,1.0,0.04855769607379963,0.00553771830215892,0.6557197820522159,0.8098240054014467,308,2,R2,short_sentence,bert-base-uncased,0,,True,False,first-token,euclidean,4,True,False,Multivariate
subj_ANIM,5.323014149376727e-05,2.143706947928251e-06,2.0802672085092198e-136,0.04855769607379963,0.00553771830215892,0.6557197820522159,0.8098240054014467,308,2,R2,short_sentence,bert-base-uncased,0,,True,False,first-token,euclidean,4,True,False,Multivariate
subj_GEN,0.0,0.0,1.0,0.04855769607379963,0.00553771830215892,0.6557197820522159,0.8098240054014467,308,2,R2,short_sentence,bert-base-uncased,0,,True,False,first-token,euclidean,4,True,False,Multivariate
subj_NUM,0.0,0.0,1.0,0.04855769607379963,0.00553771830215892,0.6557197820522159,0.8098240054014467,308,2,R2,short_sentence,bert-base-uncased,0,,True,False,first-token,euclidean,4,True,False,Multivariate
subj_PERS,0.0,0.0,1.0,0.04855769607379963,0.00553771830215892,0.6557197820522159,0.8098240054014467,308,2,R2,short_sentence,bert-base-uncased,0,,True,False,first-token,euclidean,4,True,False,Multivariate
subj_ZIPF,0.0,0.0,1.0,0.04855769607379963,0.00553771830215892,0.6557197820522159,0.8098240054014467,308,2,R2,short_sentence,bert-base-uncased,0,,True,False,first-token,euclidean,4,True,False,Multivariate
sentence_TENSE,3.5001229261668406e-06,5.36809468627468e-07,3.5099080253290735e-11,0.04855769607379963,0.00553771830215892,0.6557197820522159,0.8098240054014467,308,2,R2,short_sentence,bert-base-uncased,0,,True,False,first-token,euclidean,4,True,False,Multivariate
verb_ZIPF,2.131512374112996e-06,4.1478381020822734e-07,1.3821142171719842e-07,0.04855769607379963,0.00553771830215892,0.6557197820522159,0.8098240054014467,308,2,R2,short_sentence,bert-base-uncased,0,,True,False,first-token,euclidean,4,True,False,Multivariate
