Feature,importance,std,pval,score_MAE,score_MSE,score_R2,score_R,unit,top_units,top_units_rank,dataset,_model,seed,step,add_special_tokens,zscore,take_activation_from,distance_metric,layer,min_max,conditional,Method
sentence_GROUP,0.09128525431200067,0.00010790760296306581,0.0,0.055799613914495325,0.006618045277326123,0.873553629231293,0.9346429685235551,172,17,R2,short_sentence,bert-base-uncased,0,,True,False,first-token,euclidean,11,True,False,Multivariate
subj_TYPE,0.00013378571440544402,3.668917450134267e-06,2.01705512310528e-291,0.055799613914495325,0.006618045277326123,0.873553629231293,0.9346429685235551,172,17,R2,short_sentence,bert-base-uncased,0,,True,False,first-token,euclidean,11,True,False,Multivariate
subj_ANIM,0.0,0.0,1.0,0.055799613914495325,0.006618045277326123,0.873553629231293,0.9346429685235551,172,17,R2,short_sentence,bert-base-uncased,0,,True,False,first-token,euclidean,11,True,False,Multivariate
subj_GEN,4.0561214400282135e-05,2.0784256489149978e-06,4.0651209741009157e-85,0.055799613914495325,0.006618045277326123,0.873553629231293,0.9346429685235551,172,17,R2,short_sentence,bert-base-uncased,0,,True,False,first-token,euclidean,11,True,False,Multivariate
subj_NUM,1.3519296524251776e-06,3.853740659686293e-07,0.0002256621236649868,0.055799613914495325,0.006618045277326123,0.873553629231293,0.9346429685235551,172,17,R2,short_sentence,bert-base-uncased,0,,True,False,first-token,euclidean,11,True,False,Multivariate
subj_PERS,-7.752332149774001e-08,4.315107129931964e-08,0.963796942573606,0.055799613914495325,0.006618045277326123,0.873553629231293,0.9346429685235551,172,17,R2,short_sentence,bert-base-uncased,0,,True,False,first-token,euclidean,11,True,False,Multivariate
subj_ZIPF,0.0,0.0,1.0,0.055799613914495325,0.006618045277326123,0.873553629231293,0.9346429685235551,172,17,R2,short_sentence,bert-base-uncased,0,,True,False,first-token,euclidean,11,True,False,Multivariate
sentence_TENSE,1.2210998019616997e-05,1.1161014614496535e-06,3.6790318678459545e-28,0.055799613914495325,0.006618045277326123,0.873553629231293,0.9346429685235551,172,17,R2,short_sentence,bert-base-uncased,0,,True,False,first-token,euclidean,11,True,False,Multivariate
verb_ZIPF,0.0,0.0,1.0,0.055799613914495325,0.006618045277326123,0.873553629231293,0.9346429685235551,172,17,R2,short_sentence,bert-base-uncased,0,,True,False,first-token,euclidean,11,True,False,Multivariate
