Feature,importance,std,pval,score_MAE,score_MSE,score_R2,score_R,unit,top_units,top_units_rank,dataset,_model,seed,step,add_special_tokens,zscore,take_activation_from,distance_metric,layer,min_max,conditional,Method
sentence_GROUP,0.052204973397665326,8.31031594142576e-05,0.0,0.05384099594083675,0.007233417699198984,0.7828567888351157,0.8847989438669687,73,2,R2,short_sentence,bert-base-uncased,0,,True,False,first-token,euclidean,11,True,False,Multivariate
subj_TYPE,0.0,0.0,1.0,0.05384099594083675,0.007233417699198984,0.7828567888351157,0.8847989438669687,73,2,R2,short_sentence,bert-base-uncased,0,,True,False,first-token,euclidean,11,True,False,Multivariate
subj_ANIM,2.0579890878457113e-05,1.5267986054402717e-06,1.037937508197695e-41,0.05384099594083675,0.007233417699198984,0.7828567888351157,0.8847989438669687,73,2,R2,short_sentence,bert-base-uncased,0,,True,False,first-token,euclidean,11,True,False,Multivariate
subj_GEN,5.440277539685105e-06,7.858197896712748e-07,2.2099525103597874e-12,0.05384099594083675,0.007233417699198984,0.7828567888351157,0.8847989438669687,73,2,R2,short_sentence,bert-base-uncased,0,,True,False,first-token,euclidean,11,True,False,Multivariate
subj_NUM,0.0,0.0,1.0,0.05384099594083675,0.007233417699198984,0.7828567888351157,0.8847989438669687,73,2,R2,short_sentence,bert-base-uncased,0,,True,False,first-token,euclidean,11,True,False,Multivariate
subj_PERS,3.987066004818183e-05,2.072674963617547e-06,9.18837248560672e-83,0.05384099594083675,0.007233417699198984,0.7828567888351157,0.8847989438669687,73,2,R2,short_sentence,bert-base-uncased,0,,True,False,first-token,euclidean,11,True,False,Multivariate
subj_ZIPF,0.0,0.0,1.0,0.05384099594083675,0.007233417699198984,0.7828567888351157,0.8847989438669687,73,2,R2,short_sentence,bert-base-uncased,0,,True,False,first-token,euclidean,11,True,False,Multivariate
sentence_TENSE,3.0335809434102143e-06,6.115881807690749e-07,3.521587700571238e-07,0.05384099594083675,0.007233417699198984,0.7828567888351157,0.8847989438669687,73,2,R2,short_sentence,bert-base-uncased,0,,True,False,first-token,euclidean,11,True,False,Multivariate
verb_ZIPF,0.0,0.0,1.0,0.05384099594083675,0.007233417699198984,0.7828567888351157,0.8847989438669687,73,2,R2,short_sentence,bert-base-uncased,0,,True,False,first-token,euclidean,11,True,False,Multivariate
