Feature,importance,std,pval,score_MAE,score_MSE,score_R2,score_R,unit,top_units,top_units_rank,dataset,_model,seed,step,add_special_tokens,zscore,take_activation_from,distance_metric,layer,min_max,conditional,Method
sentence_GROUP,0.08630308707627789,9.750028713880232e-05,0.0,0.056945021867408956,0.005794019891512299,0.8822272179554891,0.9392723371008653,106,92,R2,short_sentence,bert-base-uncased,0,,True,False,first-token,euclidean,11,True,False,Multivariate
subj_TYPE,0.00047137791965375954,6.462815312045091e-06,0.0,0.056945021867408956,0.005794019891512299,0.8822272179554891,0.9392723371008653,106,92,R2,short_sentence,bert-base-uncased,0,,True,False,first-token,euclidean,11,True,False,Multivariate
subj_ANIM,0.0,0.0,1.0,0.056945021867408956,0.005794019891512299,0.8822272179554891,0.9392723371008653,106,92,R2,short_sentence,bert-base-uncased,0,,True,False,first-token,euclidean,11,True,False,Multivariate
subj_GEN,3.771560807478059e-05,1.8086200844493816e-06,7.120559884149528e-97,0.056945021867408956,0.005794019891512299,0.8822272179554891,0.9392723371008653,106,92,R2,short_sentence,bert-base-uncased,0,,True,False,first-token,euclidean,11,True,False,Multivariate
subj_NUM,6.482884793507282e-05,2.3246365992911807e-06,1.879076061697629e-171,0.056945021867408956,0.005794019891512299,0.8822272179554891,0.9392723371008653,106,92,R2,short_sentence,bert-base-uncased,0,,True,False,first-token,euclidean,11,True,False,Multivariate
subj_PERS,0.00020005351125974266,4.630319430397963e-06,0.0,0.056945021867408956,0.005794019891512299,0.8822272179554891,0.9392723371008653,106,92,R2,short_sentence,bert-base-uncased,0,,True,False,first-token,euclidean,11,True,False,Multivariate
subj_ZIPF,0.0,0.0,1.0,0.056945021867408956,0.005794019891512299,0.8822272179554891,0.9392723371008653,106,92,R2,short_sentence,bert-base-uncased,0,,True,False,first-token,euclidean,11,True,False,Multivariate
sentence_TENSE,0.00010525558027265524,3.0466204008448663e-06,7.55617338121915e-262,0.056945021867408956,0.005794019891512299,0.8822272179554891,0.9392723371008653,106,92,R2,short_sentence,bert-base-uncased,0,,True,False,first-token,euclidean,11,True,False,Multivariate
verb_ZIPF,8.423973481151921e-06,8.414228866453365e-07,6.778416230585286e-24,0.056945021867408956,0.005794019891512299,0.8822272179554891,0.9392723371008653,106,92,R2,short_sentence,bert-base-uncased,0,,True,False,first-token,euclidean,11,True,False,Multivariate
