Feature,importance,std,pval,score_MAE,score_MSE,score_R2,score_R,unit,top_units,top_units_rank,dataset,_model,seed,step,add_special_tokens,zscore,take_activation_from,distance_metric,layer,min_max,conditional,Method
sentence_GROUP,0.08765510802957609,9.974947598333101e-05,0.0,0.057171779502182066,0.005951517450504544,0.8808787196451249,0.9385535353734986,339,73,R2,short_sentence,bert-base-uncased,0,,True,False,first-token,euclidean,11,True,False,Multivariate
subj_TYPE,0.00039388711767850983,5.990929813986781e-06,0.0,0.057171779502182066,0.005951517450504544,0.8808787196451249,0.9385535353734986,339,73,R2,short_sentence,bert-base-uncased,0,,True,False,first-token,euclidean,11,True,False,Multivariate
subj_ANIM,0.0,0.0,1.0,0.057171779502182066,0.005951517450504544,0.8808787196451249,0.9385535353734986,339,73,R2,short_sentence,bert-base-uncased,0,,True,False,first-token,euclidean,11,True,False,Multivariate
subj_GEN,2.925488529711975e-05,1.6554949836901573e-06,3.4834124394377045e-70,0.057171779502182066,0.005951517450504544,0.8808787196451249,0.9385535353734986,339,73,R2,short_sentence,bert-base-uncased,0,,True,False,first-token,euclidean,11,True,False,Multivariate
subj_NUM,4.610565790654334e-05,2.0044730567373927e-06,2.2573905118653387e-117,0.057171779502182066,0.005951517450504544,0.8808787196451249,0.9385535353734986,339,73,R2,short_sentence,bert-base-uncased,0,,True,False,first-token,euclidean,11,True,False,Multivariate
subj_PERS,0.00017945263613431724,4.343307690430166e-06,0.0,0.057171779502182066,0.005951517450504544,0.8808787196451249,0.9385535353734986,339,73,R2,short_sentence,bert-base-uncased,0,,True,False,first-token,euclidean,11,True,False,Multivariate
subj_ZIPF,-1.6678457007681042e-10,1.333760016095008e-08,0.5049885797948925,0.057171779502182066,0.005951517450504544,0.8808787196451249,0.9385535353734986,339,73,R2,short_sentence,bert-base-uncased,0,,True,False,first-token,euclidean,11,True,False,Multivariate
sentence_TENSE,8.232987972238732e-05,2.720759242963649e-06,1.9333098994799935e-201,0.057171779502182066,0.005951517450504544,0.8808787196451249,0.9385535353734986,339,73,R2,short_sentence,bert-base-uncased,0,,True,False,first-token,euclidean,11,True,False,Multivariate
verb_ZIPF,9.304109428027616e-06,9.117029390341516e-07,9.396827427927734e-25,0.057171779502182066,0.005951517450504544,0.8808787196451249,0.9385535353734986,339,73,R2,short_sentence,bert-base-uncased,0,,True,False,first-token,euclidean,11,True,False,Multivariate
