Feature,importance,std,pval,score_MAE,score_MSE,score_R2,score_R,unit,top_units,top_units_rank,dataset,_model,seed,step,add_special_tokens,zscore,take_activation_from,distance_metric,layer,min_max,conditional,Method
sentence_GROUP,0.03162499086280086,9.379123432776727e-05,0.0,0.11212247347406412,0.01880574294361894,0.5028585535253268,0.7091268405228677,173,768,R2,short_sentence,bert-base-uncased,0,,True,False,first-token,euclidean,11,True,False,Multivariate
subj_TYPE,0.003007626617074977,2.915680989958422e-05,0.0,0.11212247347406412,0.01880574294361894,0.5028585535253268,0.7091268405228677,173,768,R2,short_sentence,bert-base-uncased,0,,True,False,first-token,euclidean,11,True,False,Multivariate
subj_ANIM,0.0,0.0,1.0,0.11212247347406412,0.01880574294361894,0.5028585535253268,0.7091268405228677,173,768,R2,short_sentence,bert-base-uncased,0,,True,False,first-token,euclidean,11,True,False,Multivariate
subj_GEN,0.00015329782008425302,6.655126772203364e-06,1.0507502489922002e-117,0.11212247347406412,0.01880574294361894,0.5028585535253268,0.7091268405228677,173,768,R2,short_sentence,bert-base-uncased,0,,True,False,first-token,euclidean,11,True,False,Multivariate
subj_NUM,0.00022529347587909608,7.912213216805978e-06,1.2246133811835037e-178,0.11212247347406412,0.01880574294361894,0.5028585535253268,0.7091268405228677,173,768,R2,short_sentence,bert-base-uncased,0,,True,False,first-token,euclidean,11,True,False,Multivariate
subj_PERS,0.0009405870217778916,1.733944083985373e-05,0.0,0.11212247347406412,0.01880574294361894,0.5028585535253268,0.7091268405228677,173,768,R2,short_sentence,bert-base-uncased,0,,True,False,first-token,euclidean,11,True,False,Multivariate
subj_ZIPF,0.0,0.0,1.0,0.11212247347406412,0.01880574294361894,0.5028585535253268,0.7091268405228677,173,768,R2,short_sentence,bert-base-uncased,0,,True,False,first-token,euclidean,11,True,False,Multivariate
sentence_TENSE,0.00175111481254399,2.224953826622674e-05,0.0,0.11212247347406412,0.01880574294361894,0.5028585535253268,0.7091268405228677,173,768,R2,short_sentence,bert-base-uncased,0,,True,False,first-token,euclidean,11,True,False,Multivariate
verb_ZIPF,0.0004901522593375979,1.1921066780981964e-05,0.0,0.11212247347406412,0.01880574294361894,0.5028585535253268,0.7091268405228677,173,768,R2,short_sentence,bert-base-uncased,0,,True,False,first-token,euclidean,11,True,False,Multivariate
