Feature,importance,std,pval,score_MAE,score_MSE,score_R2,score_R,unit,top_units,top_units_rank,dataset,_model,seed,step,add_special_tokens,zscore,take_activation_from,distance_metric,layer,min_max,conditional,Method
sentence_GROUP,0.07043442617899001,0.00010246965807773827,0.0,0.05905186415217247,0.008039862747541343,0.8142533366960663,0.9023613129567225,750,5,R2,short_sentence,bert-base-uncased,0,,True,False,first-token,euclidean,11,True,False,Multivariate
subj_TYPE,4.81501618740928e-05,2.4528111615502383e-06,4.2351828449126606e-86,0.05905186415217247,0.008039862747541343,0.8142533366960663,0.9023613129567225,750,5,R2,short_sentence,bert-base-uncased,0,,True,False,first-token,euclidean,11,True,False,Multivariate
subj_ANIM,0.0,0.0,1.0,0.05905186415217247,0.008039862747541343,0.8142533366960663,0.9023613129567225,750,5,R2,short_sentence,bert-base-uncased,0,,True,False,first-token,euclidean,11,True,False,Multivariate
subj_GEN,1.6450950154597135e-05,1.504809309772343e-06,4.041004535228732e-28,0.05905186415217247,0.008039862747541343,0.8142533366960663,0.9023613129567225,750,5,R2,short_sentence,bert-base-uncased,0,,True,False,first-token,euclidean,11,True,False,Multivariate
subj_NUM,0.0,0.0,1.0,0.05905186415217247,0.008039862747541343,0.8142533366960663,0.9023613129567225,750,5,R2,short_sentence,bert-base-uncased,0,,True,False,first-token,euclidean,11,True,False,Multivariate
subj_PERS,0.0,0.0,1.0,0.05905186415217247,0.008039862747541343,0.8142533366960663,0.9023613129567225,750,5,R2,short_sentence,bert-base-uncased,0,,True,False,first-token,euclidean,11,True,False,Multivariate
subj_ZIPF,0.0,0.0,1.0,0.05905186415217247,0.008039862747541343,0.8142533366960663,0.9023613129567225,750,5,R2,short_sentence,bert-base-uncased,0,,True,False,first-token,euclidean,11,True,False,Multivariate
sentence_TENSE,6.149013333267818e-07,3.14025138859478e-07,0.025107513129729947,0.05905186415217247,0.008039862747541343,0.8142533366960663,0.9023613129567225,750,5,R2,short_sentence,bert-base-uncased,0,,True,False,first-token,euclidean,11,True,False,Multivariate
verb_ZIPF,5.062492625704734e-07,2.2509379440558114e-07,0.012254365874575901,0.05905186415217247,0.008039862747541343,0.8142533366960663,0.9023613129567225,750,5,R2,short_sentence,bert-base-uncased,0,,True,False,first-token,euclidean,11,True,False,Multivariate
