Feature,importance,std,pval,score_MAE,score_MSE,score_R2,score_R,unit,top_units,top_units_rank,dataset,_model,seed,step,add_special_tokens,zscore,take_activation_from,distance_metric,layer,min_max,conditional,Method
sentence_GROUP,0.07019423317382065,0.0001015423370364886,0.0,0.058153058921991976,0.007908584959924404,0.816159819457873,0.9034164044060833,77,8,R2,short_sentence,bert-base-uncased,0,,True,False,first-token,euclidean,11,True,False,Multivariate
subj_TYPE,5.8688651105947074e-06,8.667567352376629e-07,6.391946169781851e-12,0.058153058921991976,0.007908584959924404,0.816159819457873,0.9034164044060833,77,8,R2,short_sentence,bert-base-uncased,0,,True,False,first-token,euclidean,11,True,False,Multivariate
subj_ANIM,0.0,0.0,1.0,0.058153058921991976,0.007908584959924404,0.816159819457873,0.9034164044060833,77,8,R2,short_sentence,bert-base-uncased,0,,True,False,first-token,euclidean,11,True,False,Multivariate
subj_GEN,1.7856217702456963e-05,1.5476875364312132e-06,4.275811818241553e-31,0.058153058921991976,0.007908584959924404,0.816159819457873,0.9034164044060833,77,8,R2,short_sentence,bert-base-uncased,0,,True,False,first-token,euclidean,11,True,False,Multivariate
subj_NUM,0.0,0.0,1.0,0.058153058921991976,0.007908584959924404,0.816159819457873,0.9034164044060833,77,8,R2,short_sentence,bert-base-uncased,0,,True,False,first-token,euclidean,11,True,False,Multivariate
subj_PERS,0.0,0.0,1.0,0.058153058921991976,0.007908584959924404,0.816159819457873,0.9034164044060833,77,8,R2,short_sentence,bert-base-uncased,0,,True,False,first-token,euclidean,11,True,False,Multivariate
subj_ZIPF,0.0,0.0,1.0,0.058153058921991976,0.007908584959924404,0.816159819457873,0.9034164044060833,77,8,R2,short_sentence,bert-base-uncased,0,,True,False,first-token,euclidean,11,True,False,Multivariate
sentence_TENSE,6.367404120228913e-06,8.924364249268902e-07,4.844476661356147e-13,0.058153058921991976,0.007908584959924404,0.816159819457873,0.9034164044060833,77,8,R2,short_sentence,bert-base-uncased,0,,True,False,first-token,euclidean,11,True,False,Multivariate
verb_ZIPF,7.472775900086385e-08,8.84050826397072e-08,0.19897501861506023,0.058153058921991976,0.007908584959924404,0.816159819457873,0.9034164044060833,77,8,R2,short_sentence,bert-base-uncased,0,,True,False,first-token,euclidean,11,True,False,Multivariate
