Feature,importance,std,pval,score_MAE,score_MSE,score_R2,score_R,unit,top_units,top_units_rank,dataset,_model,seed,step,add_special_tokens,zscore,take_activation_from,distance_metric,layer,min_max,conditional,Method
sentence_GROUP,0.08472209613499836,0.00010796295339575177,0.0,0.06700949801123952,0.0075510299020180045,0.8497367791937078,0.9218138637821724,387,148,R2,short_sentence,bert-base-uncased,0,,True,False,first-token,euclidean,11,True,False,Multivariate
subj_TYPE,0.0005031472055477874,7.579290368507255e-06,0.0,0.06700949801123952,0.0075510299020180045,0.8497367791937078,0.9218138637821724,387,148,R2,short_sentence,bert-base-uncased,0,,True,False,first-token,euclidean,11,True,False,Multivariate
subj_ANIM,0.0,0.0,1.0,0.06700949801123952,0.0075510299020180045,0.8497367791937078,0.9218138637821724,387,148,R2,short_sentence,bert-base-uncased,0,,True,False,first-token,euclidean,11,True,False,Multivariate
subj_GEN,4.317688727356182e-05,2.24740236032423e-06,1.4712524651063443e-82,0.06700949801123952,0.0075510299020180045,0.8497367791937078,0.9218138637821724,387,148,R2,short_sentence,bert-base-uncased,0,,True,False,first-token,euclidean,11,True,False,Multivariate
subj_NUM,6.253776694531058e-05,2.603081994403624e-06,7.710908812066857e-128,0.06700949801123952,0.0075510299020180045,0.8497367791937078,0.9218138637821724,387,148,R2,short_sentence,bert-base-uncased,0,,True,False,first-token,euclidean,11,True,False,Multivariate
subj_PERS,0.00025170546562833647,5.513316800197217e-06,0.0,0.06700949801123952,0.0075510299020180045,0.8497367791937078,0.9218138637821724,387,148,R2,short_sentence,bert-base-uncased,0,,True,False,first-token,euclidean,11,True,False,Multivariate
subj_ZIPF,0.0,0.0,1.0,0.06700949801123952,0.0075510299020180045,0.8497367791937078,0.9218138637821724,387,148,R2,short_sentence,bert-base-uncased,0,,True,False,first-token,euclidean,11,True,False,Multivariate
sentence_TENSE,0.00022259883069335073,5.056818691687159e-06,0.0,0.06700949801123952,0.0075510299020180045,0.8497367791937078,0.9218138637821724,387,148,R2,short_sentence,bert-base-uncased,0,,True,False,first-token,euclidean,11,True,False,Multivariate
verb_ZIPF,3.2449286411528894e-05,1.8883970689979394e-06,1.7645451929844194e-66,0.06700949801123952,0.0075510299020180045,0.8497367791937078,0.9218138637821724,387,148,R2,short_sentence,bert-base-uncased,0,,True,False,first-token,euclidean,11,True,False,Multivariate
