Feature,importance,std,pval,score_MAE,score_MSE,score_R2,score_R,unit,top_units,top_units_rank,dataset,_model,seed,step,add_special_tokens,zscore,take_activation_from,distance_metric,layer,min_max,conditional,Method
sentence_GROUP,0.06435130170100134,9.625030817511537e-05,0.0,0.057522335850384104,0.007797869911618871,0.8050061539797734,0.8972230656871847,427,6,R2,short_sentence,bert-base-uncased,0,,True,False,first-token,euclidean,11,True,False,Multivariate
subj_TYPE,2.3228114419040644e-05,1.6716044647686791e-06,3.3631270124585874e-44,0.057522335850384104,0.007797869911618871,0.8050061539797734,0.8972230656871847,427,6,R2,short_sentence,bert-base-uncased,0,,True,False,first-token,euclidean,11,True,False,Multivariate
subj_ANIM,0.0,0.0,1.0,0.057522335850384104,0.007797869911618871,0.8050061539797734,0.8972230656871847,427,6,R2,short_sentence,bert-base-uncased,0,,True,False,first-token,euclidean,11,True,False,Multivariate
subj_GEN,1.4133460567552476e-05,1.386241966631777e-06,1.0381298559777223e-24,0.057522335850384104,0.007797869911618871,0.8050061539797734,0.8972230656871847,427,6,R2,short_sentence,bert-base-uncased,0,,True,False,first-token,euclidean,11,True,False,Multivariate
subj_NUM,0.0,0.0,1.0,0.057522335850384104,0.007797869911618871,0.8050061539797734,0.8972230656871847,427,6,R2,short_sentence,bert-base-uncased,0,,True,False,first-token,euclidean,11,True,False,Multivariate
subj_PERS,0.0,0.0,1.0,0.057522335850384104,0.007797869911618871,0.8050061539797734,0.8972230656871847,427,6,R2,short_sentence,bert-base-uncased,0,,True,False,first-token,euclidean,11,True,False,Multivariate
subj_ZIPF,0.0,0.0,1.0,0.057522335850384104,0.007797869911618871,0.8050061539797734,0.8972230656871847,427,6,R2,short_sentence,bert-base-uncased,0,,True,False,first-token,euclidean,11,True,False,Multivariate
sentence_TENSE,4.153175270153556e-06,7.120346969897027e-07,2.724801683769811e-09,0.057522335850384104,0.007797869911618871,0.8050061539797734,0.8972230656871847,427,6,R2,short_sentence,bert-base-uncased,0,,True,False,first-token,euclidean,11,True,False,Multivariate
verb_ZIPF,0.0,0.0,1.0,0.057522335850384104,0.007797869911618871,0.8050061539797734,0.8972230656871847,427,6,R2,short_sentence,bert-base-uncased,0,,True,False,first-token,euclidean,11,True,False,Multivariate
