Feature,importance,std,pval,score_MAE,score_MSE,score_R2,score_R,unit,top_units,top_units_rank,dataset,_model,seed,step,add_special_tokens,zscore,take_activation_from,distance_metric,layer,min_max,conditional,Method
sentence_GROUP,0.06087410565017363,0.00010481471787616349,0.0,0.08584252848710179,0.011169823067813235,0.742957953146005,0.8619518274060443,26,379,R2,short_sentence,bert-base-uncased,0,,True,False,first-token,euclidean,11,True,False,Multivariate
subj_TYPE,0.0016598835839177683,1.6630200221644967e-05,0.0,0.08584252848710179,0.011169823067813235,0.742957953146005,0.8619518274060443,26,379,R2,short_sentence,bert-base-uncased,0,,True,False,first-token,euclidean,11,True,False,Multivariate
subj_ANIM,0.0,0.0,1.0,0.08584252848710179,0.011169823067813235,0.742957953146005,0.8619518274060443,26,379,R2,short_sentence,bert-base-uncased,0,,True,False,first-token,euclidean,11,True,False,Multivariate
subj_GEN,9.178814380315211e-05,4.000046619970257e-06,7.935588985651272e-117,0.08584252848710179,0.011169823067813235,0.742957953146005,0.8619518274060443,26,379,R2,short_sentence,bert-base-uncased,0,,True,False,first-token,euclidean,11,True,False,Multivariate
subj_NUM,0.00014794777824237207,5.073372514148084e-06,2.975197258678435e-187,0.08584252848710179,0.011169823067813235,0.742957953146005,0.8619518274060443,26,379,R2,short_sentence,bert-base-uncased,0,,True,False,first-token,euclidean,11,True,False,Multivariate
subj_PERS,0.0010892512620191374,1.529889252058419e-05,0.0,0.08584252848710179,0.011169823067813235,0.742957953146005,0.8619518274060443,26,379,R2,short_sentence,bert-base-uncased,0,,True,False,first-token,euclidean,11,True,False,Multivariate
subj_ZIPF,0.0,0.0,1.0,0.08584252848710179,0.011169823067813235,0.742957953146005,0.8619518274060443,26,379,R2,short_sentence,bert-base-uncased,0,,True,False,first-token,euclidean,11,True,False,Multivariate
sentence_TENSE,0.0010878850293532785,1.3477413406801743e-05,0.0,0.08584252848710179,0.011169823067813235,0.742957953146005,0.8619518274060443,26,379,R2,short_sentence,bert-base-uncased,0,,True,False,first-token,euclidean,11,True,False,Multivariate
verb_ZIPF,0.00016882510109780878,5.258017099143927e-06,1.6975427823356857e-226,0.08584252848710179,0.011169823067813235,0.742957953146005,0.8619518274060443,26,379,R2,short_sentence,bert-base-uncased,0,,True,False,first-token,euclidean,11,True,False,Multivariate
