Feature,importance,std,pval,score_MAE,score_MSE,score_R2,score_R,dataset,_model,seed,step,add_special_tokens,zscore,take_activation_from,distance_metric,layer,min_max,conditional,Method
sentence_GROUP,0.03162499086280085,9.379123432776726e-05,0.0,0.11212247347406412,0.01880574294361894,0.5028585535253269,0.7091268138776976,short_sentence,bert-base-uncased,0,,True,False,first-token,euclidean,11,True,False,Multivariate
subj_TYPE,0.00300762661707498,2.915680989958424e-05,0.0,0.11212247347406412,0.01880574294361894,0.5028585535253269,0.7091268138776976,short_sentence,bert-base-uncased,0,,True,False,first-token,euclidean,11,True,False,Multivariate
subj_ANIM,0.0,0.0,1.0,0.11212247347406412,0.01880574294361894,0.5028585535253269,0.7091268138776976,short_sentence,bert-base-uncased,0,,True,False,first-token,euclidean,11,True,False,Multivariate
subj_GEN,0.000153297820084253,6.655126772203372e-06,1.0507502489929779e-117,0.11212247347406412,0.01880574294361894,0.5028585535253269,0.7091268138776976,short_sentence,bert-base-uncased,0,,True,False,first-token,euclidean,11,True,False,Multivariate
subj_NUM,0.00022529347587909608,7.912213216805983e-06,1.2246133811840612e-178,0.11212247347406412,0.01880574294361894,0.5028585535253269,0.7091268138776976,short_sentence,bert-base-uncased,0,,True,False,first-token,euclidean,11,True,False,Multivariate
subj_PERS,0.0009405870217778899,1.7339440839853704e-05,0.0,0.11212247347406412,0.01880574294361894,0.5028585535253269,0.7091268138776976,short_sentence,bert-base-uncased,0,,True,False,first-token,euclidean,11,True,False,Multivariate
subj_ZIPF,0.0,0.0,1.0,0.11212247347406412,0.01880574294361894,0.5028585535253269,0.7091268138776976,short_sentence,bert-base-uncased,0,,True,False,first-token,euclidean,11,True,False,Multivariate
sentence_TENSE,0.0017511148125439915,2.2249538266226757e-05,0.0,0.11212247347406412,0.01880574294361894,0.5028585535253269,0.7091268138776976,short_sentence,bert-base-uncased,0,,True,False,first-token,euclidean,11,True,False,Multivariate
verb_ZIPF,0.0004901522593375979,1.1921066780981967e-05,0.0,0.11212247347406412,0.01880574294361894,0.5028585535253269,0.7091268138776976,short_sentence,bert-base-uncased,0,,True,False,first-token,euclidean,11,True,False,Multivariate
