Feature,importance,std,pval,score_MAE,score_MSE,score_R2,score_R,unit,top_units,top_units_rank,dataset,_model,seed,step,add_special_tokens,zscore,take_activation_from,distance_metric,layer,min_max,conditional,Method
sentence_GROUP,0.04281676368980237,0.00010236809834984233,0.0,0.10427548525119135,0.016190010346049995,0.6037123535868758,0.7769912776893857,308,607,R2,short_sentence,bert-base-uncased,0,,True,False,first-token,euclidean,11,True,False,Multivariate
subj_TYPE,0.0029913715021004125,2.7028939233975946e-05,0.0,0.10427548525119135,0.016190010346049995,0.6037123535868758,0.7769912776893857,308,607,R2,short_sentence,bert-base-uncased,0,,True,False,first-token,euclidean,11,True,False,Multivariate
subj_ANIM,0.0,0.0,1.0,0.10427548525119135,0.016190010346049995,0.6037123535868758,0.7769912776893857,308,607,R2,short_sentence,bert-base-uncased,0,,True,False,first-token,euclidean,11,True,False,Multivariate
subj_GEN,0.00013065190248382467,5.677811583137547e-06,1.810308861985595e-117,0.10427548525119135,0.016190010346049995,0.6037123535868758,0.7769912776893857,308,607,R2,short_sentence,bert-base-uncased,0,,True,False,first-token,euclidean,11,True,False,Multivariate
subj_NUM,0.00022677730930522005,7.367509645172176e-06,2.3731446192851084e-208,0.10427548525119135,0.016190010346049995,0.6037123535868758,0.7769912776893857,308,607,R2,short_sentence,bert-base-uncased,0,,True,False,first-token,euclidean,11,True,False,Multivariate
subj_PERS,0.0011943254218372572,1.8843769402432803e-05,0.0,0.10427548525119135,0.016190010346049995,0.6037123535868758,0.7769912776893857,308,607,R2,short_sentence,bert-base-uncased,0,,True,False,first-token,euclidean,11,True,False,Multivariate
subj_ZIPF,-8.378165670795933e-10,2.24152383346242e-08,0.5149078335988649,0.10427548525119135,0.016190010346049995,0.6037123535868758,0.7769912776893857,308,607,R2,short_sentence,bert-base-uncased,0,,True,False,first-token,euclidean,11,True,False,Multivariate
sentence_TENSE,0.001777296109428518,2.080056511861302e-05,0.0,0.10427548525119135,0.016190010346049995,0.6037123535868758,0.7769912776893857,308,607,R2,short_sentence,bert-base-uncased,0,,True,False,first-token,euclidean,11,True,False,Multivariate
verb_ZIPF,0.0004323344379905811,1.0302583057123904e-05,0.0,0.10427548525119135,0.016190010346049995,0.6037123535868758,0.7769912776893857,308,607,R2,short_sentence,bert-base-uncased,0,,True,False,first-token,euclidean,11,True,False,Multivariate
