Feature,importance,std,pval,score_MAE,score_MSE,score_R2,score_R,unit,top_units,top_units_rank,dataset,_model,seed,step,add_special_tokens,zscore,take_activation_from,distance_metric,layer,min_max,conditional,Method
sentence_GROUP,0.09700782470661626,0.00010982327102239426,0.0,0.05803979330462303,0.006433251514622083,0.883060085974749,0.9397165703854158,216,45,R2,short_sentence,bert-base-uncased,0,,True,False,first-token,euclidean,11,True,False,Multivariate
subj_TYPE,0.0002586970765304649,4.99793350254703e-06,0.0,0.05803979330462303,0.006433251514622083,0.883060085974749,0.9397165703854158,216,45,R2,short_sentence,bert-base-uncased,0,,True,False,first-token,euclidean,11,True,False,Multivariate
subj_ANIM,0.0,0.0,1.0,0.05803979330462303,0.006433251514622083,0.883060085974749,0.9397165703854158,216,45,R2,short_sentence,bert-base-uncased,0,,True,False,first-token,euclidean,11,True,False,Multivariate
subj_GEN,5.8401840966536194e-05,2.487260167994478e-06,3.2352091125799547e-122,0.05803979330462303,0.006433251514622083,0.883060085974749,0.9397165703854158,216,45,R2,short_sentence,bert-base-uncased,0,,True,False,first-token,euclidean,11,True,False,Multivariate
subj_NUM,2.9254666688588645e-05,1.6554275011377667e-06,3.4472710806770723e-70,0.05803979330462303,0.006433251514622083,0.883060085974749,0.9397165703854158,216,45,R2,short_sentence,bert-base-uncased,0,,True,False,first-token,euclidean,11,True,False,Multivariate
subj_PERS,0.00017936958232895852,4.260777647500237e-06,0.0,0.05803979330462303,0.006433251514622083,0.883060085974749,0.9397165703854158,216,45,R2,short_sentence,bert-base-uncased,0,,True,False,first-token,euclidean,11,True,False,Multivariate
subj_ZIPF,0.0,0.0,1.0,0.05803979330462303,0.006433251514622083,0.883060085974749,0.9397165703854158,216,45,R2,short_sentence,bert-base-uncased,0,,True,False,first-token,euclidean,11,True,False,Multivariate
sentence_TENSE,5.1750206075340614e-05,2.250121245544543e-06,2.3930982981160534e-117,0.05803979330462303,0.006433251514622083,0.883060085974749,0.9397165703854158,216,45,R2,short_sentence,bert-base-uncased,0,,True,False,first-token,euclidean,11,True,False,Multivariate
verb_ZIPF,2.5310368851930963e-06,4.876595380568584e-07,1.0504995086487373e-07,0.05803979330462303,0.006433251514622083,0.883060085974749,0.9397165703854158,216,45,R2,short_sentence,bert-base-uncased,0,,True,False,first-token,euclidean,11,True,False,Multivariate
