Feature,importance,std,pval,score_MAE,score_MSE,score_R2,score_R,unit,top_units,top_units_rank,dataset,_model,seed,step,add_special_tokens,zscore,take_activation_from,distance_metric,layer,min_max,conditional,Method
sentence_GROUP,0.07800352208764583,0.00010856912850530309,0.0,0.07255099101241269,0.008556079898556173,0.8220443206204199,0.9066679836166727,686,187,R2,short_sentence,bert-base-uncased,0,,True,False,first-token,euclidean,11,True,False,Multivariate
subj_TYPE,0.0005524111903509999,8.383579827573129e-06,0.0,0.07255099101241269,0.008556079898556173,0.8220443206204199,0.9066679836166727,686,187,R2,short_sentence,bert-base-uncased,0,,True,False,first-token,euclidean,11,True,False,Multivariate
subj_ANIM,0.0,0.0,1.0,0.07255099101241269,0.008556079898556173,0.8220443206204199,0.9066679836166727,686,187,R2,short_sentence,bert-base-uncased,0,,True,False,first-token,euclidean,11,True,False,Multivariate
subj_GEN,4.437389806752497e-05,2.457368201352588e-06,3.4443095123005615e-73,0.07255099101241269,0.008556079898556173,0.8220443206204199,0.9066679836166727,686,187,R2,short_sentence,bert-base-uncased,0,,True,False,first-token,euclidean,11,True,False,Multivariate
subj_NUM,8.286497690722589e-05,3.2098300214743725e-06,2.9317864775007804e-147,0.07255099101241269,0.008556079898556173,0.8220443206204199,0.9066679836166727,686,187,R2,short_sentence,bert-base-uncased,0,,True,False,first-token,euclidean,11,True,False,Multivariate
subj_PERS,0.0003777722405688934,7.290531911726605e-06,0.0,0.07255099101241269,0.008556079898556173,0.8220443206204199,0.9066679836166727,686,187,R2,short_sentence,bert-base-uncased,0,,True,False,first-token,euclidean,11,True,False,Multivariate
subj_ZIPF,0.0,0.0,1.0,0.07255099101241269,0.008556079898556173,0.8220443206204199,0.9066679836166727,686,187,R2,short_sentence,bert-base-uncased,0,,True,False,first-token,euclidean,11,True,False,Multivariate
sentence_TENSE,0.00042870419605874733,7.475949332693454e-06,0.0,0.07255099101241269,0.008556079898556173,0.8220443206204199,0.9066679836166727,686,187,R2,short_sentence,bert-base-uncased,0,,True,False,first-token,euclidean,11,True,False,Multivariate
verb_ZIPF,5.68627494858103e-05,2.6648607274960776e-06,2.5212401584297228e-101,0.07255099101241269,0.008556079898556173,0.8220443206204199,0.9066679836166727,686,187,R2,short_sentence,bert-base-uncased,0,,True,False,first-token,euclidean,11,True,False,Multivariate
