Feature,importance,std,pval,score_MAE,score_MSE,score_R2,score_R,unit,top_units,top_units_rank,dataset,_model,seed,step,add_special_tokens,zscore,take_activation_from,distance_metric,layer,min_max,conditional,Method
sentence_GROUP,0.09065700354090625,0.00010623693954423364,0.0,0.053861523632844605,0.006399040003753282,0.8764096202899028,0.9361683079343874,436,14,R2,short_sentence,bert-base-uncased,0,,True,False,first-token,euclidean,11,True,False,Multivariate
subj_TYPE,0.00014509654371066858,3.772934153974862e-06,0.0,0.053861523632844605,0.006399040003753282,0.8764096202899028,0.9361683079343874,436,14,R2,short_sentence,bert-base-uncased,0,,True,False,first-token,euclidean,11,True,False,Multivariate
subj_ANIM,0.0,0.0,1.0,0.053861523632844605,0.006399040003753282,0.8764096202899028,0.9361683079343874,436,14,R2,short_sentence,bert-base-uncased,0,,True,False,first-token,euclidean,11,True,False,Multivariate
subj_GEN,1.7257066081719087e-05,1.3208963895394963e-06,2.6208143395824686e-39,0.053861523632844605,0.006399040003753282,0.8764096202899028,0.9361683079343874,436,14,R2,short_sentence,bert-base-uncased,0,,True,False,first-token,euclidean,11,True,False,Multivariate
subj_NUM,-1.7131560205503906e-09,1.721825917367724e-07,0.5039692694039488,0.053861523632844605,0.006399040003753282,0.8764096202899028,0.9361683079343874,436,14,R2,short_sentence,bert-base-uncased,0,,True,False,first-token,euclidean,11,True,False,Multivariate
subj_PERS,1.5574812165635627e-06,3.692605880207746e-07,1.2332814350259911e-05,0.053861523632844605,0.006399040003753282,0.8764096202899028,0.9361683079343874,436,14,R2,short_sentence,bert-base-uncased,0,,True,False,first-token,euclidean,11,True,False,Multivariate
subj_ZIPF,0.0,0.0,1.0,0.053861523632844605,0.006399040003753282,0.8764096202899028,0.9361683079343874,436,14,R2,short_sentence,bert-base-uncased,0,,True,False,first-token,euclidean,11,True,False,Multivariate
sentence_TENSE,9.757513196091775e-06,9.823795938688918e-07,1.502682852677404e-23,0.053861523632844605,0.006399040003753282,0.8764096202899028,0.9361683079343874,436,14,R2,short_sentence,bert-base-uncased,0,,True,False,first-token,euclidean,11,True,False,Multivariate
verb_ZIPF,0.0,0.0,1.0,0.053861523632844605,0.006399040003753282,0.8764096202899028,0.9361683079343874,436,14,R2,short_sentence,bert-base-uncased,0,,True,False,first-token,euclidean,11,True,False,Multivariate
