Feature,importance,std,pval,score_MAE,score_MSE,score_R2,score_R,unit,top_units,top_units_rank,dataset,_model,seed,step,add_special_tokens,zscore,take_activation_from,distance_metric,layer,min_max,conditional,Method
sentence_GROUP,0.05332465102679044,0.00010479689357387238,0.0,0.0938217352015555,0.013221750232355925,0.6894445438087229,0.8303286003891304,272,479,R2,short_sentence,bert-base-uncased,0,,True,False,first-token,euclidean,11,True,False,Multivariate
subj_TYPE,0.0024423726590526076,2.207676986948361e-05,0.0,0.0938217352015555,0.013221750232355925,0.6894445438087229,0.8303286003891304,272,479,R2,short_sentence,bert-base-uncased,0,,True,False,first-token,euclidean,11,True,False,Multivariate
subj_ANIM,0.0,0.0,1.0,0.0938217352015555,0.013221750232355925,0.6894445438087229,0.8303286003891304,272,479,R2,short_sentence,bert-base-uncased,0,,True,False,first-token,euclidean,11,True,False,Multivariate
subj_GEN,0.0001093854076334636,4.708355547648441e-06,1.0767996700022198e-119,0.0938217352015555,0.013221750232355925,0.6894445438087229,0.8303286003891304,272,479,R2,short_sentence,bert-base-uncased,0,,True,False,first-token,euclidean,11,True,False,Multivariate
subj_NUM,0.0001873509947011202,6.069820017062292e-06,1.7091938172944175e-209,0.0938217352015555,0.013221750232355925,0.6894445438087229,0.8303286003891304,272,479,R2,short_sentence,bert-base-uncased,0,,True,False,first-token,euclidean,11,True,False,Multivariate
subj_PERS,0.0012625339989077787,1.784073191730218e-05,0.0,0.0938217352015555,0.013221750232355925,0.6894445438087229,0.8303286003891304,272,479,R2,short_sentence,bert-base-uncased,0,,True,False,first-token,euclidean,11,True,False,Multivariate
subj_ZIPF,0.0,0.0,1.0,0.0938217352015555,0.013221750232355925,0.6894445438087229,0.8303286003891304,272,479,R2,short_sentence,bert-base-uncased,0,,True,False,first-token,euclidean,11,True,False,Multivariate
sentence_TENSE,0.0015066913839089917,1.7305673377729825e-05,0.0,0.0938217352015555,0.013221750232355925,0.6894445438087229,0.8303286003891304,272,479,R2,short_sentence,bert-base-uncased,0,,True,False,first-token,euclidean,11,True,False,Multivariate
verb_ZIPF,0.00026662847171519727,7.326774492778362e-06,2.956812260876878e-290,0.0938217352015555,0.013221750232355925,0.6894445438087229,0.8303286003891304,272,479,R2,short_sentence,bert-base-uncased,0,,True,False,first-token,euclidean,11,True,False,Multivariate
