Feature,importance,std,pval,score_MAE,score_MSE,score_R2,score_R,unit,top_units,top_units_rank,dataset,_model,seed,step,add_special_tokens,zscore,take_activation_from,distance_metric,layer,min_max,conditional,Method
sentence_GROUP,0.07098990677199947,0.0001090587527427792,0.0,0.08084329517462241,0.010031558622567842,0.7861195236417633,0.8866360082886203,531,299,R2,short_sentence,bert-base-uncased,0,,True,False,first-token,euclidean,11,True,False,Multivariate
subj_TYPE,0.0012928829040107146,1.4001623324382187e-05,0.0,0.08084329517462241,0.010031558622567842,0.7861195236417633,0.8866360082886203,531,299,R2,short_sentence,bert-base-uncased,0,,True,False,first-token,euclidean,11,True,False,Multivariate
subj_ANIM,0.0,0.0,1.0,0.08084329517462241,0.010031558622567842,0.7861195236417633,0.8866360082886203,531,299,R2,short_sentence,bert-base-uncased,0,,True,False,first-token,euclidean,11,True,False,Multivariate
subj_GEN,6.681819019881039e-05,3.2264450221385837e-06,1.4208031333134844e-95,0.08084329517462241,0.010031558622567842,0.7861195236417633,0.8866360082886203,531,299,R2,short_sentence,bert-base-uncased,0,,True,False,first-token,euclidean,11,True,False,Multivariate
subj_NUM,0.00011602307180613746,4.159226792132931e-06,1.5192218022480736e-171,0.08084329517462241,0.010031558622567842,0.7861195236417633,0.8866360082886203,531,299,R2,short_sentence,bert-base-uncased,0,,True,False,first-token,euclidean,11,True,False,Multivariate
subj_PERS,0.0008913802577592916,1.2898045587697075e-05,0.0,0.08084329517462241,0.010031558622567842,0.7861195236417633,0.8866360082886203,531,299,R2,short_sentence,bert-base-uncased,0,,True,False,first-token,euclidean,11,True,False,Multivariate
subj_ZIPF,0.0,0.0,1.0,0.08084329517462241,0.010031558622567842,0.7861195236417633,0.8866360082886203,531,299,R2,short_sentence,bert-base-uncased,0,,True,False,first-token,euclidean,11,True,False,Multivariate
sentence_TENSE,0.000845714947409732,1.1286911393182293e-05,0.0,0.08084329517462241,0.010031558622567842,0.7861195236417633,0.8866360082886203,531,299,R2,short_sentence,bert-base-uncased,0,,True,False,first-token,euclidean,11,True,False,Multivariate
verb_ZIPF,0.00012185229965945465,4.292894719301713e-06,1.5643256297209523e-177,0.08084329517462241,0.010031558622567842,0.7861195236417633,0.8866360082886203,531,299,R2,short_sentence,bert-base-uncased,0,,True,False,first-token,euclidean,11,True,False,Multivariate
