Feature,importance,std,pval,score_MAE,score_MSE,score_R2,score_R,unit,top_units,top_units_rank,dataset,_model,seed,step,add_special_tokens,zscore,take_activation_from,distance_metric,layer,min_max,conditional,Method
sentence_GROUP,0.06817417315181118,0.00010467175375545408,0.0,0.062364246337223705,0.008805419677414987,0.7956733769258204,0.8920288289093645,165,3,R2,short_sentence,bert-base-uncased,0,,True,False,first-token,euclidean,11,True,False,Multivariate
subj_TYPE,0.000190252420068127,5.077986147186336e-06,1.641479338546665e-307,0.062364246337223705,0.008805419677414987,0.7956733769258204,0.8920288289093645,165,3,R2,short_sentence,bert-base-uncased,0,,True,False,first-token,euclidean,11,True,False,Multivariate
subj_ANIM,0.0,0.0,1.0,0.062364246337223705,0.008805419677414987,0.7956733769258204,0.8920288289093645,165,3,R2,short_sentence,bert-base-uncased,0,,True,False,first-token,euclidean,11,True,False,Multivariate
subj_GEN,7.570501008236601e-05,3.1895953387601936e-06,7.850918827972657e-125,0.062364246337223705,0.008805419677414987,0.7956733769258204,0.8920288289093645,165,3,R2,short_sentence,bert-base-uncased,0,,True,False,first-token,euclidean,11,True,False,Multivariate
subj_NUM,0.0,0.0,1.0,0.062364246337223705,0.008805419677414987,0.7956733769258204,0.8920288289093645,165,3,R2,short_sentence,bert-base-uncased,0,,True,False,first-token,euclidean,11,True,False,Multivariate
subj_PERS,0.0,0.0,1.0,0.062364246337223705,0.008805419677414987,0.7956733769258204,0.8920288289093645,165,3,R2,short_sentence,bert-base-uncased,0,,True,False,first-token,euclidean,11,True,False,Multivariate
subj_ZIPF,0.0,0.0,1.0,0.062364246337223705,0.008805419677414987,0.7956733769258204,0.8920288289093645,165,3,R2,short_sentence,bert-base-uncased,0,,True,False,first-token,euclidean,11,True,False,Multivariate
sentence_TENSE,1.3262769115516286e-06,4.257949151592902e-07,0.0009202684137097732,0.062364246337223705,0.008805419677414987,0.7956733769258204,0.8920288289093645,165,3,R2,short_sentence,bert-base-uncased,0,,True,False,first-token,euclidean,11,True,False,Multivariate
verb_ZIPF,3.537506932052985e-06,6.653440079808234e-07,5.280144199648065e-08,0.062364246337223705,0.008805419677414987,0.7956733769258204,0.8920288289093645,165,3,R2,short_sentence,bert-base-uncased,0,,True,False,first-token,euclidean,11,True,False,Multivariate
