Feature,importance,std,pval,score_MAE,score_MSE,score_R2,score_R,unit,top_units,top_units_rank,dataset,_model,seed,step,add_special_tokens,zscore,take_activation_from,distance_metric,layer,min_max,conditional,Method
sentence_GROUP,0.09918365415313085,0.00010856307678255125,0.0,0.05807670637866915,0.0061213517086034785,0.8904172881100332,0.9436221781358551,214,57,R2,short_sentence,bert-base-uncased,0,,True,False,first-token,euclidean,11,True,False,Multivariate
subj_TYPE,0.0003435118983531305,5.622681883174364e-06,0.0,0.05807670637866915,0.0061213517086034785,0.8904172881100332,0.9436221781358551,214,57,R2,short_sentence,bert-base-uncased,0,,True,False,first-token,euclidean,11,True,False,Multivariate
subj_ANIM,0.0,0.0,1.0,0.05807670637866915,0.0061213517086034785,0.8904172881100332,0.9436221781358551,214,57,R2,short_sentence,bert-base-uncased,0,,True,False,first-token,euclidean,11,True,False,Multivariate
subj_GEN,5.1938488366093066e-05,2.2772389628680725e-06,1.9245586293914808e-115,0.05807670637866915,0.0061213517086034785,0.8904172881100332,0.9436221781358551,214,57,R2,short_sentence,bert-base-uncased,0,,True,False,first-token,euclidean,11,True,False,Multivariate
subj_NUM,5.395803237590595e-05,2.1988677978248955e-06,2.833542532049715e-133,0.05807670637866915,0.0061213517086034785,0.8904172881100332,0.9436221781358551,214,57,R2,short_sentence,bert-base-uncased,0,,True,False,first-token,euclidean,11,True,False,Multivariate
subj_PERS,0.00015644228798322892,4.0031552593305805e-06,0.0,0.05807670637866915,0.0061213517086034785,0.8904172881100332,0.9436221781358551,214,57,R2,short_sentence,bert-base-uncased,0,,True,False,first-token,euclidean,11,True,False,Multivariate
subj_ZIPF,0.0,0.0,1.0,0.05807670637866915,0.0061213517086034785,0.8904172881100332,0.9436221781358551,214,57,R2,short_sentence,bert-base-uncased,0,,True,False,first-token,euclidean,11,True,False,Multivariate
sentence_TENSE,6.712122222235225e-05,2.496027431919272e-06,1.391055711195876e-159,0.05807670637866915,0.0061213517086034785,0.8904172881100332,0.9436221781358551,214,57,R2,short_sentence,bert-base-uncased,0,,True,False,first-token,euclidean,11,True,False,Multivariate
verb_ZIPF,6.021397086331438e-06,7.465850871728942e-07,3.654238948838308e-16,0.05807670637866915,0.0061213517086034785,0.8904172881100332,0.9436221781358551,214,57,R2,short_sentence,bert-base-uncased,0,,True,False,first-token,euclidean,11,True,False,Multivariate
