Feature,importance,std,pval,score_MAE,score_MSE,score_R2,score_R,unit,top_units,top_units_rank,dataset,_model,seed,step,add_special_tokens,zscore,take_activation_from,distance_metric,layer,min_max,conditional,Method
sentence_GROUP,0.0739743949181506,0.00010977129974121101,0.0,0.07745236035315294,0.0094587237841305,0.7997346360002651,0.8942818640731819,265,236,R2,short_sentence,bert-base-uncased,0,,True,False,first-token,euclidean,11,True,False,Multivariate
subj_TYPE,0.0007464635246280586,1.0427131939348993e-05,0.0,0.07745236035315294,0.0094587237841305,0.7997346360002651,0.8942818640731819,265,236,R2,short_sentence,bert-base-uncased,0,,True,False,first-token,euclidean,11,True,False,Multivariate
subj_ANIM,0.0,0.0,1.0,0.07745236035315294,0.0094587237841305,0.7997346360002651,0.8942818640731819,265,236,R2,short_sentence,bert-base-uncased,0,,True,False,first-token,euclidean,11,True,False,Multivariate
subj_GEN,5.570348496628453e-05,2.820658382908584e-06,4.14013469868591e-87,0.07745236035315294,0.0094587237841305,0.7997346360002651,0.8942818640731819,265,236,R2,short_sentence,bert-base-uncased,0,,True,False,first-token,euclidean,11,True,False,Multivariate
subj_NUM,0.00012457352642531748,4.104619617577973e-06,1.2719470918043882e-202,0.07745236035315294,0.0094587237841305,0.7997346360002651,0.8942818640731819,265,236,R2,short_sentence,bert-base-uncased,0,,True,False,first-token,euclidean,11,True,False,Multivariate
subj_PERS,0.0005954783501823954,1.015515037924248e-05,0.0,0.07745236035315294,0.0094587237841305,0.7997346360002651,0.8942818640731819,265,236,R2,short_sentence,bert-base-uncased,0,,True,False,first-token,euclidean,11,True,False,Multivariate
subj_ZIPF,-4.917214644078889e-08,4.9987217868281334e-08,0.8373671037096907,0.07745236035315294,0.0094587237841305,0.7997346360002651,0.8942818640731819,265,236,R2,short_sentence,bert-base-uncased,0,,True,False,first-token,euclidean,11,True,False,Multivariate
sentence_TENSE,0.0005524668403785495,8.860793963104116e-06,0.0,0.07745236035315294,0.0094587237841305,0.7997346360002651,0.8942818640731819,265,236,R2,short_sentence,bert-base-uncased,0,,True,False,first-token,euclidean,11,True,False,Multivariate
verb_ZIPF,6.88752712089929e-05,3.0783619721694444e-06,3.526049941098932e-111,0.07745236035315294,0.0094587237841305,0.7997346360002651,0.8942818640731819,265,236,R2,short_sentence,bert-base-uncased,0,,True,False,first-token,euclidean,11,True,False,Multivariate
