Feature,importance,std,pval,score_MAE,score_MSE,score_R2,score_R,unit,top_units,top_units_rank,dataset,_model,seed,step,add_special_tokens,zscore,take_activation_from,distance_metric,layer,min_max,conditional,Method
sentence_GROUP,0.01936035167298663,5.5574726458105064e-05,0.0,0.07790923245007414,0.010101752278408083,0.5776755179622346,0.7601104779701764,709,379,R2,short_sentence,bert-base-uncased,0,,True,False,first-token,euclidean,5,True,False,Multivariate
subj_TYPE,0.004141835996982626,2.5134745747957538e-05,0.0,0.07790923245007414,0.010101752278408083,0.5776755179622346,0.7601104779701764,709,379,R2,short_sentence,bert-base-uncased,0,,True,False,first-token,euclidean,5,True,False,Multivariate
subj_ANIM,0.0006136230962222172,9.54853862214145e-06,0.0,0.07790923245007414,0.010101752278408083,0.5776755179622346,0.7601104779701764,709,379,R2,short_sentence,bert-base-uncased,0,,True,False,first-token,euclidean,5,True,False,Multivariate
subj_GEN,6.623797889208985e-05,3.121691458697664e-06,3.214287789410109e-100,0.07790923245007414,0.010101752278408083,0.5776755179622346,0.7601104779701764,709,379,R2,short_sentence,bert-base-uncased,0,,True,False,first-token,euclidean,5,True,False,Multivariate
subj_NUM,1.1225418290152597e-05,1.2716894883237826e-06,5.367916038443068e-19,0.07790923245007414,0.010101752278408083,0.5776755179622346,0.7601104779701764,709,379,R2,short_sentence,bert-base-uncased,0,,True,False,first-token,euclidean,5,True,False,Multivariate
subj_PERS,0.0,0.0,1.0,0.07790923245007414,0.010101752278408083,0.5776755179622346,0.7601104779701764,709,379,R2,short_sentence,bert-base-uncased,0,,True,False,first-token,euclidean,5,True,False,Multivariate
subj_ZIPF,0.00023281996416080178,5.683428141626403e-06,0.0,0.07790923245007414,0.010101752278408083,0.5776755179622346,0.7601104779701764,709,379,R2,short_sentence,bert-base-uncased,0,,True,False,first-token,euclidean,5,True,False,Multivariate
sentence_TENSE,0.0028102025678051535,2.0608251127511313e-05,0.0,0.07790923245007414,0.010101752278408083,0.5776755179622346,0.7601104779701764,709,379,R2,short_sentence,bert-base-uncased,0,,True,False,first-token,euclidean,5,True,False,Multivariate
verb_ZIPF,0.00022553010713176956,5.942603325166265e-06,0.0,0.07790923245007414,0.010101752278408083,0.5776755179622346,0.7601104779701764,709,379,R2,short_sentence,bert-base-uncased,0,,True,False,first-token,euclidean,5,True,False,Multivariate
