Feature,importance,std,pval,score_MAE,score_MSE,score_R2,score_R,unit,top_units,top_units_rank,dataset,_model,seed,step,add_special_tokens,zscore,take_activation_from,distance_metric,layer,min_max,conditional,Method
sentence_GROUP,0.014058311546767292,4.2181001558309066e-05,0.0,0.06094920608405421,0.007491866248220973,0.5260901469521749,0.7253321101962213,470,2,R2,short_sentence,bert-base-uncased,0,,True,False,first-token,euclidean,5,True,False,Multivariate
subj_TYPE,0.0025602348177415106,1.719088587303473e-05,0.0,0.06094920608405421,0.007491866248220973,0.5260901469521749,0.7253321101962213,470,2,R2,short_sentence,bert-base-uncased,0,,True,False,first-token,euclidean,5,True,False,Multivariate
subj_ANIM,5.229893263216752e-05,2.4569666291219625e-06,7.656277165863564e-101,0.06094920608405421,0.007491866248220973,0.5260901469521749,0.7253321101962213,470,2,R2,short_sentence,bert-base-uncased,0,,True,False,first-token,euclidean,5,True,False,Multivariate
subj_GEN,4.771695772368703e-05,2.327218885989017e-06,9.944855332322782e-94,0.06094920608405421,0.007491866248220973,0.5260901469521749,0.7253321101962213,470,2,R2,short_sentence,bert-base-uncased,0,,True,False,first-token,euclidean,5,True,False,Multivariate
subj_NUM,4.267495701171066e-05,2.1867457339345322e-06,4.07102875220439e-85,0.06094920608405421,0.007491866248220973,0.5260901469521749,0.7253321101962213,470,2,R2,short_sentence,bert-base-uncased,0,,True,False,first-token,euclidean,5,True,False,Multivariate
subj_PERS,0.0,0.0,1.0,0.06094920608405421,0.007491866248220973,0.5260901469521749,0.7253321101962213,470,2,R2,short_sentence,bert-base-uncased,0,,True,False,first-token,euclidean,5,True,False,Multivariate
subj_ZIPF,0.0,0.0,1.0,0.06094920608405421,0.007491866248220973,0.5260901469521749,0.7253321101962213,470,2,R2,short_sentence,bert-base-uncased,0,,True,False,first-token,euclidean,5,True,False,Multivariate
sentence_TENSE,8.626950647312448e-06,9.980452819466271e-07,2.717567870542969e-18,0.06094920608405421,0.007491866248220973,0.5260901469521749,0.7253321101962213,470,2,R2,short_sentence,bert-base-uncased,0,,True,False,first-token,euclidean,5,True,False,Multivariate
verb_ZIPF,-4.4363560766975924e-08,8.047145195576151e-08,0.7092844872638457,0.06094920608405421,0.007491866248220973,0.5260901469521749,0.7253321101962213,470,2,R2,short_sentence,bert-base-uncased,0,,True,False,first-token,euclidean,5,True,False,Multivariate
