Feature,importance,std,pval,score_MAE,score_MSE,score_R2,score_R,dataset,_model,seed,step,add_special_tokens,zscore,take_activation_from,distance_metric,layer,min_max,conditional,Method
sentence_GROUP,0.009194446460622533,3.9905587916620415e-05,0.0,0.0820816759844081,0.01135094197475071,0.3829163243252029,0.6189208203692244,short_sentence,bert-base-uncased,0,,True,False,first-token,euclidean,5,True,False,Multivariate
subj_TYPE,0.0015392444173560785,1.6124716458828046e-05,0.0,0.0820816759844081,0.01135094197475071,0.3829163243252029,0.6189208203692244,short_sentence,bert-base-uncased,0,,True,False,first-token,euclidean,5,True,False,Multivariate
subj_ANIM,0.00023987716393573767,6.243216477579398e-06,0.0,0.0820816759844081,0.01135094197475071,0.3829163243252029,0.6189208203692244,short_sentence,bert-base-uncased,0,,True,False,first-token,euclidean,5,True,False,Multivariate
subj_GEN,8.265451649673275e-05,3.7401677409673934e-06,1.6104722700751155e-108,0.0820816759844081,0.01135094197475071,0.3829163243252029,0.6189208203692244,short_sentence,bert-base-uncased,0,,True,False,first-token,euclidean,5,True,False,Multivariate
subj_NUM,2.480555742302113e-06,6.713389995389537e-07,0.00010997037795109621,0.0820816759844081,0.01135094197475071,0.3829163243252029,0.6189208203692244,short_sentence,bert-base-uncased,0,,True,False,first-token,euclidean,5,True,False,Multivariate
subj_PERS,0.0,0.0,1.0,0.0820816759844081,0.01135094197475071,0.3829163243252029,0.6189208203692244,short_sentence,bert-base-uncased,0,,True,False,first-token,euclidean,5,True,False,Multivariate
subj_ZIPF,0.0003032782225145339,7.0960870448293695e-06,0.0,0.0820816759844081,0.01135094197475071,0.3829163243252029,0.6189208203692244,short_sentence,bert-base-uncased,0,,True,False,first-token,euclidean,5,True,False,Multivariate
sentence_TENSE,0.002204170183818525,1.9345299108622624e-05,0.0,0.0820816759844081,0.01135094197475071,0.3829163243252029,0.6189208203692244,short_sentence,bert-base-uncased,0,,True,False,first-token,euclidean,5,True,False,Multivariate
verb_ZIPF,0.0003498190226932352,7.79810357932881e-06,0.0,0.0820816759844081,0.01135094197475071,0.3829163243252029,0.6189208203692244,short_sentence,bert-base-uncased,0,,True,False,first-token,euclidean,5,True,False,Multivariate
