Feature,importance,std,pval,score_MAE,score_MSE,score_R2,score_R,unit,top_units,top_units_rank,dataset,_model,seed,step,add_special_tokens,zscore,take_activation_from,distance_metric,layer,min_max,conditional,Method
sentence_GROUP,0.019274575560688356,5.1141829297377186e-05,0.0,0.0646349479723577,0.008100948427857843,0.6040725229102224,0.7772513505676237,733,4,R2,short_sentence,bert-base-uncased,0,,True,False,first-token,euclidean,5,True,False,Multivariate
subj_TYPE,0.005198348066007759,2.554346772442128e-05,0.0,0.0646349479723577,0.008100948427857843,0.6040725229102224,0.7772513505676237,733,4,R2,short_sentence,bert-base-uncased,0,,True,False,first-token,euclidean,5,True,False,Multivariate
subj_ANIM,0.0003020092482806013,6.726595821714502e-06,0.0,0.0646349479723577,0.008100948427857843,0.6040725229102224,0.7772513505676237,733,4,R2,short_sentence,bert-base-uncased,0,,True,False,first-token,euclidean,5,True,False,Multivariate
subj_GEN,3.0051664029884922e-05,1.7864400632979463e-06,8.405405920211532e-64,0.0646349479723577,0.008100948427857843,0.6040725229102224,0.7772513505676237,733,4,R2,short_sentence,bert-base-uncased,0,,True,False,first-token,euclidean,5,True,False,Multivariate
subj_NUM,5.331176307407161e-05,2.507799228608245e-06,1.378697130345467e-100,0.0646349479723577,0.008100948427857843,0.6040725229102224,0.7772513505676237,733,4,R2,short_sentence,bert-base-uncased,0,,True,False,first-token,euclidean,5,True,False,Multivariate
subj_PERS,1.0215648020657684e-24,8.28251766472441e-25,0.10871349112011147,0.0646349479723577,0.008100948427857843,0.6040725229102224,0.7772513505676237,733,4,R2,short_sentence,bert-base-uncased,0,,True,False,first-token,euclidean,5,True,False,Multivariate
subj_ZIPF,5.3399014950888685e-06,7.157761601798182e-07,4.3164402185778105e-14,0.0646349479723577,0.008100948427857843,0.6040725229102224,0.7772513505676237,733,4,R2,short_sentence,bert-base-uncased,0,,True,False,first-token,euclidean,5,True,False,Multivariate
sentence_TENSE,5.65342737752554e-06,8.661411223152569e-07,3.351791318997897e-11,0.0646349479723577,0.008100948427857843,0.6040725229102224,0.7772513505676237,733,4,R2,short_sentence,bert-base-uncased,0,,True,False,first-token,euclidean,5,True,False,Multivariate
verb_ZIPF,1.3196235527161944e-06,4.358550497287812e-07,0.001232251214970334,0.0646349479723577,0.008100948427857843,0.6040725229102224,0.7772513505676237,733,4,R2,short_sentence,bert-base-uncased,0,,True,False,first-token,euclidean,5,True,False,Multivariate
