Feature,importance,std,pval,score_MAE,score_MSE,score_R2,score_R,unit,top_units,top_units_rank,dataset,_model,seed,step,add_special_tokens,zscore,take_activation_from,distance_metric,layer,min_max,conditional,Method
sentence_GROUP,0.019647679726795594,5.2102864966850095e-05,0.0,0.0718219210445905,0.008672278301294151,0.6150477504270873,0.784300451052186,558,299,R2,short_sentence,bert-base-uncased,0,,True,False,first-token,euclidean,5,True,False,Multivariate
subj_TYPE,0.00454383651261786,2.4467825688006192e-05,0.0,0.0718219210445905,0.008672278301294151,0.6150477504270873,0.784300451052186,558,299,R2,short_sentence,bert-base-uncased,0,,True,False,first-token,euclidean,5,True,False,Multivariate
subj_ANIM,0.00062561163002653,8.933764684450513e-06,0.0,0.0718219210445905,0.008672278301294151,0.6150477504270873,0.784300451052186,558,299,R2,short_sentence,bert-base-uncased,0,,True,False,first-token,euclidean,5,True,False,Multivariate
subj_GEN,4.823416460348499e-05,2.4465667185510557e-06,8.009223596313151e-87,0.0718219210445905,0.008672278301294151,0.6150477504270873,0.784300451052186,558,299,R2,short_sentence,bert-base-uncased,0,,True,False,first-token,euclidean,5,True,False,Multivariate
subj_NUM,1.1786037209167907e-05,1.204901194981541e-06,6.743195090725553e-23,0.0718219210445905,0.008672278301294151,0.6150477504270873,0.784300451052186,558,299,R2,short_sentence,bert-base-uncased,0,,True,False,first-token,euclidean,5,True,False,Multivariate
subj_PERS,-3.827130575543952e-23,3.8271305755439524e-23,0.8413447460685429,0.0718219210445905,0.008672278301294151,0.6150477504270873,0.784300451052186,558,299,R2,short_sentence,bert-base-uncased,0,,True,False,first-token,euclidean,5,True,False,Multivariate
subj_ZIPF,0.0001863878259573944,4.625078130152527e-06,0.0,0.0718219210445905,0.008672278301294151,0.6150477504270873,0.784300451052186,558,299,R2,short_sentence,bert-base-uncased,0,,True,False,first-token,euclidean,5,True,False,Multivariate
sentence_TENSE,0.0023512673685177113,1.7467884583111076e-05,0.0,0.0718219210445905,0.008672278301294151,0.6150477504270873,0.784300451052186,558,299,R2,short_sentence,bert-base-uncased,0,,True,False,first-token,euclidean,5,True,False,Multivariate
verb_ZIPF,0.00014224686021929663,4.3647795399727815e-06,2.869524233213601e-233,0.0718219210445905,0.008672278301294151,0.6150477504270873,0.784300451052186,558,299,R2,short_sentence,bert-base-uncased,0,,True,False,first-token,euclidean,5,True,False,Multivariate
