Feature,importance,std,pval,score_MAE,score_MSE,score_R2,score_R,unit,top_units,top_units_rank,dataset,_model,seed,step,add_special_tokens,zscore,take_activation_from,distance_metric,layer,min_max,conditional,Method
sentence_GROUP,0.009194446460622535,3.990558791662042e-05,0.0,0.08208167598440808,0.011350941974750709,0.382916324325203,0.6189209871560613,68,768,R2,short_sentence,bert-base-uncased,0,,True,False,first-token,euclidean,5,True,False,Multivariate
subj_TYPE,0.0015392444173560804,1.6124716458828063e-05,0.0,0.08208167598440808,0.011350941974750709,0.382916324325203,0.6189209871560613,68,768,R2,short_sentence,bert-base-uncased,0,,True,False,first-token,euclidean,5,True,False,Multivariate
subj_ANIM,0.00023987716393573767,6.243216477579392e-06,0.0,0.08208167598440808,0.011350941974750709,0.382916324325203,0.6189209871560613,68,768,R2,short_sentence,bert-base-uncased,0,,True,False,first-token,euclidean,5,True,False,Multivariate
subj_GEN,8.265451649673301e-05,3.7401677409674044e-06,1.6104722700749321e-108,0.08208167598440808,0.011350941974750709,0.382916324325203,0.6189209871560613,68,768,R2,short_sentence,bert-base-uncased,0,,True,False,first-token,euclidean,5,True,False,Multivariate
subj_NUM,2.4805557423021707e-06,6.71338999538953e-07,0.00010997037795105735,0.08208167598440808,0.011350941974750709,0.382916324325203,0.6189209871560613,68,768,R2,short_sentence,bert-base-uncased,0,,True,False,first-token,euclidean,5,True,False,Multivariate
subj_PERS,1.498959475421381e-22,2.4307691268366625e-22,0.2687293169925078,0.08208167598440808,0.011350941974750709,0.382916324325203,0.6189209871560613,68,768,R2,short_sentence,bert-base-uncased,0,,True,False,first-token,euclidean,5,True,False,Multivariate
subj_ZIPF,0.0003032782225145336,7.096087044829365e-06,0.0,0.08208167598440808,0.011350941974750709,0.382916324325203,0.6189209871560613,68,768,R2,short_sentence,bert-base-uncased,0,,True,False,first-token,euclidean,5,True,False,Multivariate
sentence_TENSE,0.0022041701838185243,1.9345299108622617e-05,0.0,0.08208167598440808,0.011350941974750709,0.382916324325203,0.6189209871560613,68,768,R2,short_sentence,bert-base-uncased,0,,True,False,first-token,euclidean,5,True,False,Multivariate
verb_ZIPF,0.0003498190226932352,7.798103579328808e-06,0.0,0.08208167598440808,0.011350941974750709,0.382916324325203,0.6189209871560613,68,768,R2,short_sentence,bert-base-uncased,0,,True,False,first-token,euclidean,5,True,False,Multivariate
