Feature,importance,std,pval,score_MAE,score_MSE,score_R2,score_R,unit,top_units,top_units_rank,dataset,_model,seed,step,add_special_tokens,zscore,take_activation_from,distance_metric,layer,min_max,conditional,Method
sentence_GROUP,0.020644417567258204,5.1257424337634855e-05,0.0,0.06809437310330885,0.007862597364898756,0.6431599934230902,0.8020144620879845,606,236,R2,short_sentence,bert-base-uncased,0,,True,False,first-token,euclidean,5,True,False,Multivariate
subj_TYPE,0.004899318233851377,2.4269250182643256e-05,0.0,0.06809437310330885,0.007862597364898756,0.6431599934230902,0.8020144620879845,606,236,R2,short_sentence,bert-base-uncased,0,,True,False,first-token,euclidean,5,True,False,Multivariate
subj_ANIM,0.0005276798284726816,7.78679428192639e-06,0.0,0.06809437310330885,0.007862597364898756,0.6431599934230902,0.8020144620879845,606,236,R2,short_sentence,bert-base-uncased,0,,True,False,first-token,euclidean,5,True,False,Multivariate
subj_GEN,2.939674596678664e-05,1.811254057088593e-06,1.5460086702253065e-59,0.06809437310330885,0.007862597364898756,0.6431599934230902,0.8020144620879845,606,236,R2,short_sentence,bert-base-uncased,0,,True,False,first-token,euclidean,5,True,False,Multivariate
subj_NUM,9.903669864295218e-06,1.0486482591596463e-06,1.790224061449062e-21,0.06809437310330885,0.007862597364898756,0.6431599934230902,0.8020144620879845,606,236,R2,short_sentence,bert-base-uncased,0,,True,False,first-token,euclidean,5,True,False,Multivariate
subj_PERS,0.0,0.0,1.0,0.06809437310330885,0.007862597364898756,0.6431599934230902,0.8020144620879845,606,236,R2,short_sentence,bert-base-uncased,0,,True,False,first-token,euclidean,5,True,False,Multivariate
subj_ZIPF,0.00015519140193104086,3.899831736407317e-06,0.0,0.06809437310330885,0.007862597364898756,0.6431599934230902,0.8020144620879845,606,236,R2,short_sentence,bert-base-uncased,0,,True,False,first-token,euclidean,5,True,False,Multivariate
sentence_TENSE,0.0017793607445164424,1.4468581566053835e-05,0.0,0.06809437310330885,0.007862597364898756,0.6431599934230902,0.8020144620879845,606,236,R2,short_sentence,bert-base-uncased,0,,True,False,first-token,euclidean,5,True,False,Multivariate
verb_ZIPF,0.00011195833135676963,3.649169715278911e-06,5.181620611468421e-207,0.06809437310330885,0.007862597364898756,0.6431599934230902,0.8020144620879845,606,236,R2,short_sentence,bert-base-uncased,0,,True,False,first-token,euclidean,5,True,False,Multivariate
