Feature,importance,std,pval,score_MAE,score_MSE,score_R2,score_R,unit,top_units,top_units_rank,dataset,_model,seed,step,add_special_tokens,zscore,take_activation_from,distance_metric,layer,min_max,conditional,Method
sentence_GROUP,0.027021369631856484,5.462328911008028e-05,0.0,0.05823339552741969,0.006457596239049157,0.7225345589707557,0.8500448526452384,4,57,R2,short_sentence,bert-base-uncased,0,,True,False,first-token,euclidean,5,True,False,Multivariate
subj_TYPE,0.0054949937319235575,2.344673673265382e-05,0.0,0.05823339552741969,0.006457596239049157,0.7225345589707557,0.8500448526452384,4,57,R2,short_sentence,bert-base-uncased,0,,True,False,first-token,euclidean,5,True,False,Multivariate
subj_ANIM,0.0005194041181185941,7.783216624286827e-06,0.0,0.05823339552741969,0.006457596239049157,0.7225345589707557,0.8500448526452384,4,57,R2,short_sentence,bert-base-uncased,0,,True,False,first-token,euclidean,5,True,False,Multivariate
subj_GEN,3.0213409305717805e-05,1.5811246570596196e-06,1.0664026450452587e-81,0.05823339552741969,0.006457596239049157,0.7225345589707557,0.8500448526452384,4,57,R2,short_sentence,bert-base-uncased,0,,True,False,first-token,euclidean,5,True,False,Multivariate
subj_NUM,4.259999919047506e-05,1.97891552977274e-06,4.354742317615619e-103,0.05823339552741969,0.006457596239049157,0.7225345589707557,0.8500448526452384,4,57,R2,short_sentence,bert-base-uncased,0,,True,False,first-token,euclidean,5,True,False,Multivariate
subj_PERS,5.560395598621116e-05,2.295427894354665e-06,6.2474127194934834e-130,0.05823339552741969,0.006457596239049157,0.7225345589707557,0.8500448526452384,4,57,R2,short_sentence,bert-base-uncased,0,,True,False,first-token,euclidean,5,True,False,Multivariate
subj_ZIPF,4.6869767569947524e-05,1.8285285312248527e-06,3.3130002031114254e-145,0.05823339552741969,0.006457596239049157,0.7225345589707557,0.8500448526452384,4,57,R2,short_sentence,bert-base-uncased,0,,True,False,first-token,euclidean,5,True,False,Multivariate
sentence_TENSE,0.00021520688477190715,4.578451448614764e-06,0.0,0.05823339552741969,0.006457596239049157,0.7225345589707557,0.8500448526452384,4,57,R2,short_sentence,bert-base-uncased,0,,True,False,first-token,euclidean,5,True,False,Multivariate
verb_ZIPF,3.376101241544456e-05,1.8305974957451891e-06,2.988719823438294e-76,0.05823339552741969,0.006457596239049157,0.7225345589707557,0.8500448526452384,4,57,R2,short_sentence,bert-base-uncased,0,,True,False,first-token,euclidean,5,True,False,Multivariate
