Feature,importance,std,pval,score_MAE,score_MSE,score_R2,score_R,unit,top_units,top_units_rank,dataset,_model,seed,step,add_special_tokens,zscore,take_activation_from,distance_metric,layer,min_max,conditional,Method
sentence_GROUP,0.09381802455215939,0.0001023356656502259,0.0,0.052056602697151524,0.00568514228213407,0.8927840118200139,0.9448804951137317,172,57,R2,short_sentence,bert-base-uncased,0,,True,False,first-token,euclidean,9,True,False,Multivariate
subj_TYPE,0.00046926511766885883,6.383649961899358e-06,0.0,0.052056602697151524,0.00568514228213407,0.8927840118200139,0.9448804951137317,172,57,R2,short_sentence,bert-base-uncased,0,,True,False,first-token,euclidean,9,True,False,Multivariate
subj_ANIM,0.0,0.0,1.0,0.052056602697151524,0.00568514228213407,0.8927840118200139,0.9448804951137317,172,57,R2,short_sentence,bert-base-uncased,0,,True,False,first-token,euclidean,9,True,False,Multivariate
subj_GEN,6.807993579770266e-05,2.426847630700687e-06,1.8448279068919854e-173,0.052056602697151524,0.00568514228213407,0.8927840118200139,0.9448804951137317,172,57,R2,short_sentence,bert-base-uncased,0,,True,False,first-token,euclidean,9,True,False,Multivariate
subj_NUM,9.769902420053138e-05,2.8429895944228302e-06,4.2202469334935634e-259,0.052056602697151524,0.00568514228213407,0.8927840118200139,0.9448804951137317,172,57,R2,short_sentence,bert-base-uncased,0,,True,False,first-token,euclidean,9,True,False,Multivariate
subj_PERS,6.229080942032869e-06,8.416627514645906e-07,6.762073548527535e-14,0.052056602697151524,0.00568514228213407,0.8927840118200139,0.9448804951137317,172,57,R2,short_sentence,bert-base-uncased,0,,True,False,first-token,euclidean,9,True,False,Multivariate
subj_ZIPF,0.0,0.0,1.0,0.052056602697151524,0.00568514228213407,0.8927840118200139,0.9448804951137317,172,57,R2,short_sentence,bert-base-uncased,0,,True,False,first-token,euclidean,9,True,False,Multivariate
sentence_TENSE,3.3882311051599346e-05,1.7139274538828107e-06,2.763051913068756e-87,0.052056602697151524,0.00568514228213407,0.8927840118200139,0.9448804951137317,172,57,R2,short_sentence,bert-base-uncased,0,,True,False,first-token,euclidean,9,True,False,Multivariate
verb_ZIPF,-1.257408178289465e-08,6.918453711102847e-08,0.572109358636061,0.052056602697151524,0.00568514228213407,0.8927840118200139,0.9448804951137317,172,57,R2,short_sentence,bert-base-uncased,0,,True,False,first-token,euclidean,9,True,False,Multivariate
