Feature,importance,std,pval,score_MAE,score_MSE,score_R2,score_R,unit,top_units,top_units_rank,dataset,_model,seed,step,add_special_tokens,zscore,take_activation_from,distance_metric,layer,min_max,conditional,Method
sentence_GROUP,0.05562490422035309,9.70692986749988e-05,0.0,0.06250435458912315,0.009512944499593539,0.745369192608845,0.8633909710506523,224,2,R2,short_sentence,bert-base-uncased,0,,True,False,first-token,euclidean,9,True,False,Multivariate
subj_TYPE,0.0,0.0,1.0,0.06250435458912315,0.009512944499593539,0.745369192608845,0.8633909710506523,224,2,R2,short_sentence,bert-base-uncased,0,,True,False,first-token,euclidean,9,True,False,Multivariate
subj_ANIM,4.249406962825129e-05,2.447430303041189e-06,7.901470511924645e-68,0.06250435458912315,0.009512944499593539,0.745369192608845,0.8633909710506523,224,2,R2,short_sentence,bert-base-uncased,0,,True,False,first-token,euclidean,9,True,False,Multivariate
subj_GEN,1.2663287985992686e-05,1.369290181873228e-06,1.1429402043711241e-20,0.06250435458912315,0.009512944499593539,0.745369192608845,0.8633909710506523,224,2,R2,short_sentence,bert-base-uncased,0,,True,False,first-token,euclidean,9,True,False,Multivariate
subj_NUM,1.3768457853770926e-05,1.3986140343661333e-06,3.625015281033237e-23,0.06250435458912315,0.009512944499593539,0.745369192608845,0.8633909710506523,224,2,R2,short_sentence,bert-base-uncased,0,,True,False,first-token,euclidean,9,True,False,Multivariate
subj_PERS,0.0003519644662328923,7.727284694724737e-06,0.0,0.06250435458912315,0.009512944499593539,0.745369192608845,0.8633909710506523,224,2,R2,short_sentence,bert-base-uncased,0,,True,False,first-token,euclidean,9,True,False,Multivariate
subj_ZIPF,0.0,0.0,1.0,0.06250435458912315,0.009512944499593539,0.745369192608845,0.8633909710506523,224,2,R2,short_sentence,bert-base-uncased,0,,True,False,first-token,euclidean,9,True,False,Multivariate
sentence_TENSE,-2.6408052880291055e-07,2.0556508958693145e-07,0.9005438274930964,0.06250435458912315,0.009512944499593539,0.745369192608845,0.8633909710506523,224,2,R2,short_sentence,bert-base-uncased,0,,True,False,first-token,euclidean,9,True,False,Multivariate
verb_ZIPF,0.0,0.0,1.0,0.06250435458912315,0.009512944499593539,0.745369192608845,0.8633909710506523,224,2,R2,short_sentence,bert-base-uncased,0,,True,False,first-token,euclidean,9,True,False,Multivariate
