Feature,importance,std,pval,score_MAE,score_MSE,score_R2,score_R,dataset,_model,seed,step,add_special_tokens,zscore,take_activation_from,distance_metric,layer,min_max,conditional,Method
sentence_GROUP,0.0354983375115483,8.383639014217917e-05,0.0,0.09012757205063582,0.013238633045019084,0.6161130762775867,0.7849347963412847,short_sentence,bert-base-uncased,0,,True,False,first-token,euclidean,9,True,False,Multivariate
subj_TYPE,0.004434080416953771,2.9968631660558296e-05,0.0,0.09012757205063582,0.013238633045019084,0.6161130762775867,0.7849347963412847,short_sentence,bert-base-uncased,0,,True,False,first-token,euclidean,9,True,False,Multivariate
subj_ANIM,0.0,0.0,1.0,0.09012757205063582,0.013238633045019084,0.6161130762775867,0.7849347963412847,short_sentence,bert-base-uncased,0,,True,False,first-token,euclidean,9,True,False,Multivariate
subj_GEN,9.654675124075226e-05,4.416351035609826e-06,3.040933177182323e-106,0.09012757205063582,0.013238633045019084,0.6161130762775867,0.7849347963412847,short_sentence,bert-base-uncased,0,,True,False,first-token,euclidean,9,True,False,Multivariate
subj_NUM,0.00042962270104884755,9.133271201643381e-06,0.0,0.09012757205063582,0.013238633045019084,0.6161130762775867,0.7849347963412847,short_sentence,bert-base-uncased,0,,True,False,first-token,euclidean,9,True,False,Multivariate
subj_PERS,0.0009116965759561282,1.560681052196883e-05,0.0,0.09012757205063582,0.013238633045019084,0.6161130762775867,0.7849347963412847,short_sentence,bert-base-uncased,0,,True,False,first-token,euclidean,9,True,False,Multivariate
subj_ZIPF,3.0534949793312693e-06,7.433516967427839e-07,1.997753607823875e-05,0.09012757205063582,0.013238633045019084,0.6161130762775867,0.7849347963412847,short_sentence,bert-base-uncased,0,,True,False,first-token,euclidean,9,True,False,Multivariate
sentence_TENSE,0.0007624913246866016,1.2335551049549867e-05,0.0,0.09012757205063582,0.013238633045019084,0.6161130762775867,0.7849347963412847,short_sentence,bert-base-uncased,0,,True,False,first-token,euclidean,9,True,False,Multivariate
verb_ZIPF,0.0002760476280910013,7.81631933538137e-06,1.6198932842611526e-273,0.09012757205063582,0.013238633045019084,0.6161130762775867,0.7849347963412847,short_sentence,bert-base-uncased,0,,True,False,first-token,euclidean,9,True,False,Multivariate
