Feature,importance,std,pval,score_MAE,score_MSE,score_R2,score_R,unit,top_units,top_units_rank,dataset,_model,seed,step,add_special_tokens,zscore,take_activation_from,distance_metric,layer,min_max,conditional,Method
sentence_GROUP,0.07179588907341126,0.00010326774150193432,0.0,0.07416491808431064,0.00891130463165529,0.8120470511451257,0.9011379541716361,412,379,R2,short_sentence,bert-base-uncased,0,,True,False,first-token,euclidean,9,True,False,Multivariate
subj_TYPE,0.0033128272038314864,2.1244404894134014e-05,0.0,0.07416491808431064,0.00891130463165529,0.8120470511451257,0.9011379541716361,412,379,R2,short_sentence,bert-base-uncased,0,,True,False,first-token,euclidean,9,True,False,Multivariate
subj_ANIM,0.0,0.0,1.0,0.07416491808431064,0.00891130463165529,0.8120470511451257,0.9011379541716361,412,379,R2,short_sentence,bert-base-uncased,0,,True,False,first-token,euclidean,9,True,False,Multivariate
subj_GEN,8.022172952741565e-05,3.2531615503916923e-06,1.4509454851954804e-134,0.07416491808431064,0.00891130463165529,0.8120470511451257,0.9011379541716361,412,379,R2,short_sentence,bert-base-uncased,0,,True,False,first-token,euclidean,9,True,False,Multivariate
subj_NUM,0.00045635200861189607,7.749074632097775e-06,0.0,0.07416491808431064,0.00891130463165529,0.8120470511451257,0.9011379541716361,412,379,R2,short_sentence,bert-base-uncased,0,,True,False,first-token,euclidean,9,True,False,Multivariate
subj_PERS,0.0011812675764130232,1.5838553676947535e-05,0.0,0.07416491808431064,0.00891130463165529,0.8120470511451257,0.9011379541716361,412,379,R2,short_sentence,bert-base-uncased,0,,True,False,first-token,euclidean,9,True,False,Multivariate
subj_ZIPF,6.177467501821774e-08,8.250012835461137e-08,0.22699407177014008,0.07416491808431064,0.00891130463165529,0.8120470511451257,0.9011379541716361,412,379,R2,short_sentence,bert-base-uncased,0,,True,False,first-token,euclidean,9,True,False,Multivariate
sentence_TENSE,0.00040005152659502763,7.321292887557975e-06,0.0,0.07416491808431064,0.00891130463165529,0.8120470511451257,0.9011379541716361,412,379,R2,short_sentence,bert-base-uncased,0,,True,False,first-token,euclidean,9,True,False,Multivariate
verb_ZIPF,0.0001226974217417285,4.177396234460343e-06,6.304756516333612e-190,0.07416491808431064,0.00891130463165529,0.8120470511451257,0.9011379541716361,412,379,R2,short_sentence,bert-base-uncased,0,,True,False,first-token,euclidean,9,True,False,Multivariate
