Feature,importance,std,pval,score_MAE,score_MSE,score_R2,score_R,unit,top_units,top_units_rank,dataset,_model,seed,step,add_special_tokens,zscore,take_activation_from,distance_metric,layer,min_max,conditional,Method
sentence_GROUP,0.04798888809893447,9.37129198011473e-05,0.0,0.08545798041575761,0.011906436325748473,0.698121215541073,0.8355403473489679,607,607,R2,short_sentence,bert-base-uncased,0,,True,False,first-token,euclidean,9,True,False,Multivariate
subj_TYPE,0.00439460851972598,2.8320527716878672e-05,0.0,0.08545798041575761,0.011906436325748473,0.698121215541073,0.8355403473489679,607,607,R2,short_sentence,bert-base-uncased,0,,True,False,first-token,euclidean,9,True,False,Multivariate
subj_ANIM,0.0,0.0,1.0,0.08545798041575761,0.011906436325748473,0.698121215541073,0.8355403473489679,607,607,R2,short_sentence,bert-base-uncased,0,,True,False,first-token,euclidean,9,True,False,Multivariate
subj_GEN,9.22286978578624e-05,4.057322986350343e-06,1.0957561235832132e-114,0.08545798041575761,0.011906436325748473,0.698121215541073,0.8355403473489679,607,607,R2,short_sentence,bert-base-uncased,0,,True,False,first-token,euclidean,9,True,False,Multivariate
subj_NUM,0.0004495916765731591,8.851410219075546e-06,0.0,0.08545798041575761,0.011906436325748473,0.698121215541073,0.8355403473489679,607,607,R2,short_sentence,bert-base-uncased,0,,True,False,first-token,euclidean,9,True,False,Multivariate
subj_PERS,0.001176467359959673,1.756264455569141e-05,0.0,0.08545798041575761,0.011906436325748473,0.698121215541073,0.8355403473489679,607,607,R2,short_sentence,bert-base-uncased,0,,True,False,first-token,euclidean,9,True,False,Multivariate
subj_ZIPF,1.1680194287899633e-06,4.391840634859922e-07,0.00391258758010487,0.08545798041575761,0.011906436325748473,0.698121215541073,0.8355403473489679,607,607,R2,short_sentence,bert-base-uncased,0,,True,False,first-token,euclidean,9,True,False,Multivariate
sentence_TENSE,0.0007553716371166897,1.164513122540635e-05,0.0,0.08545798041575761,0.011906436325748473,0.698121215541073,0.8355403473489679,607,607,R2,short_sentence,bert-base-uncased,0,,True,False,first-token,euclidean,9,True,False,Multivariate
verb_ZIPF,0.00024372530537619696,6.900709974137782e-06,1.5070402590459873e-273,0.08545798041575761,0.011906436325748473,0.698121215541073,0.8355403473489679,607,607,R2,short_sentence,bert-base-uncased,0,,True,False,first-token,euclidean,9,True,False,Multivariate
