Feature,importance,std,pval,score_MAE,score_MSE,score_R2,score_R,unit,top_units,top_units_rank,dataset,_model,seed,step,add_special_tokens,zscore,take_activation_from,distance_metric,layer,min_max,conditional,Method
sentence_GROUP,0.09434233584652521,0.00010817560076907675,0.0,0.058877805570862626,0.006512682630161868,0.8798005875955317,0.9379770040029767,657,117,R2,short_sentence,bert-base-uncased,0,,True,False,first-token,euclidean,9,True,False,Multivariate
subj_TYPE,0.0008240266067250024,9.007813021284404e-06,0.0,0.058877805570862626,0.006512682630161868,0.8798005875955317,0.9379770040029767,657,117,R2,short_sentence,bert-base-uncased,0,,True,False,first-token,euclidean,9,True,False,Multivariate
subj_ANIM,0.0,0.0,1.0,0.058877805570862626,0.006512682630161868,0.8798005875955317,0.9379770040029767,657,117,R2,short_sentence,bert-base-uncased,0,,True,False,first-token,euclidean,9,True,False,Multivariate
subj_GEN,5.816467792851902e-05,2.440866447992429e-06,8.257092588845958e-126,0.058877805570862626,0.006512682630161868,0.8798005875955317,0.9379770040029767,657,117,R2,short_sentence,bert-base-uncased,0,,True,False,first-token,euclidean,9,True,False,Multivariate
subj_NUM,0.00018458849162717174,4.205622161921635e-06,0.0,0.058877805570862626,0.006512682630161868,0.8798005875955317,0.9379770040029767,657,117,R2,short_sentence,bert-base-uncased,0,,True,False,first-token,euclidean,9,True,False,Multivariate
subj_PERS,0.000241476009248294,5.432989698182381e-06,0.0,0.058877805570862626,0.006512682630161868,0.8798005875955317,0.9379770040029767,657,117,R2,short_sentence,bert-base-uncased,0,,True,False,first-token,euclidean,9,True,False,Multivariate
subj_ZIPF,0.0,0.0,1.0,0.058877805570862626,0.006512682630161868,0.8798005875955317,0.9379770040029767,657,117,R2,short_sentence,bert-base-uncased,0,,True,False,first-token,euclidean,9,True,False,Multivariate
sentence_TENSE,8.515793986028041e-05,2.8927705872746566e-06,8.915192863227976e-191,0.058877805570862626,0.006512682630161868,0.8798005875955317,0.9379770040029767,657,117,R2,short_sentence,bert-base-uncased,0,,True,False,first-token,euclidean,9,True,False,Multivariate
verb_ZIPF,7.167925513052242e-06,8.694294566478976e-07,8.299446602836184e-17,0.058877805570862626,0.006512682630161868,0.8798005875955317,0.9379770040029767,657,117,R2,short_sentence,bert-base-uncased,0,,True,False,first-token,euclidean,9,True,False,Multivariate
