Feature,importance,std,pval,score_MAE,score_MSE,score_R2,score_R,unit,top_units,top_units_rank,dataset,_model,seed,step,add_special_tokens,zscore,take_activation_from,distance_metric,layer,min_max,conditional,Method
sentence_GROUP,0.10637468073689246,0.00011523567305536616,0.0,0.05346365494386346,0.006276819518589859,0.8950486713168462,0.9460806909848521,526,28,R2,short_sentence,bert-base-uncased,0,,True,False,first-token,euclidean,9,True,False,Multivariate
subj_TYPE,0.00039132318582219466,6.092580731303372e-06,0.0,0.05346365494386346,0.006276819518589859,0.8950486713168462,0.9460806909848521,526,28,R2,short_sentence,bert-base-uncased,0,,True,False,first-token,euclidean,9,True,False,Multivariate
subj_ANIM,0.0,0.0,1.0,0.05346365494386346,0.006276819518589859,0.8950486713168462,0.9460806909848521,526,28,R2,short_sentence,bert-base-uncased,0,,True,False,first-token,euclidean,9,True,False,Multivariate
subj_GEN,7.411820365944383e-05,2.6986041322347976e-06,2.2755688480885246e-166,0.05346365494386346,0.006276819518589859,0.8950486713168462,0.9460806909848521,526,28,R2,short_sentence,bert-base-uncased,0,,True,False,first-token,euclidean,9,True,False,Multivariate
subj_NUM,8.155951072801036e-05,2.7211298400707183e-06,1.1147516914257813e-197,0.05346365494386346,0.006276819518589859,0.8950486713168462,0.9460806909848521,526,28,R2,short_sentence,bert-base-uncased,0,,True,False,first-token,euclidean,9,True,False,Multivariate
subj_PERS,4.311572265809099e-05,2.1517418080432966e-06,1.2950112362157307e-89,0.05346365494386346,0.006276819518589859,0.8950486713168462,0.9460806909848521,526,28,R2,short_sentence,bert-base-uncased,0,,True,False,first-token,euclidean,9,True,False,Multivariate
subj_ZIPF,0.0,0.0,1.0,0.05346365494386346,0.006276819518589859,0.8950486713168462,0.9460806909848521,526,28,R2,short_sentence,bert-base-uncased,0,,True,False,first-token,euclidean,9,True,False,Multivariate
sentence_TENSE,1.768571716495132e-05,1.3155721116292789e-06,1.6838173276240078e-41,0.05346365494386346,0.006276819518589859,0.8950486713168462,0.9460806909848521,526,28,R2,short_sentence,bert-base-uncased,0,,True,False,first-token,euclidean,9,True,False,Multivariate
verb_ZIPF,0.0,0.0,1.0,0.05346365494386346,0.006276819518589859,0.8950486713168462,0.9460806909848521,526,28,R2,short_sentence,bert-base-uncased,0,,True,False,first-token,euclidean,9,True,False,Multivariate
