Feature,importance,std,pval,score_MAE,score_MSE,score_R2,score_R,unit,top_units,top_units_rank,dataset,_model,seed,step,add_special_tokens,zscore,take_activation_from,distance_metric,layer,min_max,conditional,Method
sentence_GROUP,0.09349982560225636,0.00010917616399118998,0.0,0.06046737928753612,0.006759553841135295,0.8751091707048528,0.9354728122181211,383,148,R2,short_sentence,bert-base-uncased,0,,True,False,first-token,euclidean,9,True,False,Multivariate
subj_TYPE,0.0009563266449859392,9.901071844426152e-06,0.0,0.06046737928753612,0.006759553841135295,0.8751091707048528,0.9354728122181211,383,148,R2,short_sentence,bert-base-uncased,0,,True,False,first-token,euclidean,9,True,False,Multivariate
subj_ANIM,0.0,0.0,1.0,0.06046737928753612,0.006759553841135295,0.8751091707048528,0.9354728122181211,383,148,R2,short_sentence,bert-base-uncased,0,,True,False,first-token,euclidean,9,True,False,Multivariate
subj_GEN,7.147608916665414e-05,2.7525077105465257e-06,5.74958390519321e-149,0.06046737928753612,0.006759553841135295,0.8751091707048528,0.9354728122181211,383,148,R2,short_sentence,bert-base-uncased,0,,True,False,first-token,euclidean,9,True,False,Multivariate
subj_NUM,0.00022791109356056264,4.773213600384753e-06,0.0,0.06046737928753612,0.006759553841135295,0.8751091707048528,0.9354728122181211,383,148,R2,short_sentence,bert-base-uncased,0,,True,False,first-token,euclidean,9,True,False,Multivariate
subj_PERS,0.0002845437890265399,6.068466103847638e-06,0.0,0.06046737928753612,0.006759553841135295,0.8751091707048528,0.9354728122181211,383,148,R2,short_sentence,bert-base-uncased,0,,True,False,first-token,euclidean,9,True,False,Multivariate
subj_ZIPF,0.0,0.0,1.0,0.06046737928753612,0.006759553841135295,0.8751091707048528,0.9354728122181211,383,148,R2,short_sentence,bert-base-uncased,0,,True,False,first-token,euclidean,9,True,False,Multivariate
sentence_TENSE,0.0001004489766548923,3.1997661270390003e-06,1.2766049940696454e-216,0.06046737928753612,0.006759553841135295,0.8751091707048528,0.9354728122181211,383,148,R2,short_sentence,bert-base-uncased,0,,True,False,first-token,euclidean,9,True,False,Multivariate
verb_ZIPF,1.8330106615169437e-05,1.3857814120185577e-06,3.0532181115910617e-40,0.06046737928753612,0.006759553841135295,0.8751091707048528,0.9354728122181211,383,148,R2,short_sentence,bert-base-uncased,0,,True,False,first-token,euclidean,9,True,False,Multivariate
