Feature,importance,std,pval,score_MAE,score_MSE,score_R2,score_R,unit,top_units,top_units_rank,dataset,_model,seed,step,add_special_tokens,zscore,take_activation_from,distance_metric,layer,min_max,conditional,Method
sentence_GROUP,0.08834383774223924,0.00010844753784971165,0.0,0.05712081252913842,0.007007681326803213,0.8628559263357019,0.9289006195529352,128,5,R2,short_sentence,bert-base-uncased,0,,True,False,first-token,euclidean,9,True,False,Multivariate
subj_TYPE,0.0,0.0,1.0,0.05712081252913842,0.007007681326803213,0.8628559263357019,0.9289006195529352,128,5,R2,short_sentence,bert-base-uncased,0,,True,False,first-token,euclidean,9,True,False,Multivariate
subj_ANIM,6.351469386982027e-06,8.688857268739882e-07,1.3366878840959394e-13,0.05712081252913842,0.007007681326803213,0.8628559263357019,0.9289006195529352,128,5,R2,short_sentence,bert-base-uncased,0,,True,False,first-token,euclidean,9,True,False,Multivariate
subj_GEN,3.363053714330747e-05,1.8052865966289673e-06,9.363484805624673e-78,0.05712081252913842,0.007007681326803213,0.8628559263357019,0.9289006195529352,128,5,R2,short_sentence,bert-base-uncased,0,,True,False,first-token,euclidean,9,True,False,Multivariate
subj_NUM,5.010180686826881e-05,2.22519945904195e-06,1.458232262840668e-112,0.05712081252913842,0.007007681326803213,0.8628559263357019,0.9289006195529352,128,5,R2,short_sentence,bert-base-uncased,0,,True,False,first-token,euclidean,9,True,False,Multivariate
subj_PERS,0.0006637217969341913,9.575412389294873e-06,0.0,0.05712081252913842,0.007007681326803213,0.8628559263357019,0.9289006195529352,128,5,R2,short_sentence,bert-base-uncased,0,,True,False,first-token,euclidean,9,True,False,Multivariate
subj_ZIPF,0.0,0.0,1.0,0.05712081252913842,0.007007681326803213,0.8628559263357019,0.9289006195529352,128,5,R2,short_sentence,bert-base-uncased,0,,True,False,first-token,euclidean,9,True,False,Multivariate
sentence_TENSE,5.489686788737182e-06,8.900421469930111e-07,3.460246692312926e-10,0.05712081252913842,0.007007681326803213,0.8628559263357019,0.9289006195529352,128,5,R2,short_sentence,bert-base-uncased,0,,True,False,first-token,euclidean,9,True,False,Multivariate
verb_ZIPF,0.0,0.0,1.0,0.05712081252913842,0.007007681326803213,0.8628559263357019,0.9289006195529352,128,5,R2,short_sentence,bert-base-uncased,0,,True,False,first-token,euclidean,9,True,False,Multivariate
