Feature,importance,std,pval,score_MAE,score_MSE,score_R2,score_R,unit,top_units,top_units_rank,dataset,_model,seed,step,add_special_tokens,zscore,take_activation_from,distance_metric,layer,min_max,conditional,Method
sentence_GROUP,0.08677247984968615,0.00010370185036208237,0.0,0.06138483948010935,0.006702448750170106,0.8683488101638404,0.9318528675072479,709,187,R2,short_sentence,bert-base-uncased,0,,True,False,first-token,euclidean,9,True,False,Multivariate
subj_TYPE,0.0012393072136679913,1.1251364175035845e-05,0.0,0.06138483948010935,0.006702448750170106,0.8683488101638404,0.9318528675072479,709,187,R2,short_sentence,bert-base-uncased,0,,True,False,first-token,euclidean,9,True,False,Multivariate
subj_ANIM,0.0,0.0,1.0,0.06138483948010935,0.006702448750170106,0.8683488101638404,0.9318528675072479,709,187,R2,short_sentence,bert-base-uncased,0,,True,False,first-token,euclidean,9,True,False,Multivariate
subj_GEN,6.569102352932856e-05,2.5827488869495815e-06,5.234293546807883e-143,0.06138483948010935,0.006702448750170106,0.8683488101638404,0.9318528675072479,709,187,R2,short_sentence,bert-base-uncased,0,,True,False,first-token,euclidean,9,True,False,Multivariate
subj_NUM,0.00022685249189181137,4.701976813089502e-06,0.0,0.06138483948010935,0.006702448750170106,0.8683488101638404,0.9318528675072479,709,187,R2,short_sentence,bert-base-uncased,0,,True,False,first-token,euclidean,9,True,False,Multivariate
subj_PERS,0.0004116902640329033,7.3516705036318515e-06,0.0,0.06138483948010935,0.006702448750170106,0.8683488101638404,0.9318528675072479,709,187,R2,short_sentence,bert-base-uncased,0,,True,False,first-token,euclidean,9,True,False,Multivariate
subj_ZIPF,0.0,0.0,1.0,0.06138483948010935,0.006702448750170106,0.8683488101638404,0.9318528675072479,709,187,R2,short_sentence,bert-base-uncased,0,,True,False,first-token,euclidean,9,True,False,Multivariate
sentence_TENSE,0.00014264731337375908,3.7952637239292342e-06,1.846656652203604e-309,0.06138483948010935,0.006702448750170106,0.8683488101638404,0.9318528675072479,709,187,R2,short_sentence,bert-base-uncased,0,,True,False,first-token,euclidean,9,True,False,Multivariate
verb_ZIPF,2.1905422637687286e-05,1.4789612336340362e-06,6.185872428417964e-50,0.06138483948010935,0.006702448750170106,0.8683488101638404,0.9318528675072479,709,187,R2,short_sentence,bert-base-uncased,0,,True,False,first-token,euclidean,9,True,False,Multivariate
