Feature,importance,std,pval,score_MAE,score_MSE,score_R2,score_R,unit,top_units,top_units_rank,dataset,_model,seed,step,add_special_tokens,zscore,take_activation_from,distance_metric,layer,min_max,conditional,Method
sentence_GROUP,0.08317499439055011,0.00010282276345542078,0.0,0.0645924849865533,0.0070880012839572015,0.8578936206828043,0.926225901230155,441,236,R2,short_sentence,bert-base-uncased,0,,True,False,first-token,euclidean,9,True,False,Multivariate
subj_TYPE,0.0016598452458418504,1.3233348672385982e-05,0.0,0.0645924849865533,0.0070880012839572015,0.8578936206828043,0.926225901230155,441,236,R2,short_sentence,bert-base-uncased,0,,True,False,first-token,euclidean,9,True,False,Multivariate
subj_ANIM,0.0,0.0,1.0,0.0645924849865533,0.0070880012839572015,0.8578936206828043,0.926225901230155,441,236,R2,short_sentence,bert-base-uncased,0,,True,False,first-token,euclidean,9,True,False,Multivariate
subj_GEN,7.1798869015244e-05,2.8268072939491333e-06,1.2842514295688519e-142,0.0645924849865533,0.0070880012839572015,0.8578936206828043,0.926225901230155,441,236,R2,short_sentence,bert-base-uncased,0,,True,False,first-token,euclidean,9,True,False,Multivariate
subj_NUM,0.0002444795750660426,5.034683355981202e-06,0.0,0.0645924849865533,0.0070880012839572015,0.8578936206828043,0.926225901230155,441,236,R2,short_sentence,bert-base-uncased,0,,True,False,first-token,euclidean,9,True,False,Multivariate
subj_PERS,0.0006766779785056299,1.0104021921324533e-05,0.0,0.0645924849865533,0.0070880012839572015,0.8578936206828043,0.926225901230155,441,236,R2,short_sentence,bert-base-uncased,0,,True,False,first-token,euclidean,9,True,False,Multivariate
subj_ZIPF,0.0,0.0,1.0,0.0645924849865533,0.0070880012839572015,0.8578936206828043,0.926225901230155,441,236,R2,short_sentence,bert-base-uncased,0,,True,False,first-token,euclidean,9,True,False,Multivariate
sentence_TENSE,0.0002302544842161391,4.95466768148898e-06,0.0,0.0645924849865533,0.0070880012839572015,0.8578936206828043,0.926225901230155,441,236,R2,short_sentence,bert-base-uncased,0,,True,False,first-token,euclidean,9,True,False,Multivariate
verb_ZIPF,5.454739407095427e-05,2.439031107281004e-06,4.375522860209772e-111,0.0645924849865533,0.0070880012839572015,0.8578936206828043,0.926225901230155,441,236,R2,short_sentence,bert-base-uncased,0,,True,False,first-token,euclidean,9,True,False,Multivariate
