Feature,importance,std,pval,score_MAE,score_MSE,score_R2,score_R,unit,top_units,top_units_rank,dataset,_model,seed,step,add_special_tokens,zscore,take_activation_from,distance_metric,layer,min_max,conditional,Method
sentence_GROUP,0.08793890451065994,9.719434450860958e-05,0.0,0.052116011589617095,0.0055335220861970225,0.8892870007205911,0.943029292353019,18,73,R2,short_sentence,bert-base-uncased,0,,True,False,first-token,euclidean,9,True,False,Multivariate
subj_TYPE,0.000675573133243076,7.5485255325344106e-06,0.0,0.052116011589617095,0.0055335220861970225,0.8892870007205911,0.943029292353019,18,73,R2,short_sentence,bert-base-uncased,0,,True,False,first-token,euclidean,9,True,False,Multivariate
subj_ANIM,0.0,0.0,1.0,0.052116011589617095,0.0055335220861970225,0.8892870007205911,0.943029292353019,18,73,R2,short_sentence,bert-base-uncased,0,,True,False,first-token,euclidean,9,True,False,Multivariate
subj_GEN,5.2591239479017093e-05,2.0839804966552455e-06,8.076800458151448e-141,0.052116011589617095,0.0055335220861970225,0.8892870007205911,0.943029292353019,18,73,R2,short_sentence,bert-base-uncased,0,,True,False,first-token,euclidean,9,True,False,Multivariate
subj_NUM,0.0001043105206625958,2.8993038651411503e-06,9.310828961069708e-284,0.052116011589617095,0.0055335220861970225,0.8892870007205911,0.943029292353019,18,73,R2,short_sentence,bert-base-uncased,0,,True,False,first-token,euclidean,9,True,False,Multivariate
subj_PERS,5.13941560103256e-05,2.4136966223581595e-06,6.63080273645251e-101,0.052116011589617095,0.0055335220861970225,0.8892870007205911,0.943029292353019,18,73,R2,short_sentence,bert-base-uncased,0,,True,False,first-token,euclidean,9,True,False,Multivariate
subj_ZIPF,0.0,0.0,1.0,0.052116011589617095,0.0055335220861970225,0.8892870007205911,0.943029292353019,18,73,R2,short_sentence,bert-base-uncased,0,,True,False,first-token,euclidean,9,True,False,Multivariate
sentence_TENSE,2.8523528581307035e-05,1.5456234356847917e-06,2.4040743890249293e-76,0.052116011589617095,0.0055335220861970225,0.8892870007205911,0.943029292353019,18,73,R2,short_sentence,bert-base-uncased,0,,True,False,first-token,euclidean,9,True,False,Multivariate
verb_ZIPF,2.806311876675688e-07,1.8629305367301976e-07,0.06598272059129592,0.052116011589617095,0.0055335220861970225,0.8892870007205911,0.943029292353019,18,73,R2,short_sentence,bert-base-uncased,0,,True,False,first-token,euclidean,9,True,False,Multivariate
