Feature,importance,std,pval,score_MAE,score_MSE,score_R2,score_R,unit,top_units,top_units_rank,dataset,_model,seed,step,add_special_tokens,zscore,take_activation_from,distance_metric,layer,min_max,conditional,Method
sentence_GROUP,0.07346827647990047,9.014185474643725e-05,0.0,0.05139905796656934,0.005805570264153095,0.8636572470782653,0.9293318487477354,576,6,R2,short_sentence,bert-base-uncased,0,,True,False,first-token,euclidean,9,True,False,Multivariate
subj_TYPE,8.517680923461988e-05,2.7300286430655798e-06,5.332363081402485e-214,0.05139905796656934,0.005805570264153095,0.8636572470782653,0.9293318487477354,576,6,R2,short_sentence,bert-base-uncased,0,,True,False,first-token,euclidean,9,True,False,Multivariate
subj_ANIM,4.016650032843773e-06,6.151061195669143e-07,3.288232140497779e-11,0.05139905796656934,0.005805570264153095,0.8636572470782653,0.9293318487477354,576,6,R2,short_sentence,bert-base-uncased,0,,True,False,first-token,euclidean,9,True,False,Multivariate
subj_GEN,4.081124497027641e-05,1.783697994814673e-06,3.663978834327456e-116,0.05139905796656934,0.005805570264153095,0.8636572470782653,0.9293318487477354,576,6,R2,short_sentence,bert-base-uncased,0,,True,False,first-token,euclidean,9,True,False,Multivariate
subj_NUM,5.047168796307245e-05,2.0569345503360844e-06,2.9525651310680713e-133,0.05139905796656934,0.005805570264153095,0.8636572470782653,0.9293318487477354,576,6,R2,short_sentence,bert-base-uncased,0,,True,False,first-token,euclidean,9,True,False,Multivariate
subj_PERS,0.0005993527385896273,8.815358029235881e-06,0.0,0.05139905796656934,0.005805570264153095,0.8636572470782653,0.9293318487477354,576,6,R2,short_sentence,bert-base-uncased,0,,True,False,first-token,euclidean,9,True,False,Multivariate
subj_ZIPF,0.0,0.0,1.0,0.05139905796656934,0.005805570264153095,0.8636572470782653,0.9293318487477354,576,6,R2,short_sentence,bert-base-uncased,0,,True,False,first-token,euclidean,9,True,False,Multivariate
sentence_TENSE,3.6805136447195665e-06,6.367583152954642e-07,3.7332681069752804e-09,0.05139905796656934,0.005805570264153095,0.8636572470782653,0.9293318487477354,576,6,R2,short_sentence,bert-base-uncased,0,,True,False,first-token,euclidean,9,True,False,Multivariate
verb_ZIPF,0.0,0.0,1.0,0.05139905796656934,0.005805570264153095,0.8636572470782653,0.9293318487477354,576,6,R2,short_sentence,bert-base-uncased,0,,True,False,first-token,euclidean,9,True,False,Multivariate
