Feature,importance,std,pval,score_MAE,score_MSE,score_R2,score_R,unit,top_units,top_units_rank,dataset,_model,seed,step,add_special_tokens,zscore,take_activation_from,distance_metric,layer,min_max,conditional,Method
sentence_GROUP,0.09244603437290487,0.00010110784569520942,0.0,0.04999123327829764,0.0055456253765629624,0.8932067473255646,0.9450964477148787,170,17,R2,short_sentence,bert-base-uncased,0,,True,False,first-token,euclidean,9,True,False,Multivariate
subj_TYPE,0.0003997935847605748,5.7798565566979245e-06,0.0,0.04999123327829764,0.0055456253765629624,0.8932067473255646,0.9450964477148787,170,17,R2,short_sentence,bert-base-uncased,0,,True,False,first-token,euclidean,9,True,False,Multivariate
subj_ANIM,0.0,0.0,1.0,0.04999123327829764,0.0055456253765629624,0.8932067473255646,0.9450964477148787,170,17,R2,short_sentence,bert-base-uncased,0,,True,False,first-token,euclidean,9,True,False,Multivariate
subj_GEN,3.8328208275136026e-05,1.7868872649935908e-06,2.2976870421053494e-102,0.04999123327829764,0.0055456253765629624,0.8932067473255646,0.9450964477148787,170,17,R2,short_sentence,bert-base-uncased,0,,True,False,first-token,euclidean,9,True,False,Multivariate
subj_NUM,6.24850534625152e-05,2.2388572985060236e-06,1.0273094821765565e-171,0.04999123327829764,0.0055456253765629624,0.8932067473255646,0.9450964477148787,170,17,R2,short_sentence,bert-base-uncased,0,,True,False,first-token,euclidean,9,True,False,Multivariate
subj_PERS,0.00034749517044183195,6.2453267061708544e-06,0.0,0.04999123327829764,0.0055456253765629624,0.8932067473255646,0.9450964477148787,170,17,R2,short_sentence,bert-base-uncased,0,,True,False,first-token,euclidean,9,True,False,Multivariate
subj_ZIPF,0.0,0.0,1.0,0.04999123327829764,0.0055456253765629624,0.8932067473255646,0.9450964477148787,170,17,R2,short_sentence,bert-base-uncased,0,,True,False,first-token,euclidean,9,True,False,Multivariate
sentence_TENSE,6.512000939530052e-06,7.632970599568987e-07,7.228670287096344e-18,0.04999123327829764,0.0055456253765629624,0.8932067473255646,0.9450964477148787,170,17,R2,short_sentence,bert-base-uncased,0,,True,False,first-token,euclidean,9,True,False,Multivariate
verb_ZIPF,0.0,0.0,1.0,0.04999123327829764,0.0055456253765629624,0.8932067473255646,0.9450964477148787,170,17,R2,short_sentence,bert-base-uncased,0,,True,False,first-token,euclidean,9,True,False,Multivariate
