Feature,importance,std,pval,score_MAE,score_MSE,score_R2,score_R,unit,top_units,top_units_rank,dataset,_model,seed,step,add_special_tokens,zscore,take_activation_from,distance_metric,layer,min_max,conditional,Method
sentence_GROUP,0.035498337511548295,8.383639014217916e-05,0.0,0.09012757205063582,0.013238633045019082,0.6161130762775867,0.7849348890303509,272,768,R2,short_sentence,bert-base-uncased,0,,True,False,first-token,euclidean,9,True,False,Multivariate
subj_TYPE,0.004434080416953769,2.996863166055829e-05,0.0,0.09012757205063582,0.013238633045019082,0.6161130762775867,0.7849348890303509,272,768,R2,short_sentence,bert-base-uncased,0,,True,False,first-token,euclidean,9,True,False,Multivariate
subj_ANIM,0.0,0.0,1.0,0.09012757205063582,0.013238633045019082,0.6161130762775867,0.7849348890303509,272,768,R2,short_sentence,bert-base-uncased,0,,True,False,first-token,euclidean,9,True,False,Multivariate
subj_GEN,9.654675124075268e-05,4.4163510356098384e-06,3.040933177180156e-106,0.09012757205063582,0.013238633045019082,0.6161130762775867,0.7849348890303509,272,768,R2,short_sentence,bert-base-uncased,0,,True,False,first-token,euclidean,9,True,False,Multivariate
subj_NUM,0.0004296227010488476,9.133271201643383e-06,0.0,0.09012757205063582,0.013238633045019082,0.6161130762775867,0.7849348890303509,272,768,R2,short_sentence,bert-base-uncased,0,,True,False,first-token,euclidean,9,True,False,Multivariate
subj_PERS,0.0009116965759561294,1.560681052196884e-05,0.0,0.09012757205063582,0.013238633045019082,0.6161130762775867,0.7849348890303509,272,768,R2,short_sentence,bert-base-uncased,0,,True,False,first-token,euclidean,9,True,False,Multivariate
subj_ZIPF,3.0534949793313273e-06,7.433516967427901e-07,1.9977536078234933e-05,0.09012757205063582,0.013238633045019082,0.6161130762775867,0.7849348890303509,272,768,R2,short_sentence,bert-base-uncased,0,,True,False,first-token,euclidean,9,True,False,Multivariate
sentence_TENSE,0.0007624913246866023,1.233555104954988e-05,0.0,0.09012757205063582,0.013238633045019082,0.6161130762775867,0.7849348890303509,272,768,R2,short_sentence,bert-base-uncased,0,,True,False,first-token,euclidean,9,True,False,Multivariate
verb_ZIPF,0.00027604762809100143,7.816319335381373e-06,1.6198932842611526e-273,0.09012757205063582,0.013238633045019082,0.6161130762775867,0.7849348890303509,272,768,R2,short_sentence,bert-base-uncased,0,,True,False,first-token,euclidean,9,True,False,Multivariate
