Feature,importance,std,pval,score_MAE,score_MSE,score_R2,score_R,unit,top_units,top_units_rank,dataset,_model,seed,step,add_special_tokens,zscore,take_activation_from,distance_metric,layer,min_max,conditional,Method
sentence_GROUP,0.06743883687979069,8.688781717050635e-05,0.0,0.0524010459886019,0.005970516642102825,0.8494921282694365,0.9216798018017629,669,4,R2,short_sentence,bert-base-uncased,0,,True,False,first-token,euclidean,9,True,False,Multivariate
subj_TYPE,6.726538422734141e-06,7.866142057368469e-07,6.087880540780383e-18,0.0524010459886019,0.005970516642102825,0.8494921282694365,0.9216798018017629,669,4,R2,short_sentence,bert-base-uncased,0,,True,False,first-token,euclidean,9,True,False,Multivariate
subj_ANIM,1.7875015469175357e-06,4.454694847555808e-07,3.0023758749516518e-05,0.0524010459886019,0.005970516642102825,0.8494921282694365,0.9216798018017629,669,4,R2,short_sentence,bert-base-uncased,0,,True,False,first-token,euclidean,9,True,False,Multivariate
subj_GEN,3.148027158511735e-05,1.5817913827225133e-06,1.968429893765226e-88,0.0524010459886019,0.005970516642102825,0.8494921282694365,0.9216798018017629,669,4,R2,short_sentence,bert-base-uncased,0,,True,False,first-token,euclidean,9,True,False,Multivariate
subj_NUM,3.9310442901895445e-05,1.8233623768826063e-06,2.1648640981820094e-103,0.0524010459886019,0.005970516642102825,0.8494921282694365,0.9216798018017629,669,4,R2,short_sentence,bert-base-uncased,0,,True,False,first-token,euclidean,9,True,False,Multivariate
subj_PERS,0.0006679043483165636,9.51276119316127e-06,0.0,0.0524010459886019,0.005970516642102825,0.8494921282694365,0.9216798018017629,669,4,R2,short_sentence,bert-base-uncased,0,,True,False,first-token,euclidean,9,True,False,Multivariate
subj_ZIPF,0.0,0.0,1.0,0.0524010459886019,0.005970516642102825,0.8494921282694365,0.9216798018017629,669,4,R2,short_sentence,bert-base-uncased,0,,True,False,first-token,euclidean,9,True,False,Multivariate
sentence_TENSE,2.4365344446975217e-08,2.5946604114912806e-07,0.46259202648191833,0.0524010459886019,0.005970516642102825,0.8494921282694365,0.9216798018017629,669,4,R2,short_sentence,bert-base-uncased,0,,True,False,first-token,euclidean,9,True,False,Multivariate
verb_ZIPF,0.0,0.0,1.0,0.0524010459886019,0.005970516642102825,0.8494921282694365,0.9216798018017629,669,4,R2,short_sentence,bert-base-uncased,0,,True,False,first-token,euclidean,9,True,False,Multivariate
