Feature,importance,std,pval,score_MAE,score_MSE,score_R2,score_R,unit,top_units,top_units_rank,dataset,_model,seed,step,add_special_tokens,zscore,take_activation_from,distance_metric,layer,min_max,conditional,Method
sentence_GROUP,0.08188357723611676,9.457035926854578e-05,0.0,0.049597644756660834,0.0055936521850611445,0.8798743136788143,0.938016683789868,374,11,R2,short_sentence,bert-base-uncased,0,,True,False,first-token,euclidean,9,True,False,Multivariate
subj_TYPE,0.00010773211541743759,3.032065417710057e-06,8.185073360306183e-277,0.049597644756660834,0.0055936521850611445,0.8798743136788143,0.938016683789868,374,11,R2,short_sentence,bert-base-uncased,0,,True,False,first-token,euclidean,9,True,False,Multivariate
subj_ANIM,0.0,0.0,1.0,0.049597644756660834,0.0055936521850611445,0.8798743136788143,0.938016683789868,374,11,R2,short_sentence,bert-base-uncased,0,,True,False,first-token,euclidean,9,True,False,Multivariate
subj_GEN,3.1744402322072026e-05,1.6154743772489414e-06,2.879004602656321e-86,0.049597644756660834,0.0055936521850611445,0.8798743136788143,0.938016683789868,374,11,R2,short_sentence,bert-base-uncased,0,,True,False,first-token,euclidean,9,True,False,Multivariate
subj_NUM,8.175105440222994e-05,2.565309426799217e-06,3.717516976597312e-223,0.049597644756660834,0.0055936521850611445,0.8798743136788143,0.938016683789868,374,11,R2,short_sentence,bert-base-uncased,0,,True,False,first-token,euclidean,9,True,False,Multivariate
subj_PERS,0.00041509692682040254,6.953525603877926e-06,0.0,0.049597644756660834,0.0055936521850611445,0.8798743136788143,0.938016683789868,374,11,R2,short_sentence,bert-base-uncased,0,,True,False,first-token,euclidean,9,True,False,Multivariate
subj_ZIPF,0.0,0.0,1.0,0.049597644756660834,0.0055936521850611445,0.8798743136788143,0.938016683789868,374,11,R2,short_sentence,bert-base-uncased,0,,True,False,first-token,euclidean,9,True,False,Multivariate
sentence_TENSE,1.0572656040353032e-05,9.518468516089146e-07,5.76601774637982e-29,0.049597644756660834,0.0055936521850611445,0.8798743136788143,0.938016683789868,374,11,R2,short_sentence,bert-base-uncased,0,,True,False,first-token,euclidean,9,True,False,Multivariate
verb_ZIPF,0.0,0.0,1.0,0.049597644756660834,0.0055936521850611445,0.8798743136788143,0.938016683789868,374,11,R2,short_sentence,bert-base-uncased,0,,True,False,first-token,euclidean,9,True,False,Multivariate
