Feature,importance,std,pval,score_MAE,score_MSE,score_R2,score_R,unit,top_units,top_units_rank,dataset,_model,seed,step,add_special_tokens,zscore,take_activation_from,distance_metric,layer,min_max,conditional,Method
sentence_GROUP,0.07880733625320946,0.00010161886139662752,0.0,0.0558703264538504,0.007058548404323597,0.8477903712495101,0.9207565202523984,371,3,R2,short_sentence,bert-base-uncased,0,,True,False,first-token,euclidean,9,True,False,Multivariate
subj_TYPE,4.2257345611768795e-06,6.848858276184625e-07,3.414846345321864e-10,0.0558703264538504,0.007058548404323597,0.8477903712495101,0.9207565202523984,371,3,R2,short_sentence,bert-base-uncased,0,,True,False,first-token,euclidean,9,True,False,Multivariate
subj_ANIM,0.0,0.0,1.0,0.0558703264538504,0.007058548404323597,0.8477903712495101,0.9207565202523984,371,3,R2,short_sentence,bert-base-uncased,0,,True,False,first-token,euclidean,9,True,False,Multivariate
subj_GEN,3.062819686139356e-05,1.7581685464611129e-06,2.8829262475954585e-68,0.0558703264538504,0.007058548404323597,0.8477903712495101,0.9207565202523984,371,3,R2,short_sentence,bert-base-uncased,0,,True,False,first-token,euclidean,9,True,False,Multivariate
subj_NUM,2.9134233631796854e-05,1.7136295635236694e-06,4.003831613412972e-65,0.0558703264538504,0.007058548404323597,0.8477903712495101,0.9207565202523984,371,3,R2,short_sentence,bert-base-uncased,0,,True,False,first-token,euclidean,9,True,False,Multivariate
subj_PERS,0.00019704342680038436,5.257265032614421e-06,9.67423550903638e-308,0.0558703264538504,0.007058548404323597,0.8477903712495101,0.9207565202523984,371,3,R2,short_sentence,bert-base-uncased,0,,True,False,first-token,euclidean,9,True,False,Multivariate
subj_ZIPF,0.0,0.0,1.0,0.0558703264538504,0.007058548404323597,0.8477903712495101,0.9207565202523984,371,3,R2,short_sentence,bert-base-uncased,0,,True,False,first-token,euclidean,9,True,False,Multivariate
sentence_TENSE,-4.2476087349483604e-08,1.8356390462474361e-07,0.5914966974952475,0.0558703264538504,0.007058548404323597,0.8477903712495101,0.9207565202523984,371,3,R2,short_sentence,bert-base-uncased,0,,True,False,first-token,euclidean,9,True,False,Multivariate
verb_ZIPF,0.0,0.0,1.0,0.0558703264538504,0.007058548404323597,0.8477903712495101,0.9207565202523984,371,3,R2,short_sentence,bert-base-uncased,0,,True,False,first-token,euclidean,9,True,False,Multivariate
