Feature,importance,std,pval,score_MAE,score_MSE,score_R2,score_R,unit,top_units,top_units_rank,dataset,_model,seed,step,add_special_tokens,zscore,take_activation_from,distance_metric,layer,min_max,conditional,Method
sentence_GROUP,0.08700993896234806,9.926753159724509e-05,0.0,0.05037853990553888,0.0057509138610558445,0.8833117133018562,0.9398473425613847,387,14,R2,short_sentence,bert-base-uncased,0,,True,False,first-token,euclidean,9,True,False,Multivariate
subj_TYPE,0.00014317232415656618,3.508742152911187e-06,0.0,0.05037853990553888,0.0057509138610558445,0.8833117133018562,0.9398473425613847,387,14,R2,short_sentence,bert-base-uncased,0,,True,False,first-token,euclidean,9,True,False,Multivariate
subj_ANIM,0.0,0.0,1.0,0.05037853990553888,0.0057509138610558445,0.8833117133018562,0.9398473425613847,387,14,R2,short_sentence,bert-base-uncased,0,,True,False,first-token,euclidean,9,True,False,Multivariate
subj_GEN,4.096049818494964e-05,1.8896827095208697e-06,1.733491573130552e-104,0.05037853990553888,0.0057509138610558445,0.8833117133018562,0.9398473425613847,387,14,R2,short_sentence,bert-base-uncased,0,,True,False,first-token,euclidean,9,True,False,Multivariate
subj_NUM,6.876647887945997e-05,2.3872607718484595e-06,9.125444035095686e-183,0.05037853990553888,0.0057509138610558445,0.8833117133018562,0.9398473425613847,387,14,R2,short_sentence,bert-base-uncased,0,,True,False,first-token,euclidean,9,True,False,Multivariate
subj_PERS,0.0002916661243868281,5.615629390964454e-06,0.0,0.05037853990553888,0.0057509138610558445,0.8833117133018562,0.9398473425613847,387,14,R2,short_sentence,bert-base-uncased,0,,True,False,first-token,euclidean,9,True,False,Multivariate
subj_ZIPF,0.0,0.0,1.0,0.05037853990553888,0.0057509138610558445,0.8833117133018562,0.9398473425613847,387,14,R2,short_sentence,bert-base-uncased,0,,True,False,first-token,euclidean,9,True,False,Multivariate
sentence_TENSE,7.614405312521637e-06,8.458730973807211e-07,1.1099366171069198e-19,0.05037853990553888,0.0057509138610558445,0.8833117133018562,0.9398473425613847,387,14,R2,short_sentence,bert-base-uncased,0,,True,False,first-token,euclidean,9,True,False,Multivariate
verb_ZIPF,0.0,0.0,1.0,0.05037853990553888,0.0057509138610558445,0.8833117133018562,0.9398473425613847,387,14,R2,short_sentence,bert-base-uncased,0,,True,False,first-token,euclidean,9,True,False,Multivariate
