Feature,importance,std,pval,score_MAE,score_MSE,score_R2,score_R,unit,top_units,top_units_rank,dataset,_model,seed,step,add_special_tokens,zscore,take_activation_from,distance_metric,layer,min_max,conditional,Method
sentence_GROUP,0.09638434044906935,0.00010416912392545498,0.0,0.05122531251281662,0.0056821141536318644,0.8955665687934498,0.946351572448245,57,45,R2,short_sentence,bert-base-uncased,0,,True,False,first-token,euclidean,9,True,False,Multivariate
subj_TYPE,0.0005979262446568963,7.203229245756493e-06,0.0,0.05122531251281662,0.0056821141536318644,0.8955665687934498,0.946351572448245,57,45,R2,short_sentence,bert-base-uncased,0,,True,False,first-token,euclidean,9,True,False,Multivariate
subj_ANIM,0.0,0.0,1.0,0.05122531251281662,0.0056821141536318644,0.8955665687934498,0.946351572448245,57,45,R2,short_sentence,bert-base-uncased,0,,True,False,first-token,euclidean,9,True,False,Multivariate
subj_GEN,0.00010058899680878492,2.9516638524378883e-06,7.616604943085777e-255,0.05122531251281662,0.0056821141536318644,0.8955665687934498,0.946351572448245,57,45,R2,short_sentence,bert-base-uncased,0,,True,False,first-token,euclidean,9,True,False,Multivariate
subj_NUM,0.00014911258899600043,3.515790239330972e-06,0.0,0.05122531251281662,0.0056821141536318644,0.8955665687934498,0.946351572448245,57,45,R2,short_sentence,bert-base-uncased,0,,True,False,first-token,euclidean,9,True,False,Multivariate
subj_PERS,7.725091368665998e-06,8.918857804825285e-07,2.3274632439357346e-18,0.05122531251281662,0.0056821141536318644,0.8955665687934498,0.946351572448245,57,45,R2,short_sentence,bert-base-uncased,0,,True,False,first-token,euclidean,9,True,False,Multivariate
subj_ZIPF,0.0,0.0,1.0,0.05122531251281662,0.0056821141536318644,0.8955665687934498,0.946351572448245,57,45,R2,short_sentence,bert-base-uncased,0,,True,False,first-token,euclidean,9,True,False,Multivariate
sentence_TENSE,2.8566879553631056e-05,1.5761978919363648e-06,1.0318342581409708e-73,0.05122531251281662,0.0056821141536318644,0.8955665687934498,0.946351572448245,57,45,R2,short_sentence,bert-base-uncased,0,,True,False,first-token,euclidean,9,True,False,Multivariate
verb_ZIPF,-1.4783686780208732e-08,4.081406707698138e-08,0.6414063234722897,0.05122531251281662,0.0056821141536318644,0.8955665687934498,0.946351572448245,57,45,R2,short_sentence,bert-base-uncased,0,,True,False,first-token,euclidean,9,True,False,Multivariate
