Feature,importance,std,pval,score_MAE,score_MSE,score_R2,score_R,unit,top_units,top_units_rank,dataset,_model,seed,step,add_special_tokens,zscore,take_activation_from,distance_metric,layer,min_max,conditional,Method
sentence_GROUP,0.024826206161551085,5.400330043008659e-05,0.0,0.06396199418783297,0.007065646449828878,0.659278446272983,0.8119762255281391,701,117,R2,short_sentence,bert-base-uncased,0,,True,False,first-token,euclidean,12,True,False,Multivariate
subj_TYPE,0.00026408981140857484,5.344764547517879e-06,0.0,0.06396199418783297,0.007065646449828878,0.659278446272983,0.8119762255281391,701,117,R2,short_sentence,bert-base-uncased,0,,True,False,first-token,euclidean,12,True,False,Multivariate
subj_ANIM,3.104023356616034e-06,5.72718597322624e-07,2.983196945918871e-08,0.06396199418783297,0.007065646449828878,0.659278446272983,0.8119762255281391,701,117,R2,short_sentence,bert-base-uncased,0,,True,False,first-token,euclidean,12,True,False,Multivariate
subj_GEN,3.7204783364766957e-06,5.771712937303767e-07,5.739922462488845e-11,0.06396199418783297,0.007065646449828878,0.659278446272983,0.8119762255281391,701,117,R2,short_sentence,bert-base-uncased,0,,True,False,first-token,euclidean,12,True,False,Multivariate
subj_NUM,3.871802531228393e-06,6.366518485708189e-07,5.952916667149683e-10,0.06396199418783297,0.007065646449828878,0.659278446272983,0.8119762255281391,701,117,R2,short_sentence,bert-base-uncased,0,,True,False,first-token,euclidean,12,True,False,Multivariate
subj_PERS,0.002620350440217772,2.4768768397365187e-05,0.0,0.06396199418783297,0.007065646449828878,0.659278446272983,0.8119762255281391,701,117,R2,short_sentence,bert-base-uncased,0,,True,False,first-token,euclidean,12,True,False,Multivariate
subj_ZIPF,0.0,0.0,1.0,0.06396199418783297,0.007065646449828878,0.659278446272983,0.8119762255281391,701,117,R2,short_sentence,bert-base-uncased,0,,True,False,first-token,euclidean,12,True,False,Multivariate
sentence_TENSE,0.00015206602766153261,4.006139228331485e-06,0.0,0.06396199418783297,0.007065646449828878,0.659278446272983,0.8119762255281391,701,117,R2,short_sentence,bert-base-uncased,0,,True,False,first-token,euclidean,12,True,False,Multivariate
verb_ZIPF,3.451683685212094e-05,1.9228624668843243e-06,2.367034983845353e-72,0.06396199418783297,0.007065646449828878,0.659278446272983,0.8119762255281391,701,117,R2,short_sentence,bert-base-uncased,0,,True,False,first-token,euclidean,12,True,False,Multivariate
