Feature,importance,std,pval,score_MAE,score_MSE,score_R2,score_R,unit,top_units,top_units_rank,dataset,_model,seed,step,add_special_tokens,zscore,take_activation_from,distance_metric,layer,min_max,conditional,Method
sentence_GROUP,0.04462189079156837,7.746939623766697e-05,0.0,0.06278848888135787,0.0076131807527711395,0.7477486832770883,0.8647396022520413,205,22,R2,short_sentence,bert-base-uncased,0,,True,False,first-token,euclidean,12,True,False,Multivariate
subj_TYPE,0.00012913166166379322,3.879606323782334e-06,3.2107525201080674e-243,0.06278848888135787,0.0076131807527711395,0.7477486832770883,0.8647396022520413,205,22,R2,short_sentence,bert-base-uncased,0,,True,False,first-token,euclidean,12,True,False,Multivariate
subj_ANIM,0.0,0.0,1.0,0.06278848888135787,0.0076131807527711395,0.7477486832770883,0.8647396022520413,205,22,R2,short_sentence,bert-base-uncased,0,,True,False,first-token,euclidean,12,True,False,Multivariate
subj_GEN,8.904652140072004e-06,1.0025304817880766e-06,3.2782508952280615e-19,0.06278848888135787,0.0076131807527711395,0.7477486832770883,0.8647396022520413,205,22,R2,short_sentence,bert-base-uncased,0,,True,False,first-token,euclidean,12,True,False,Multivariate
subj_NUM,1.0088882986013276e-05,1.093750714774874e-06,1.4295530983412668e-20,0.06278848888135787,0.0076131807527711395,0.7477486832770883,0.8647396022520413,205,22,R2,short_sentence,bert-base-uncased,0,,True,False,first-token,euclidean,12,True,False,Multivariate
subj_PERS,0.0009514738206684898,1.1782771515986665e-05,0.0,0.06278848888135787,0.0076131807527711395,0.7477486832770883,0.8647396022520413,205,22,R2,short_sentence,bert-base-uncased,0,,True,False,first-token,euclidean,12,True,False,Multivariate
subj_ZIPF,2.205194564724603e-07,1.4591442032355812e-07,0.06535689571618576,0.06278848888135787,0.0076131807527711395,0.7477486832770883,0.8647396022520413,205,22,R2,short_sentence,bert-base-uncased,0,,True,False,first-token,euclidean,12,True,False,Multivariate
sentence_TENSE,4.555140722190782e-05,2.2758014093252893e-06,2.015987112032255e-89,0.06278848888135787,0.0076131807527711395,0.7477486832770883,0.8647396022520413,205,22,R2,short_sentence,bert-base-uncased,0,,True,False,first-token,euclidean,12,True,False,Multivariate
verb_ZIPF,6.340335668781633e-06,8.499059061448526e-07,4.324671334719459e-14,0.06278848888135787,0.0076131807527711395,0.7477486832770883,0.8647396022520413,205,22,R2,short_sentence,bert-base-uncased,0,,True,False,first-token,euclidean,12,True,False,Multivariate
