Feature,importance,std,pval,score_MAE,score_MSE,score_R2,score_R,unit,top_units,top_units_rank,dataset,_model,seed,step,add_special_tokens,zscore,take_activation_from,distance_metric,layer,min_max,conditional,Method
sentence_GROUP,0.015330846591751815,4.199997017841584e-05,0.0,0.06560821271669814,0.007165271200356294,0.5637831152075419,0.7508682882217704,322,236,R2,short_sentence,bert-base-uncased,0,,True,False,first-token,euclidean,12,True,False,Multivariate
subj_TYPE,0.00034750116508299014,6.176532109931314e-06,0.0,0.06560821271669814,0.007165271200356294,0.5637831152075419,0.7508682882217704,322,236,R2,short_sentence,bert-base-uncased,0,,True,False,first-token,euclidean,12,True,False,Multivariate
subj_ANIM,2.813796206688986e-08,8.877386704540539e-08,0.3756361342896555,0.06560821271669814,0.007165271200356294,0.5637831152075419,0.7508682882217704,322,236,R2,short_sentence,bert-base-uncased,0,,True,False,first-token,euclidean,12,True,False,Multivariate
subj_GEN,7.710279154741282e-06,8.417213561757601e-07,2.5916816059155444e-20,0.06560821271669814,0.007165271200356294,0.5637831152075419,0.7508682882217704,322,236,R2,short_sentence,bert-base-uncased,0,,True,False,first-token,euclidean,12,True,False,Multivariate
subj_NUM,6.832232351376618e-06,8.476288091650095e-07,3.802072908144726e-16,0.06560821271669814,0.007165271200356294,0.5637831152075419,0.7508682882217704,322,236,R2,short_sentence,bert-base-uncased,0,,True,False,first-token,euclidean,12,True,False,Multivariate
subj_PERS,0.002817733631110998,2.7131559539302873e-05,0.0,0.06560821271669814,0.007165271200356294,0.5637831152075419,0.7508682882217704,322,236,R2,short_sentence,bert-base-uncased,0,,True,False,first-token,euclidean,12,True,False,Multivariate
subj_ZIPF,0.0,0.0,1.0,0.06560821271669814,0.007165271200356294,0.5637831152075419,0.7508682882217704,322,236,R2,short_sentence,bert-base-uncased,0,,True,False,first-token,euclidean,12,True,False,Multivariate
sentence_TENSE,0.0002481800705559866,5.156193838784118e-06,0.0,0.06560821271669814,0.007165271200356294,0.5637831152075419,0.7508682882217704,322,236,R2,short_sentence,bert-base-uncased,0,,True,False,first-token,euclidean,12,True,False,Multivariate
verb_ZIPF,8.071493541812284e-05,2.9388555253173518e-06,2.31564121330729e-166,0.06560821271669814,0.007165271200356294,0.5637831152075419,0.7508682882217704,322,236,R2,short_sentence,bert-base-uncased,0,,True,False,first-token,euclidean,12,True,False,Multivariate
