Feature,importance,std,pval,score_MAE,score_MSE,score_R2,score_R,dataset,_model,seed,step,add_special_tokens,zscore,take_activation_from,distance_metric,layer,min_max,conditional,Method
sentence_GROUP,0.006280486767654952,3.596459060838741e-05,0.0,0.09460337683388417,0.013669991898390025,0.28538317637245736,0.5342293577058348,short_sentence,bert-base-uncased,0,,True,False,first-token,euclidean,12,True,False,Multivariate
subj_TYPE,0.0010124311156242795,1.4342264254688789e-05,0.0,0.09460337683388417,0.013669991898390025,0.28538317637245736,0.5342293577058348,short_sentence,bert-base-uncased,0,,True,False,first-token,euclidean,12,True,False,Multivariate
subj_ANIM,0.0,0.0,1.0,0.09460337683388417,0.013669991898390025,0.28538317637245736,0.5342293577058348,short_sentence,bert-base-uncased,0,,True,False,first-token,euclidean,12,True,False,Multivariate
subj_GEN,5.09305982230387e-05,3.321340596278058e-06,2.2538209504218137e-53,0.09460337683388417,0.013669991898390025,0.28538317637245736,0.5342293577058348,short_sentence,bert-base-uncased,0,,True,False,first-token,euclidean,12,True,False,Multivariate
subj_NUM,3.9819873136475006e-05,2.8435332378232124e-06,7.402271655447539e-45,0.09460337683388417,0.013669991898390025,0.28538317637245736,0.5342293577058348,short_sentence,bert-base-uncased,0,,True,False,first-token,euclidean,12,True,False,Multivariate
subj_PERS,0.0021830137661000806,2.627507450390236e-05,0.0,0.09460337683388417,0.013669991898390025,0.28538317637245736,0.5342293577058348,short_sentence,bert-base-uncased,0,,True,False,first-token,euclidean,12,True,False,Multivariate
subj_ZIPF,0.0,0.0,1.0,0.09460337683388417,0.013669991898390025,0.28538317637245736,0.5342293577058348,short_sentence,bert-base-uncased,0,,True,False,first-token,euclidean,12,True,False,Multivariate
sentence_TENSE,0.0008616419289483053,1.3279251183922843e-05,0.0,0.09460337683388417,0.013669991898390025,0.28538317637245736,0.5342293577058348,short_sentence,bert-base-uncased,0,,True,False,first-token,euclidean,12,True,False,Multivariate
verb_ZIPF,0.0003125506121171114,7.80038106785074e-06,0.0,0.09460337683388417,0.013669991898390025,0.28538317637245736,0.5342293577058348,short_sentence,bert-base-uncased,0,,True,False,first-token,euclidean,12,True,False,Multivariate
