Feature,importance,std,pval,score_MAE,score_MSE,score_R2,score_R,unit,top_units,top_units_rank,dataset,_model,seed,step,add_special_tokens,zscore,take_activation_from,distance_metric,layer,min_max,conditional,Method
sentence_GROUP,0.0062804867676549535,3.5964590608387415e-05,0.0,0.09460337683388419,0.013669991898390025,0.28538317637245736,0.534229357705837,308,768,R2,short_sentence,bert-base-uncased,0,,True,False,first-token,euclidean,12,True,False,Multivariate
subj_TYPE,0.001012431115624279,1.4342264254688787e-05,0.0,0.09460337683388419,0.013669991898390025,0.28538317637245736,0.534229357705837,308,768,R2,short_sentence,bert-base-uncased,0,,True,False,first-token,euclidean,12,True,False,Multivariate
subj_ANIM,0.0,0.0,1.0,0.09460337683388419,0.013669991898390025,0.28538317637245736,0.534229357705837,308,768,R2,short_sentence,bert-base-uncased,0,,True,False,first-token,euclidean,12,True,False,Multivariate
subj_GEN,5.093059822303867e-05,3.3213405962780552e-06,2.253820950421717e-53,0.09460337683388419,0.013669991898390025,0.28538317637245736,0.534229357705837,308,768,R2,short_sentence,bert-base-uncased,0,,True,False,first-token,euclidean,12,True,False,Multivariate
subj_NUM,3.981987313647501e-05,2.843533237823215e-06,7.402271655448594e-45,0.09460337683388419,0.013669991898390025,0.28538317637245736,0.534229357705837,308,768,R2,short_sentence,bert-base-uncased,0,,True,False,first-token,euclidean,12,True,False,Multivariate
subj_PERS,0.002183013766100081,2.6275074503902368e-05,0.0,0.09460337683388419,0.013669991898390025,0.28538317637245736,0.534229357705837,308,768,R2,short_sentence,bert-base-uncased,0,,True,False,first-token,euclidean,12,True,False,Multivariate
subj_ZIPF,0.0,0.0,1.0,0.09460337683388419,0.013669991898390025,0.28538317637245736,0.534229357705837,308,768,R2,short_sentence,bert-base-uncased,0,,True,False,first-token,euclidean,12,True,False,Multivariate
sentence_TENSE,0.000861641928948305,1.3279251183922836e-05,0.0,0.09460337683388419,0.013669991898390025,0.28538317637245736,0.534229357705837,308,768,R2,short_sentence,bert-base-uncased,0,,True,False,first-token,euclidean,12,True,False,Multivariate
verb_ZIPF,0.00031255061211711116,7.800381067850734e-06,0.0,0.09460337683388419,0.013669991898390025,0.28538317637245736,0.534229357705837,308,768,R2,short_sentence,bert-base-uncased,0,,True,False,first-token,euclidean,12,True,False,Multivariate
