Feature,importance,std,pval,score_MAE,score_MSE,score_R2,score_R,unit,top_units,top_units_rank,dataset,_model,seed,step,add_special_tokens,zscore,take_activation_from,distance_metric,layer,min_max,conditional,Method
sentence_GROUP,0.0517750570396427,8.913324123897807e-05,0.0,0.06443771716590027,0.008613711403309613,0.7515340723871431,0.8669518513676111,453,8,R2,short_sentence,bert-base-uncased,0,,True,False,first-token,euclidean,12,True,False,Multivariate
subj_TYPE,0.000212990712686503,5.290196734439421e-06,0.0,0.06443771716590027,0.008613711403309613,0.7515340723871431,0.8669518513676111,453,8,R2,short_sentence,bert-base-uncased,0,,True,False,first-token,euclidean,12,True,False,Multivariate
subj_ANIM,7.589956430518506e-06,1.0355243055763615e-06,1.154390689945102e-13,0.06443771716590027,0.008613711403309613,0.7515340723871431,0.8669518513676111,453,8,R2,short_sentence,bert-base-uncased,0,,True,False,first-token,euclidean,12,True,False,Multivariate
subj_GEN,4.834394304916447e-07,2.2638677906614983e-07,0.01636181373267204,0.06443771716590027,0.008613711403309613,0.7515340723871431,0.8669518513676111,453,8,R2,short_sentence,bert-base-uncased,0,,True,False,first-token,euclidean,12,True,False,Multivariate
subj_NUM,0.0,0.0,1.0,0.06443771716590027,0.008613711403309613,0.7515340723871431,0.8669518513676111,453,8,R2,short_sentence,bert-base-uncased,0,,True,False,first-token,euclidean,12,True,False,Multivariate
subj_PERS,0.0003398635849974128,6.611418157738937e-06,0.0,0.06443771716590027,0.008613711403309613,0.7515340723871431,0.8669518513676111,453,8,R2,short_sentence,bert-base-uncased,0,,True,False,first-token,euclidean,12,True,False,Multivariate
subj_ZIPF,0.0,0.0,1.0,0.06443771716590027,0.008613711403309613,0.7515340723871431,0.8669518513676111,453,8,R2,short_sentence,bert-base-uncased,0,,True,False,first-token,euclidean,12,True,False,Multivariate
sentence_TENSE,2.581054264330637e-07,2.6230388356360404e-07,0.16255925134844018,0.06443771716590027,0.008613711403309613,0.7515340723871431,0.8669518513676111,453,8,R2,short_sentence,bert-base-uncased,0,,True,False,first-token,euclidean,12,True,False,Multivariate
verb_ZIPF,1.8918235199828101e-06,4.809120833108982e-07,4.1802496826594754e-05,0.06443771716590027,0.008613711403309613,0.7515340723871431,0.8669518513676111,453,8,R2,short_sentence,bert-base-uncased,0,,True,False,first-token,euclidean,12,True,False,Multivariate
