Feature,importance,std,pval,score_MAE,score_MSE,score_R2,score_R,unit,top_units,top_units_rank,dataset,_model,seed,step,add_special_tokens,zscore,take_activation_from,distance_metric,layer,min_max,conditional,Method
sentence_GROUP,0.035011821922210466,7.309010526930711e-05,0.0,0.06321793744032936,0.00873324053690744,0.6685868186458421,0.8176794213414869,459,3,R2,short_sentence,bert-base-uncased,0,,True,False,first-token,euclidean,12,True,False,Multivariate
subj_TYPE,1.6457601355019863e-05,1.6150636740222579e-06,1.0981038394382382e-24,0.06321793744032936,0.00873324053690744,0.6685868186458421,0.8176794213414869,459,3,R2,short_sentence,bert-base-uncased,0,,True,False,first-token,euclidean,12,True,False,Multivariate
subj_ANIM,3.5273148361138795e-06,5.995221297837226e-07,2.007866236088221e-09,0.06321793744032936,0.00873324053690744,0.6685868186458421,0.8176794213414869,459,3,R2,short_sentence,bert-base-uncased,0,,True,False,first-token,euclidean,12,True,False,Multivariate
subj_GEN,0.0,0.0,1.0,0.06321793744032936,0.00873324053690744,0.6685868186458421,0.8176794213414869,459,3,R2,short_sentence,bert-base-uncased,0,,True,False,first-token,euclidean,12,True,False,Multivariate
subj_NUM,0.0,0.0,1.0,0.06321793744032936,0.00873324053690744,0.6685868186458421,0.8176794213414869,459,3,R2,short_sentence,bert-base-uncased,0,,True,False,first-token,euclidean,12,True,False,Multivariate
subj_PERS,0.0006613432408195292,1.0796021854560089e-05,0.0,0.06321793744032936,0.00873324053690744,0.6685868186458421,0.8176794213414869,459,3,R2,short_sentence,bert-base-uncased,0,,True,False,first-token,euclidean,12,True,False,Multivariate
subj_ZIPF,1.4349437866644716e-05,1.334912478097282e-06,2.98412146662549e-27,0.06321793744032936,0.00873324053690744,0.6685868186458421,0.8176794213414869,459,3,R2,short_sentence,bert-base-uncased,0,,True,False,first-token,euclidean,12,True,False,Multivariate
sentence_TENSE,1.4193524043632626e-08,1.902356561546053e-07,0.4702624214414513,0.06321793744032936,0.00873324053690744,0.6685868186458421,0.8176794213414869,459,3,R2,short_sentence,bert-base-uncased,0,,True,False,first-token,euclidean,12,True,False,Multivariate
verb_ZIPF,0.0,0.0,1.0,0.06321793744032936,0.00873324053690744,0.6685868186458421,0.8176794213414869,459,3,R2,short_sentence,bert-base-uncased,0,,True,False,first-token,euclidean,12,True,False,Multivariate
