Feature,importance,std,pval,score_MAE,score_MSE,score_R2,score_R,unit,top_units,top_units_rank,dataset,_model,seed,step,add_special_tokens,zscore,take_activation_from,distance_metric,layer,min_max,conditional,Method
sentence_GROUP,0.05616002928813595,0.00010146314935364841,0.0,0.07142779842002563,0.010390617224943301,0.7319193460794274,0.8555586114752829,655,11,R2,short_sentence,bert-base-uncased,0,,True,False,first-token,euclidean,12,True,False,Multivariate
subj_TYPE,0.00036374654725203494,7.598541195243301e-06,0.0,0.07142779842002563,0.010390617224943301,0.7319193460794274,0.8555586114752829,655,11,R2,short_sentence,bert-base-uncased,0,,True,False,first-token,euclidean,12,True,False,Multivariate
subj_ANIM,3.1001557960914854e-05,2.0379949342731705e-06,1.4766997816352101e-52,0.07142779842002563,0.010390617224943301,0.7319193460794274,0.8555586114752829,655,11,R2,short_sentence,bert-base-uncased,0,,True,False,first-token,euclidean,12,True,False,Multivariate
subj_GEN,3.5680219952295513e-06,9.186926699113501e-07,5.1417469934958154e-05,0.07142779842002563,0.010390617224943301,0.7319193460794274,0.8555586114752829,655,11,R2,short_sentence,bert-base-uncased,0,,True,False,first-token,euclidean,12,True,False,Multivariate
subj_NUM,3.138929636131275e-06,6.373949329043163e-07,4.2261612384037365e-07,0.07142779842002563,0.010390617224943301,0.7319193460794274,0.8555586114752829,655,11,R2,short_sentence,bert-base-uncased,0,,True,False,first-token,euclidean,12,True,False,Multivariate
subj_PERS,0.0003920192845687008,7.725618359918054e-06,0.0,0.07142779842002563,0.010390617224943301,0.7319193460794274,0.8555586114752829,655,11,R2,short_sentence,bert-base-uncased,0,,True,False,first-token,euclidean,12,True,False,Multivariate
subj_ZIPF,0.0,0.0,1.0,0.07142779842002563,0.010390617224943301,0.7319193460794274,0.8555586114752829,655,11,R2,short_sentence,bert-base-uncased,0,,True,False,first-token,euclidean,12,True,False,Multivariate
sentence_TENSE,1.5275367044007576e-05,1.5825936794936535e-06,2.40774557392911e-22,0.07142779842002563,0.010390617224943301,0.7319193460794274,0.8555586114752829,655,11,R2,short_sentence,bert-base-uncased,0,,True,False,first-token,euclidean,12,True,False,Multivariate
verb_ZIPF,4.439436694449088e-06,7.985347346181234e-07,1.3529095669255145e-08,0.07142779842002563,0.010390617224943301,0.7319193460794274,0.8555586114752829,655,11,R2,short_sentence,bert-base-uncased,0,,True,False,first-token,euclidean,12,True,False,Multivariate
