Feature,importance,std,pval,score_MAE,score_MSE,score_R2,score_R,unit,top_units,top_units_rank,dataset,_model,seed,step,add_special_tokens,zscore,take_activation_from,distance_metric,layer,min_max,conditional,Method
sentence_GROUP,0.013969388738887603,4.2632993079384386e-05,0.0,0.07120835638180922,0.008209624345451234,0.5158618486577038,0.7182467767501696,567,299,R2,short_sentence,bert-base-uncased,0,,True,False,first-token,euclidean,12,True,False,Multivariate
subj_TYPE,0.0004055481184688852,7.137453487062715e-06,0.0,0.07120835638180922,0.008209624345451234,0.5158618486577038,0.7182467767501696,567,299,R2,short_sentence,bert-base-uncased,0,,True,False,first-token,euclidean,12,True,False,Multivariate
subj_ANIM,0.0,0.0,1.0,0.07120835638180922,0.008209624345451234,0.5158618486577038,0.7182467767501696,567,299,R2,short_sentence,bert-base-uncased,0,,True,False,first-token,euclidean,12,True,False,Multivariate
subj_GEN,1.4884775409097044e-05,1.2751589563263852e-06,8.769348108897157e-32,0.07120835638180922,0.008209624345451234,0.5158618486577038,0.7182467767501696,567,299,R2,short_sentence,bert-base-uncased,0,,True,False,first-token,euclidean,12,True,False,Multivariate
subj_NUM,1.090584415627158e-05,1.146798882537483e-06,9.550180164350324e-22,0.07120835638180922,0.008209624345451234,0.5158618486577038,0.7182467767501696,567,299,R2,short_sentence,bert-base-uncased,0,,True,False,first-token,euclidean,12,True,False,Multivariate
subj_PERS,0.002885711544147302,2.8548806652742217e-05,0.0,0.07120835638180922,0.008209624345451234,0.5158618486577038,0.7182467767501696,567,299,R2,short_sentence,bert-base-uncased,0,,True,False,first-token,euclidean,12,True,False,Multivariate
subj_ZIPF,0.0,0.0,1.0,0.07120835638180922,0.008209624345451234,0.5158618486577038,0.7182467767501696,567,299,R2,short_sentence,bert-base-uncased,0,,True,False,first-token,euclidean,12,True,False,Multivariate
sentence_TENSE,0.00037231206279074496,6.761665874208223e-06,0.0,0.07120835638180922,0.008209624345451234,0.5158618486577038,0.7182467767501696,567,299,R2,short_sentence,bert-base-uncased,0,,True,False,first-token,euclidean,12,True,False,Multivariate
verb_ZIPF,0.0001125765641051223,3.7035466598300696e-06,3.012554439169151e-203,0.07120835638180922,0.008209624345451234,0.5158618486577038,0.7182467767501696,567,299,R2,short_sentence,bert-base-uncased,0,,True,False,first-token,euclidean,12,True,False,Multivariate
