Feature,importance,std,pval,score_MAE,score_MSE,score_R2,score_R,unit,top_units,top_units_rank,dataset,_model,seed,step,add_special_tokens,zscore,take_activation_from,distance_metric,layer,min_max,conditional,Method
sentence_GROUP,0.04355024456702741,8.04999703677484e-05,0.0,0.06284557939831667,0.008435897300752237,0.7217956878068489,0.8496234448387308,165,4,R2,short_sentence,bert-base-uncased,0,,True,False,first-token,euclidean,12,True,False,Multivariate
subj_TYPE,0.00013863084614566026,4.24196325455856e-06,1.4625575857615068e-234,0.06284557939831667,0.008435897300752237,0.7217956878068489,0.8496234448387308,165,4,R2,short_sentence,bert-base-uncased,0,,True,False,first-token,euclidean,12,True,False,Multivariate
subj_ANIM,-6.347541292527235e-08,1.0529782236894051e-07,0.7266850837008683,0.06284557939831667,0.008435897300752237,0.7217956878068489,0.8496234448387308,165,4,R2,short_sentence,bert-base-uncased,0,,True,False,first-token,euclidean,12,True,False,Multivariate
subj_GEN,0.0,0.0,1.0,0.06284557939831667,0.008435897300752237,0.7217956878068489,0.8496234448387308,165,4,R2,short_sentence,bert-base-uncased,0,,True,False,first-token,euclidean,12,True,False,Multivariate
subj_NUM,0.0,0.0,1.0,0.06284557939831667,0.008435897300752237,0.7217956878068489,0.8496234448387308,165,4,R2,short_sentence,bert-base-uncased,0,,True,False,first-token,euclidean,12,True,False,Multivariate
subj_PERS,0.00021338535846574506,5.483764850144755e-06,0.0,0.06284557939831667,0.008435897300752237,0.7217956878068489,0.8496234448387308,165,4,R2,short_sentence,bert-base-uncased,0,,True,False,first-token,euclidean,12,True,False,Multivariate
subj_ZIPF,3.6174163576464706e-06,6.347342637840436e-07,6.021949437338319e-09,0.06284557939831667,0.008435897300752237,0.7217956878068489,0.8496234448387308,165,4,R2,short_sentence,bert-base-uncased,0,,True,False,first-token,euclidean,12,True,False,Multivariate
sentence_TENSE,-1.9137908154879405e-08,1.1762166182908124e-07,0.5646255676848597,0.06284557939831667,0.008435897300752237,0.7217956878068489,0.8496234448387308,165,4,R2,short_sentence,bert-base-uncased,0,,True,False,first-token,euclidean,12,True,False,Multivariate
verb_ZIPF,9.348440699571011e-07,3.452332959975408e-07,0.003385910276029134,0.06284557939831667,0.008435897300752237,0.7217956878068489,0.8496234448387308,165,4,R2,short_sentence,bert-base-uncased,0,,True,False,first-token,euclidean,12,True,False,Multivariate
