Feature,importance,std,pval,score_MAE,score_MSE,score_R2,score_R,unit,top_units,top_units_rank,dataset,_model,seed,step,add_special_tokens,zscore,take_activation_from,distance_metric,layer,min_max,conditional,Method
sentence_GROUP,0.05370800783356441,9.109198961067036e-05,0.0,0.06374192671435872,0.008633003256154636,0.7567052914163878,0.8699041569743828,500,6,R2,short_sentence,bert-base-uncased,0,,True,False,first-token,euclidean,12,True,False,Multivariate
subj_TYPE,7.42793630410515e-05,3.1264339529154603e-06,4.488282218622346e-125,0.06374192671435872,0.008633003256154636,0.7567052914163878,0.8699041569743828,500,6,R2,short_sentence,bert-base-uncased,0,,True,False,first-token,euclidean,12,True,False,Multivariate
subj_ANIM,0.0,0.0,1.0,0.06374192671435872,0.008633003256154636,0.7567052914163878,0.8699041569743828,500,6,R2,short_sentence,bert-base-uncased,0,,True,False,first-token,euclidean,12,True,False,Multivariate
subj_GEN,0.0,0.0,1.0,0.06374192671435872,0.008633003256154636,0.7567052914163878,0.8699041569743828,500,6,R2,short_sentence,bert-base-uncased,0,,True,False,first-token,euclidean,12,True,False,Multivariate
subj_NUM,0.0,0.0,1.0,0.06374192671435872,0.008633003256154636,0.7567052914163878,0.8699041569743828,500,6,R2,short_sentence,bert-base-uncased,0,,True,False,first-token,euclidean,12,True,False,Multivariate
subj_PERS,0.0003359539734825579,6.58238056982439e-06,0.0,0.06374192671435872,0.008633003256154636,0.7567052914163878,0.8699041569743828,500,6,R2,short_sentence,bert-base-uncased,0,,True,False,first-token,euclidean,12,True,False,Multivariate
subj_ZIPF,4.658097348266054e-07,2.3025206761031188e-07,0.02153437932053838,0.06374192671435872,0.008633003256154636,0.7567052914163878,0.8699041569743828,500,6,R2,short_sentence,bert-base-uncased,0,,True,False,first-token,euclidean,12,True,False,Multivariate
sentence_TENSE,-6.526198436798988e-09,1.2568690861655577e-07,0.5207054740962522,0.06374192671435872,0.008633003256154636,0.7567052914163878,0.8699041569743828,500,6,R2,short_sentence,bert-base-uncased,0,,True,False,first-token,euclidean,12,True,False,Multivariate
verb_ZIPF,1.4098510221779587e-06,4.287105464234601e-07,0.0005034620811683358,0.06374192671435872,0.008633003256154636,0.7567052914163878,0.8699041569743828,500,6,R2,short_sentence,bert-base-uncased,0,,True,False,first-token,euclidean,12,True,False,Multivariate
