Feature,importance,std,pval,score_MAE,score_MSE,score_R2,score_R,unit,top_units,top_units_rank,dataset,_model,seed,step,add_special_tokens,zscore,take_activation_from,distance_metric,layer,min_max,conditional,Method
sentence_GROUP,0.051090646270685075,8.989280231728753e-05,0.0,0.06417572546605876,0.008884221243973277,0.7426889970775223,0.8618023670800115,563,5,R2,short_sentence,bert-base-uncased,0,,True,False,first-token,euclidean,12,True,False,Multivariate
subj_TYPE,0.00019694781021489016,5.163743372193429e-06,0.0,0.06417572546605876,0.008884221243973277,0.7426889970775223,0.8618023670800115,563,5,R2,short_sentence,bert-base-uncased,0,,True,False,first-token,euclidean,12,True,False,Multivariate
subj_ANIM,0.0,0.0,1.0,0.06417572546605876,0.008884221243973277,0.7426889970775223,0.8618023670800115,563,5,R2,short_sentence,bert-base-uncased,0,,True,False,first-token,euclidean,12,True,False,Multivariate
subj_GEN,0.0,0.0,1.0,0.06417572546605876,0.008884221243973277,0.7426889970775223,0.8618023670800115,563,5,R2,short_sentence,bert-base-uncased,0,,True,False,first-token,euclidean,12,True,False,Multivariate
subj_NUM,0.0,0.0,1.0,0.06417572546605876,0.008884221243973277,0.7426889970775223,0.8618023670800115,563,5,R2,short_sentence,bert-base-uncased,0,,True,False,first-token,euclidean,12,True,False,Multivariate
subj_PERS,0.00037095115125322447,7.335138373738933e-06,0.0,0.06417572546605876,0.008884221243973277,0.7426889970775223,0.8618023670800115,563,5,R2,short_sentence,bert-base-uncased,0,,True,False,first-token,euclidean,12,True,False,Multivariate
subj_ZIPF,6.1366720472623576e-09,5.2059530151296145e-08,0.4530821720740182,0.06417572546605876,0.008884221243973277,0.7426889970775223,0.8618023670800115,563,5,R2,short_sentence,bert-base-uncased,0,,True,False,first-token,euclidean,12,True,False,Multivariate
sentence_TENSE,-1.1151396333594454e-08,9.873207518449789e-08,0.5449633300763902,0.06417572546605876,0.008884221243973277,0.7426889970775223,0.8618023670800115,563,5,R2,short_sentence,bert-base-uncased,0,,True,False,first-token,euclidean,12,True,False,Multivariate
verb_ZIPF,6.941959439080165e-09,1.1154459879155318e-07,0.4751879118981639,0.06417572546605876,0.008884221243973277,0.7426889970775223,0.8618023670800115,563,5,R2,short_sentence,bert-base-uncased,0,,True,False,first-token,euclidean,12,True,False,Multivariate
