Feature,importance,std,pval,score_MAE,score_MSE,score_R2,score_R,unit,top_units,top_units_rank,dataset,_model,seed,step,add_special_tokens,zscore,take_activation_from,distance_metric,layer,min_max,conditional,Method
sentence_GROUP,0.007349517884578659,3.5450694941653195e-05,0.0,0.08517046311507968,0.01126838100976366,0.34285500908263145,0.5855595101125579,313,607,R2,short_sentence,bert-base-uncased,0,,True,False,first-token,euclidean,12,True,False,Multivariate
subj_TYPE,0.0008505557179376978,1.2038174204335753e-05,0.0,0.08517046311507968,0.01126838100976366,0.34285500908263145,0.5855595101125579,313,607,R2,short_sentence,bert-base-uncased,0,,True,False,first-token,euclidean,12,True,False,Multivariate
subj_ANIM,0.0,0.0,1.0,0.08517046311507968,0.01126838100976366,0.34285500908263145,0.5855595101125579,313,607,R2,short_sentence,bert-base-uncased,0,,True,False,first-token,euclidean,12,True,False,Multivariate
subj_GEN,3.66823906693625e-05,2.407165604110532e-06,9.766647583003602e-53,0.08517046311507968,0.01126838100976366,0.34285500908263145,0.5855595101125579,313,607,R2,short_sentence,bert-base-uncased,0,,True,False,first-token,euclidean,12,True,False,Multivariate
subj_NUM,2.1441019716548876e-05,1.8891087053252795e-06,3.716317538677726e-30,0.08517046311507968,0.01126838100976366,0.34285500908263145,0.5855595101125579,313,607,R2,short_sentence,bert-base-uncased,0,,True,False,first-token,euclidean,12,True,False,Multivariate
subj_PERS,0.002330249014648046,2.6583839760794142e-05,0.0,0.08517046311507968,0.01126838100976366,0.34285500908263145,0.5855595101125579,313,607,R2,short_sentence,bert-base-uncased,0,,True,False,first-token,euclidean,12,True,False,Multivariate
subj_ZIPF,0.0,0.0,1.0,0.08517046311507968,0.01126838100976366,0.34285500908263145,0.5855595101125579,313,607,R2,short_sentence,bert-base-uncased,0,,True,False,first-token,euclidean,12,True,False,Multivariate
sentence_TENSE,0.000774462583762519,1.1410917413392027e-05,0.0,0.08517046311507968,0.01126838100976366,0.34285500908263145,0.5855595101125579,313,607,R2,short_sentence,bert-base-uncased,0,,True,False,first-token,euclidean,12,True,False,Multivariate
verb_ZIPF,0.0002466787984323639,6.3745699957531745e-06,0.0,0.08517046311507968,0.01126838100976366,0.34285500908263145,0.5855595101125579,313,607,R2,short_sentence,bert-base-uncased,0,,True,False,first-token,euclidean,12,True,False,Multivariate
