Feature,importance,std,pval,score_MAE,score_MSE,score_R2,score_R,unit,top_units,top_units_rank,dataset,_model,seed,step,add_special_tokens,zscore,take_activation_from,distance_metric,layer,min_max,conditional,Method
sentence_GROUP,0.010782416599031164,3.815880156616754e-05,0.0,0.07346192062530157,0.008669565845029748,0.4547388665059486,0.6743708905859565,447,379,R2,short_sentence,bert-base-uncased,0,,True,False,first-token,euclidean,12,True,False,Multivariate
subj_TYPE,0.00046752306874996087,7.853672756339296e-06,0.0,0.07346192062530157,0.008669565845029748,0.4547388665059486,0.6743708905859565,447,379,R2,short_sentence,bert-base-uncased,0,,True,False,first-token,euclidean,12,True,False,Multivariate
subj_ANIM,0.0,0.0,1.0,0.07346192062530157,0.008669565845029748,0.4547388665059486,0.6743708905859565,447,379,R2,short_sentence,bert-base-uncased,0,,True,False,first-token,euclidean,12,True,False,Multivariate
subj_GEN,1.9804912606258144e-05,1.516524107663075e-06,2.8080063720052546e-39,0.07346192062530157,0.008669565845029748,0.4547388665059486,0.6743708905859565,447,379,R2,short_sentence,bert-base-uncased,0,,True,False,first-token,euclidean,12,True,False,Multivariate
subj_NUM,1.0425263804688532e-05,1.1521706197406077e-06,7.256046256523064e-20,0.07346192062530157,0.008669565845029748,0.4547388665059486,0.6743708905859565,447,379,R2,short_sentence,bert-base-uncased,0,,True,False,first-token,euclidean,12,True,False,Multivariate
subj_PERS,0.002621878832978925,2.722354332431261e-05,0.0,0.07346192062530157,0.008669565845029748,0.4547388665059486,0.6743708905859565,447,379,R2,short_sentence,bert-base-uncased,0,,True,False,first-token,euclidean,12,True,False,Multivariate
subj_ZIPF,0.0,0.0,1.0,0.07346192062530157,0.008669565845029748,0.4547388665059486,0.6743708905859565,447,379,R2,short_sentence,bert-base-uncased,0,,True,False,first-token,euclidean,12,True,False,Multivariate
sentence_TENSE,0.0005340770062853588,8.310403734850766e-06,0.0,0.07346192062530157,0.008669565845029748,0.4547388665059486,0.6743708905859565,447,379,R2,short_sentence,bert-base-uncased,0,,True,False,first-token,euclidean,12,True,False,Multivariate
verb_ZIPF,0.00012682788663572698,4.032388598212882e-06,1.9523444919356534e-217,0.07346192062530157,0.008669565845029748,0.4547388665059486,0.6743708905859565,447,379,R2,short_sentence,bert-base-uncased,0,,True,False,first-token,euclidean,12,True,False,Multivariate
