Feature,importance,std,pval,score_MAE,score_MSE,score_R2,score_R,dataset,_model,seed,step,add_special_tokens,zscore,take_activation_from,distance_metric,layer,min_max,conditional,Method
sentence_GROUP,0.04453959998924514,9.396646574996494e-05,0.0,0.09300346976934946,0.013151845955608827,0.6586661221667588,0.8116187911271922,short_sentence,bert-base-uncased,0,,True,False,first-token,euclidean,7,True,False,Multivariate
subj_TYPE,0.0037828916092990726,2.7439507462917346e-05,0.0,0.09300346976934946,0.013151845955608827,0.6586661221667588,0.8116187911271922,short_sentence,bert-base-uncased,0,,True,False,first-token,euclidean,7,True,False,Multivariate
subj_ANIM,0.00018412820682564416,5.995561777090232e-06,2.0449672615779458e-207,0.09300346976934946,0.013151845955608827,0.6586661221667588,0.8116187911271922,short_sentence,bert-base-uncased,0,,True,False,first-token,euclidean,7,True,False,Multivariate
subj_GEN,4.4402483712648474e-05,2.9114828264171008e-06,8.129642916108534e-53,0.09300346976934946,0.013151845955608827,0.6586661221667588,0.8116187911271922,short_sentence,bert-base-uncased,0,,True,False,first-token,euclidean,7,True,False,Multivariate
subj_NUM,0.0005237404793893703,1.0064542321770464e-05,0.0,0.09300346976934946,0.013151845955608827,0.6586661221667588,0.8116187911271922,short_sentence,bert-base-uncased,0,,True,False,first-token,euclidean,7,True,False,Multivariate
subj_PERS,0.0007247147191822858,1.334709856768845e-05,0.0,0.09300346976934946,0.013151845955608827,0.6586661221667588,0.8116187911271922,short_sentence,bert-base-uncased,0,,True,False,first-token,euclidean,7,True,False,Multivariate
subj_ZIPF,3.3543423135345145e-06,8.267391892874607e-07,2.481992657794844e-05,0.09300346976934946,0.013151845955608827,0.6586661221667588,0.8116187911271922,short_sentence,bert-base-uncased,0,,True,False,first-token,euclidean,7,True,False,Multivariate
sentence_TENSE,0.0005306403298344303,1.0259955422333116e-05,0.0,0.09300346976934946,0.013151845955608827,0.6586661221667588,0.8116187911271922,short_sentence,bert-base-uncased,0,,True,False,first-token,euclidean,7,True,False,Multivariate
verb_ZIPF,0.00041384604979518533,9.354213785203047e-06,0.0,0.09300346976934946,0.013151845955608827,0.6586661221667588,0.8116187911271922,short_sentence,bert-base-uncased,0,,True,False,first-token,euclidean,7,True,False,Multivariate
