Feature,importance,std,pval,score_MAE,score_MSE,score_R2,score_R,unit,top_units,top_units_rank,dataset,_model,seed,step,add_special_tokens,zscore,take_activation_from,distance_metric,layer,min_max,conditional,Method
sentence_GROUP,0.10143991968580854,0.00011567304168643794,0.0,0.05381870810950177,0.00671929230917215,0.8837218661441919,0.9400717516867583,326,14,R2,short_sentence,bert-base-uncased,0,,True,False,first-token,euclidean,7,True,False,Multivariate
subj_TYPE,0.00022660223098722296,4.777219671966377e-06,0.0,0.05381870810950177,0.00671929230917215,0.8837218661441919,0.9400717516867583,326,14,R2,short_sentence,bert-base-uncased,0,,True,False,first-token,euclidean,7,True,False,Multivariate
subj_ANIM,0.00011588922880290107,3.543557649951662e-06,6.805113353982847e-235,0.05381870810950177,0.00671929230917215,0.8837218661441919,0.9400717516867583,326,14,R2,short_sentence,bert-base-uncased,0,,True,False,first-token,euclidean,7,True,False,Multivariate
subj_GEN,4.7710607407735073e-05,2.1900437708469342e-06,1.6016644598327043e-105,0.05381870810950177,0.00671929230917215,0.8837218661441919,0.9400717516867583,326,14,R2,short_sentence,bert-base-uncased,0,,True,False,first-token,euclidean,7,True,False,Multivariate
subj_NUM,9.264038089397159e-05,3.0332820684238015e-06,3.688872176716052e-205,0.05381870810950177,0.00671929230917215,0.8837218661441919,0.9400717516867583,326,14,R2,short_sentence,bert-base-uncased,0,,True,False,first-token,euclidean,7,True,False,Multivariate
subj_PERS,0.00012260699251458765,3.3507925035882396e-06,2.029091010519568e-293,0.05381870810950177,0.00671929230917215,0.8837218661441919,0.9400717516867583,326,14,R2,short_sentence,bert-base-uncased,0,,True,False,first-token,euclidean,7,True,False,Multivariate
subj_ZIPF,0.0,0.0,1.0,0.05381870810950177,0.00671929230917215,0.8837218661441919,0.9400717516867583,326,14,R2,short_sentence,bert-base-uncased,0,,True,False,first-token,euclidean,7,True,False,Multivariate
sentence_TENSE,2.3693446386369432e-05,1.5593053485045504e-06,1.912026527925635e-52,0.05381870810950177,0.00671929230917215,0.8837218661441919,0.9400717516867583,326,14,R2,short_sentence,bert-base-uncased,0,,True,False,first-token,euclidean,7,True,False,Multivariate
verb_ZIPF,0.0,0.0,1.0,0.05381870810950177,0.00671929230917215,0.8837218661441919,0.9400717516867583,326,14,R2,short_sentence,bert-base-uncased,0,,True,False,first-token,euclidean,7,True,False,Multivariate
