Feature,importance,std,pval,score_MAE,score_MSE,score_R2,score_R,unit,top_units,top_units_rank,dataset,_model,seed,step,add_special_tokens,zscore,take_activation_from,distance_metric,layer,min_max,conditional,Method
sentence_GROUP,0.10089377276622194,0.00012267919814098585,0.0,0.05793507100114502,0.007750365901788291,0.867905709315228,0.9316208495388633,605,8,R2,short_sentence,bert-base-uncased,0,,True,False,first-token,euclidean,7,True,False,Multivariate
subj_TYPE,0.000529149088283168,7.926454814828231e-06,0.0,0.05793507100114502,0.007750365901788291,0.867905709315228,0.9316208495388633,605,8,R2,short_sentence,bert-base-uncased,0,,True,False,first-token,euclidean,7,True,False,Multivariate
subj_ANIM,6.274693721457251e-05,2.694401698903003e-06,2.9403662529281495e-120,0.05793507100114502,0.007750365901788291,0.867905709315228,0.9316208495388633,605,8,R2,short_sentence,bert-base-uncased,0,,True,False,first-token,euclidean,7,True,False,Multivariate
subj_GEN,7.785311225764018e-05,3.000767248223783e-06,1.0514999241695493e-148,0.05793507100114502,0.007750365901788291,0.867905709315228,0.9316208495388633,605,8,R2,short_sentence,bert-base-uncased,0,,True,False,first-token,euclidean,7,True,False,Multivariate
subj_NUM,0.00012042657015261204,3.7080957942254466e-06,1.1388223976805694e-231,0.05793507100114502,0.007750365901788291,0.867905709315228,0.9316208495388633,605,8,R2,short_sentence,bert-base-uncased,0,,True,False,first-token,euclidean,7,True,False,Multivariate
subj_PERS,9.957625185016079e-05,3.1981782542204084e-06,4.00979753322507e-213,0.05793507100114502,0.007750365901788291,0.867905709315228,0.9316208495388633,605,8,R2,short_sentence,bert-base-uncased,0,,True,False,first-token,euclidean,7,True,False,Multivariate
subj_ZIPF,0.0,0.0,1.0,0.05793507100114502,0.007750365901788291,0.867905709315228,0.9316208495388633,605,8,R2,short_sentence,bert-base-uncased,0,,True,False,first-token,euclidean,7,True,False,Multivariate
sentence_TENSE,6.8676728966410695e-06,9.158624736291967e-07,3.225512936800021e-14,0.05793507100114502,0.007750365901788291,0.867905709315228,0.9316208495388633,605,8,R2,short_sentence,bert-base-uncased,0,,True,False,first-token,euclidean,7,True,False,Multivariate
verb_ZIPF,5.0314024696783155e-09,6.570668390793202e-08,0.4694813496016377,0.05793507100114502,0.007750365901788291,0.867905709315228,0.9316208495388633,605,8,R2,short_sentence,bert-base-uncased,0,,True,False,first-token,euclidean,7,True,False,Multivariate
