Feature,importance,std,pval,score_MAE,score_MSE,score_R2,score_R,unit,top_units,top_units_rank,dataset,_model,seed,step,add_special_tokens,zscore,take_activation_from,distance_metric,layer,min_max,conditional,Method
sentence_GROUP,0.07978840319214017,9.712408691079726e-05,0.0,0.05171772975367509,0.006158378715440463,0.8665596382261246,0.9308992587004165,371,5,R2,short_sentence,bert-base-uncased,0,,True,False,first-token,euclidean,7,True,False,Multivariate
subj_TYPE,0.0,0.0,1.0,0.05171772975367509,0.006158378715440463,0.8665596382261246,0.9308992587004165,371,5,R2,short_sentence,bert-base-uncased,0,,True,False,first-token,euclidean,7,True,False,Multivariate
subj_ANIM,7.382755334025705e-05,2.48511855953241e-06,3.0391138267730684e-194,0.05171772975367509,0.006158378715440463,0.8665596382261246,0.9308992587004165,371,5,R2,short_sentence,bert-base-uncased,0,,True,False,first-token,euclidean,7,True,False,Multivariate
subj_GEN,1.2016051572004027e-05,1.1001682585803121e-06,4.523428457062296e-28,0.05171772975367509,0.006158378715440463,0.8665596382261246,0.9308992587004165,371,5,R2,short_sentence,bert-base-uncased,0,,True,False,first-token,euclidean,7,True,False,Multivariate
subj_NUM,2.1083404879572863e-05,1.380093565480827e-06,5.4590869850986905e-53,0.05171772975367509,0.006158378715440463,0.8665596382261246,0.9308992587004165,371,5,R2,short_sentence,bert-base-uncased,0,,True,False,first-token,euclidean,7,True,False,Multivariate
subj_PERS,0.00019837231137608907,4.4590803857584855e-06,0.0,0.05171772975367509,0.006158378715440463,0.8665596382261246,0.9308992587004165,371,5,R2,short_sentence,bert-base-uncased,0,,True,False,first-token,euclidean,7,True,False,Multivariate
subj_ZIPF,0.0,0.0,1.0,0.05171772975367509,0.006158378715440463,0.8665596382261246,0.9308992587004165,371,5,R2,short_sentence,bert-base-uncased,0,,True,False,first-token,euclidean,7,True,False,Multivariate
sentence_TENSE,4.3867460402572964e-06,6.55645018887567e-07,1.1102742622106328e-11,0.05171772975367509,0.006158378715440463,0.8665596382261246,0.9308992587004165,371,5,R2,short_sentence,bert-base-uncased,0,,True,False,first-token,euclidean,7,True,False,Multivariate
verb_ZIPF,0.0,0.0,1.0,0.05171772975367509,0.006158378715440463,0.8665596382261246,0.9308992587004165,371,5,R2,short_sentence,bert-base-uncased,0,,True,False,first-token,euclidean,7,True,False,Multivariate
