Feature,importance,std,pval,score_MAE,score_MSE,score_R2,score_R,unit,top_units,top_units_rank,dataset,_model,seed,step,add_special_tokens,zscore,take_activation_from,distance_metric,layer,min_max,conditional,Method
sentence_GROUP,0.14255753915083735,0.0001403859626841528,0.0,0.059961574498145695,0.0067797477890859,0.9136680083854614,0.9558696199631438,526,92,R2,short_sentence,bert-base-uncased,0,,True,False,first-token,euclidean,7,True,False,Multivariate
subj_TYPE,0.00032434184363888284,5.799178816090888e-06,0.0,0.059961574498145695,0.0067797477890859,0.9136680083854614,0.9558696199631438,526,92,R2,short_sentence,bert-base-uncased,0,,True,False,first-token,euclidean,7,True,False,Multivariate
subj_ANIM,5.170114368068861e-05,2.20622771408269e-06,9.582812876426352e-122,0.059961574498145695,0.0067797477890859,0.9136680083854614,0.9558696199631438,526,92,R2,short_sentence,bert-base-uncased,0,,True,False,first-token,euclidean,7,True,False,Multivariate
subj_GEN,4.431180097116752e-05,2.120767791218846e-06,3.0214305076032626e-97,0.059961574498145695,0.0067797477890859,0.9136680083854614,0.9558696199631438,526,92,R2,short_sentence,bert-base-uncased,0,,True,False,first-token,euclidean,7,True,False,Multivariate
subj_NUM,0.00014994055725583164,3.8455647540112544e-06,0.0,0.059961574498145695,0.0067797477890859,0.9136680083854614,0.9558696199631438,526,92,R2,short_sentence,bert-base-uncased,0,,True,False,first-token,euclidean,7,True,False,Multivariate
subj_PERS,7.513340043335259e-05,3.0365232282747496e-06,1.833251740111328e-135,0.059961574498145695,0.0067797477890859,0.9136680083854614,0.9558696199631438,526,92,R2,short_sentence,bert-base-uncased,0,,True,False,first-token,euclidean,7,True,False,Multivariate
subj_ZIPF,0.0,0.0,1.0,0.059961574498145695,0.0067797477890859,0.9136680083854614,0.9558696199631438,526,92,R2,short_sentence,bert-base-uncased,0,,True,False,first-token,euclidean,7,True,False,Multivariate
sentence_TENSE,8.544685203721755e-05,2.954848760227858e-06,3.59681487713343e-184,0.059961574498145695,0.0067797477890859,0.9136680083854614,0.9558696199631438,526,92,R2,short_sentence,bert-base-uncased,0,,True,False,first-token,euclidean,7,True,False,Multivariate
verb_ZIPF,1.777350485022674e-05,1.3070516316354392e-06,2.0530090247064003e-42,0.059961574498145695,0.0067797477890859,0.9136680083854614,0.9558696199631438,526,92,R2,short_sentence,bert-base-uncased,0,,True,False,first-token,euclidean,7,True,False,Multivariate
