Feature,importance,std,pval,score_MAE,score_MSE,score_R2,score_R,unit,top_units,top_units_rank,dataset,_model,seed,step,add_special_tokens,zscore,take_activation_from,distance_metric,layer,min_max,conditional,Method
sentence_GROUP,0.1424303038723102,0.00014093499545026172,0.0,0.06225932863346045,0.006936948610095278,0.9118823264508391,0.9549359393336901,279,117,R2,short_sentence,bert-base-uncased,0,,True,False,first-token,euclidean,7,True,False,Multivariate
subj_TYPE,0.00043997282122113836,6.7490046575800595e-06,0.0,0.06225932863346045,0.006936948610095278,0.9118823264508391,0.9549359393336901,279,117,R2,short_sentence,bert-base-uncased,0,,True,False,first-token,euclidean,7,True,False,Multivariate
subj_ANIM,0.00012001574514971322,3.3890395445068683e-06,5.4036141439974546e-275,0.06225932863346045,0.006936948610095278,0.9118823264508391,0.9549359393336901,279,117,R2,short_sentence,bert-base-uncased,0,,True,False,first-token,euclidean,7,True,False,Multivariate
subj_GEN,2.9939914921767755e-05,1.822785084114873e-06,6.295929124597346e-61,0.06225932863346045,0.006936948610095278,0.9118823264508391,0.9549359393336901,279,117,R2,short_sentence,bert-base-uncased,0,,True,False,first-token,euclidean,7,True,False,Multivariate
subj_NUM,0.0001544186676867769,3.9832024980124605e-06,0.0,0.06225932863346045,0.006936948610095278,0.9118823264508391,0.9549359393336901,279,117,R2,short_sentence,bert-base-uncased,0,,True,False,first-token,euclidean,7,True,False,Multivariate
subj_PERS,0.00013585864844483904,4.058501683844173e-06,5.556553812892346e-246,0.06225932863346045,0.006936948610095278,0.9118823264508391,0.9549359393336901,279,117,R2,short_sentence,bert-base-uncased,0,,True,False,first-token,euclidean,7,True,False,Multivariate
subj_ZIPF,0.0,0.0,1.0,0.06225932863346045,0.006936948610095278,0.9118823264508391,0.9549359393336901,279,117,R2,short_sentence,bert-base-uncased,0,,True,False,first-token,euclidean,7,True,False,Multivariate
sentence_TENSE,0.0001111328487578083,3.4071521342671957e-06,1.157583773100273e-233,0.06225932863346045,0.006936948610095278,0.9118823264508391,0.9549359393336901,279,117,R2,short_sentence,bert-base-uncased,0,,True,False,first-token,euclidean,7,True,False,Multivariate
verb_ZIPF,2.6707719881203805e-05,1.6314599197802056e-06,1.554739264086001e-60,0.06225932863346045,0.006936948610095278,0.9118823264508391,0.9549359393336901,279,117,R2,short_sentence,bert-base-uncased,0,,True,False,first-token,euclidean,7,True,False,Multivariate
