Feature,importance,std,pval,score_MAE,score_MSE,score_R2,score_R,unit,top_units,top_units_rank,dataset,_model,seed,step,add_special_tokens,zscore,take_activation_from,distance_metric,layer,min_max,conditional,Method
sentence_GROUP,0.08605555924808572,0.00011134849581104252,0.0,0.07372662477793412,0.008375440213769778,0.8440857206015662,0.918757628462598,357,379,R2,short_sentence,bert-base-uncased,0,,True,False,first-token,euclidean,7,True,False,Multivariate
subj_TYPE,0.002908039805811626,1.9222481972424458e-05,0.0,0.07372662477793412,0.008375440213769778,0.8440857206015662,0.918757628462598,357,379,R2,short_sentence,bert-base-uncased,0,,True,False,first-token,euclidean,7,True,False,Multivariate
subj_ANIM,0.00020976835164854626,4.957068927630884e-06,0.0,0.07372662477793412,0.008375440213769778,0.8440857206015662,0.918757628462598,357,379,R2,short_sentence,bert-base-uncased,0,,True,False,first-token,euclidean,7,True,False,Multivariate
subj_GEN,4.7929053582048224e-05,2.4157809120965745e-06,6.725134877629357e-88,0.07372662477793412,0.008375440213769778,0.8440857206015662,0.918757628462598,357,379,R2,short_sentence,bert-base-uncased,0,,True,False,first-token,euclidean,7,True,False,Multivariate
subj_NUM,0.00048522070269909836,7.760552550060042e-06,0.0,0.07372662477793412,0.008375440213769778,0.8440857206015662,0.918757628462598,357,379,R2,short_sentence,bert-base-uncased,0,,True,False,first-token,euclidean,7,True,False,Multivariate
subj_PERS,0.0007783691421495376,1.1647325629607455e-05,0.0,0.07372662477793412,0.008375440213769778,0.8440857206015662,0.918757628462598,357,379,R2,short_sentence,bert-base-uncased,0,,True,False,first-token,euclidean,7,True,False,Multivariate
subj_ZIPF,1.512330558613924e-08,6.029074498954857e-08,0.40096906681564143,0.07372662477793412,0.008375440213769778,0.8440857206015662,0.918757628462598,357,379,R2,short_sentence,bert-base-uncased,0,,True,False,first-token,euclidean,7,True,False,Multivariate
sentence_TENSE,0.0002536972292667793,5.6493358704522615e-06,0.0,0.07372662477793412,0.008375440213769778,0.8440857206015662,0.918757628462598,357,379,R2,short_sentence,bert-base-uncased,0,,True,False,first-token,euclidean,7,True,False,Multivariate
verb_ZIPF,0.00014359965564934445,4.282360876996624e-06,8.012545301894176e-247,0.07372662477793412,0.008375440213769778,0.8440857206015662,0.918757628462598,357,379,R2,short_sentence,bert-base-uncased,0,,True,False,first-token,euclidean,7,True,False,Multivariate
