Feature,importance,std,pval,score_MAE,score_MSE,score_R2,score_R,unit,top_units,top_units_rank,dataset,_model,seed,step,add_special_tokens,zscore,take_activation_from,distance_metric,layer,min_max,conditional,Method
sentence_GROUP,0.14401071557925588,0.00014374778207284253,0.0,0.05877468699740947,0.007004731873997198,0.9118464973855396,0.9549142879793773,698,36,R2,short_sentence,bert-base-uncased,0,,True,False,first-token,euclidean,7,True,False,Multivariate
subj_TYPE,0.00010193645668679493,3.287695503788235e-06,2.276313370687076e-211,0.05877468699740947,0.007004731873997198,0.9118464973855396,0.9549142879793773,698,36,R2,short_sentence,bert-base-uncased,0,,True,False,first-token,euclidean,7,True,False,Multivariate
subj_ANIM,9.320070658607307e-05,2.9855896441873963e-06,3.1468490481655188e-214,0.05877468699740947,0.007004731873997198,0.9118464973855396,0.9549142879793773,698,36,R2,short_sentence,bert-base-uncased,0,,True,False,first-token,euclidean,7,True,False,Multivariate
subj_GEN,4.0682956247580896e-05,2.115713730434085e-06,1.0593461908653834e-82,0.05877468699740947,0.007004731873997198,0.9118464973855396,0.9549142879793773,698,36,R2,short_sentence,bert-base-uncased,0,,True,False,first-token,euclidean,7,True,False,Multivariate
subj_NUM,0.00016431718373925773,4.135881763448006e-06,0.0,0.05877468699740947,0.007004731873997198,0.9118464973855396,0.9549142879793773,698,36,R2,short_sentence,bert-base-uncased,0,,True,False,first-token,euclidean,7,True,False,Multivariate
subj_PERS,2.97792663590547e-05,1.8313819649948478e-06,9.403094620915964e-60,0.05877468699740947,0.007004731873997198,0.9118464973855396,0.9549142879793773,698,36,R2,short_sentence,bert-base-uncased,0,,True,False,first-token,euclidean,7,True,False,Multivariate
subj_ZIPF,0.0,0.0,1.0,0.05877468699740947,0.007004731873997198,0.9118464973855396,0.9549142879793773,698,36,R2,short_sentence,bert-base-uncased,0,,True,False,first-token,euclidean,7,True,False,Multivariate
sentence_TENSE,4.8215655462178164e-05,2.2591068478281785e-06,2.2745867405389366e-101,0.05877468699740947,0.007004731873997198,0.9118464973855396,0.9549142879793773,698,36,R2,short_sentence,bert-base-uncased,0,,True,False,first-token,euclidean,7,True,False,Multivariate
verb_ZIPF,7.231862309299825e-06,8.183010053845884e-07,4.887410748400169e-19,0.05877468699740947,0.007004731873997198,0.9118464973855396,0.9549142879793773,698,36,R2,short_sentence,bert-base-uncased,0,,True,False,first-token,euclidean,7,True,False,Multivariate
