Feature,importance,std,pval,score_MAE,score_MSE,score_R2,score_R,unit,top_units,top_units_rank,dataset,_model,seed,step,add_special_tokens,zscore,take_activation_from,distance_metric,layer,min_max,conditional,Method
sentence_GROUP,0.11949798879110486,0.00012699203103988264,0.0,0.06427981203174171,0.007010407417737739,0.8965672575674344,0.9468835979568999,328,187,R2,short_sentence,bert-base-uncased,0,,True,False,first-token,euclidean,7,True,False,Multivariate
subj_TYPE,0.0011663169629733488,1.1080162144678444e-05,0.0,0.06427981203174171,0.007010407417737739,0.8965672575674344,0.9468835979568999,328,187,R2,short_sentence,bert-base-uncased,0,,True,False,first-token,euclidean,7,True,False,Multivariate
subj_ANIM,0.0001393119325793005,3.6964195445733173e-06,0.0,0.06427981203174171,0.007010407417737739,0.8965672575674344,0.9468835979568999,328,187,R2,short_sentence,bert-base-uncased,0,,True,False,first-token,euclidean,7,True,False,Multivariate
subj_GEN,3.913219371193843e-05,2.0536763600944994e-06,3.0028014118265914e-81,0.06427981203174171,0.007010407417737739,0.8965672575674344,0.9468835979568999,328,187,R2,short_sentence,bert-base-uncased,0,,True,False,first-token,euclidean,7,True,False,Multivariate
subj_NUM,0.0002804052189491244,5.4034035015393776e-06,0.0,0.06427981203174171,0.007010407417737739,0.8965672575674344,0.9468835979568999,328,187,R2,short_sentence,bert-base-uncased,0,,True,False,first-token,euclidean,7,True,False,Multivariate
subj_PERS,0.0003267524286734272,6.494408877171408e-06,0.0,0.06427981203174171,0.007010407417737739,0.8965672575674344,0.9468835979568999,328,187,R2,short_sentence,bert-base-uncased,0,,True,False,first-token,euclidean,7,True,False,Multivariate
subj_ZIPF,7.9731886990499e-24,7.9731886990499e-24,0.15865525393145707,0.06427981203174171,0.007010407417737739,0.8965672575674344,0.9468835979568999,328,187,R2,short_sentence,bert-base-uncased,0,,True,False,first-token,euclidean,7,True,False,Multivariate
sentence_TENSE,0.00012992445413472314,3.710389439148421e-06,6.334038475589496e-269,0.06427981203174171,0.007010407417737739,0.8965672575674344,0.9468835979568999,328,187,R2,short_sentence,bert-base-uncased,0,,True,False,first-token,euclidean,7,True,False,Multivariate
verb_ZIPF,4.988566311494587e-05,2.300655704566295e-06,1.4767895100149098e-104,0.06427981203174171,0.007010407417737739,0.8965672575674344,0.9468835979568999,328,187,R2,short_sentence,bert-base-uncased,0,,True,False,first-token,euclidean,7,True,False,Multivariate
