Feature,importance,std,pval,score_MAE,score_MSE,score_R2,score_R,unit,top_units,top_units_rank,dataset,_model,seed,step,add_special_tokens,zscore,take_activation_from,distance_metric,layer,min_max,conditional,Method
sentence_GROUP,0.1155351854041382,0.00012738436328733093,0.0,0.06789983775505865,0.007511120850868472,0.8870410132966283,0.9418408938535909,391,236,R2,short_sentence,bert-base-uncased,0,,True,False,first-token,euclidean,7,True,False,Multivariate
subj_TYPE,0.0013954114976336357,1.2597234385608332e-05,0.0,0.06789983775505865,0.007511120850868472,0.8870410132966283,0.9418408938535909,391,236,R2,short_sentence,bert-base-uncased,0,,True,False,first-token,euclidean,7,True,False,Multivariate
subj_ANIM,0.00015646184636395095,4.016430043619851e-06,0.0,0.06789983775505865,0.007511120850868472,0.8870410132966283,0.9418408938535909,391,236,R2,short_sentence,bert-base-uncased,0,,True,False,first-token,euclidean,7,True,False,Multivariate
subj_GEN,3.971333578572136e-05,2.1118076885057784e-06,3.4118892628997975e-79,0.06789983775505865,0.007511120850868472,0.8870410132966283,0.9418408938535909,391,236,R2,short_sentence,bert-base-uncased,0,,True,False,first-token,euclidean,7,True,False,Multivariate
subj_NUM,0.0003050935127933933,5.812368310771828e-06,0.0,0.06789983775505865,0.007511120850868472,0.8870410132966283,0.9418408938535909,391,236,R2,short_sentence,bert-base-uncased,0,,True,False,first-token,euclidean,7,True,False,Multivariate
subj_PERS,0.0005332476707333826,9.032145379978303e-06,0.0,0.06789983775505865,0.007511120850868472,0.8870410132966283,0.9418408938535909,391,236,R2,short_sentence,bert-base-uncased,0,,True,False,first-token,euclidean,7,True,False,Multivariate
subj_ZIPF,-6.972235605469203e-09,5.457360287068513e-08,0.5508299097012558,0.06789983775505865,0.007511120850868472,0.8870410132966283,0.9418408938535909,391,236,R2,short_sentence,bert-base-uncased,0,,True,False,first-token,euclidean,7,True,False,Multivariate
sentence_TENSE,0.00014748098814979226,4.0829390230509195e-06,5.255509143747925e-286,0.06789983775505865,0.007511120850868472,0.8870410132966283,0.9418408938535909,391,236,R2,short_sentence,bert-base-uncased,0,,True,False,first-token,euclidean,7,True,False,Multivariate
verb_ZIPF,7.160097941883163e-05,2.8413835512612734e-06,2.036668542277563e-140,0.06789983775505865,0.007511120850868472,0.8870410132966283,0.9418408938535909,391,236,R2,short_sentence,bert-base-uncased,0,,True,False,first-token,euclidean,7,True,False,Multivariate
