Feature,importance,std,pval,score_MAE,score_MSE,score_R2,score_R,unit,top_units,top_units_rank,dataset,_model,seed,step,add_special_tokens,zscore,take_activation_from,distance_metric,layer,min_max,conditional,Method
sentence_GROUP,0.06687748830320521,9.826386375698619e-05,0.0,0.07624394120609637,0.00883269669051311,0.803067048162874,0.8961611954262185,41,479,R2,short_sentence,bert-base-uncased,0,,True,False,first-token,euclidean,7,True,False,Multivariate
subj_TYPE,0.003106832726567156,2.039355593641624e-05,0.0,0.07624394120609637,0.00883269669051311,0.803067048162874,0.8961611954262185,41,479,R2,short_sentence,bert-base-uncased,0,,True,False,first-token,euclidean,7,True,False,Multivariate
subj_ANIM,0.00023874202364609386,5.506204929652072e-06,0.0,0.07624394120609637,0.00883269669051311,0.803067048162874,0.8961611954262185,41,479,R2,short_sentence,bert-base-uncased,0,,True,False,first-token,euclidean,7,True,False,Multivariate
subj_GEN,4.352151801060466e-05,2.356267945195728e-06,1.782828084271478e-76,0.07624394120609637,0.00883269669051311,0.803067048162874,0.8961611954262185,41,479,R2,short_sentence,bert-base-uncased,0,,True,False,first-token,euclidean,7,True,False,Multivariate
subj_NUM,0.0004885829693729348,7.999176824773259e-06,0.0,0.07624394120609637,0.00883269669051311,0.803067048162874,0.8961611954262185,41,479,R2,short_sentence,bert-base-uncased,0,,True,False,first-token,euclidean,7,True,False,Multivariate
subj_PERS,0.00090002797702971,1.2949918681463431e-05,0.0,0.07624394120609637,0.00883269669051311,0.803067048162874,0.8961611954262185,41,479,R2,short_sentence,bert-base-uncased,0,,True,False,first-token,euclidean,7,True,False,Multivariate
subj_ZIPF,1.98358061602675e-07,1.3942404913349068e-07,0.07741212476133641,0.07624394120609637,0.00883269669051311,0.803067048162874,0.8961611954262185,41,479,R2,short_sentence,bert-base-uncased,0,,True,False,first-token,euclidean,7,True,False,Multivariate
sentence_TENSE,0.0003526447091805281,6.838064671599398e-06,0.0,0.07624394120609637,0.00883269669051311,0.803067048162874,0.8961611954262185,41,479,R2,short_sentence,bert-base-uncased,0,,True,False,first-token,euclidean,7,True,False,Multivariate
verb_ZIPF,0.0001900504980079308,5.127700228657971e-06,5.443593895537759e-301,0.07624394120609637,0.00883269669051311,0.803067048162874,0.8961611954262185,41,479,R2,short_sentence,bert-base-uncased,0,,True,False,first-token,euclidean,7,True,False,Multivariate
