Feature,importance,std,pval,score_MAE,score_MSE,score_R2,score_R,unit,top_units,top_units_rank,dataset,_model,seed,step,add_special_tokens,zscore,take_activation_from,distance_metric,layer,min_max,conditional,Method
sentence_GROUP,0.1258897968200097,0.00012568341607474516,0.0,0.053863102247451916,0.0061031863538984505,0.9121151552028629,0.9550559025204828,283,28,R2,short_sentence,bert-base-uncased,0,,True,False,first-token,euclidean,7,True,False,Multivariate
subj_TYPE,0.00014025248129413573,3.5357271417484844e-06,0.0,0.053863102247451916,0.0061031863538984505,0.9121151552028629,0.9550559025204828,283,28,R2,short_sentence,bert-base-uncased,0,,True,False,first-token,euclidean,7,True,False,Multivariate
subj_ANIM,0.0001186806425437197,3.228287932224538e-06,3.6410315052645177e-296,0.053863102247451916,0.0061031863538984505,0.9121151552028629,0.9550559025204828,283,28,R2,short_sentence,bert-base-uncased,0,,True,False,first-token,euclidean,7,True,False,Multivariate
subj_GEN,3.409532887721566e-05,1.8568136925891481e-06,1.3166327514038543e-75,0.053863102247451916,0.0061031863538984505,0.9121151552028629,0.9550559025204828,283,28,R2,short_sentence,bert-base-uncased,0,,True,False,first-token,euclidean,7,True,False,Multivariate
subj_NUM,0.00010327097079483141,3.0408176518639574e-06,4.114633744284825e-253,0.053863102247451916,0.0061031863538984505,0.9121151552028629,0.9550559025204828,283,28,R2,short_sentence,bert-base-uncased,0,,True,False,first-token,euclidean,7,True,False,Multivariate
subj_PERS,4.11396989164512e-05,1.902154154190941e-06,4.9019949450432754e-104,0.053863102247451916,0.0061031863538984505,0.9121151552028629,0.9550559025204828,283,28,R2,short_sentence,bert-base-uncased,0,,True,False,first-token,euclidean,7,True,False,Multivariate
subj_ZIPF,0.0,0.0,1.0,0.053863102247451916,0.0061031863538984505,0.9121151552028629,0.9550559025204828,283,28,R2,short_sentence,bert-base-uncased,0,,True,False,first-token,euclidean,7,True,False,Multivariate
sentence_TENSE,2.1521407025951137e-05,1.42683213538394e-06,1.0421162193109371e-51,0.053863102247451916,0.0061031863538984505,0.9121151552028629,0.9550559025204828,283,28,R2,short_sentence,bert-base-uncased,0,,True,False,first-token,euclidean,7,True,False,Multivariate
verb_ZIPF,-6.486159343174217e-09,4.884322902323026e-08,0.5528224297662394,0.053863102247451916,0.0061031863538984505,0.9121151552028629,0.9550559025204828,283,28,R2,short_sentence,bert-base-uncased,0,,True,False,first-token,euclidean,7,True,False,Multivariate
