Feature,importance,std,pval,score_MAE,score_MSE,score_R2,score_R,unit,top_units,top_units_rank,dataset,_model,seed,step,add_special_tokens,zscore,take_activation_from,distance_metric,layer,min_max,conditional,Method
sentence_GROUP,0.09221559815593319,0.00011399202098589789,0.0,0.05642907429536762,0.007355290816194527,0.8629208359640392,0.9289427218563565,719,6,R2,short_sentence,bert-base-uncased,0,,True,False,first-token,euclidean,7,True,False,Multivariate
subj_TYPE,4.132171775068526e-05,2.1366053483278703e-06,1.239957832216674e-83,0.05642907429536762,0.007355290816194527,0.8629208359640392,0.9289427218563565,719,6,R2,short_sentence,bert-base-uncased,0,,True,False,first-token,euclidean,7,True,False,Multivariate
subj_ANIM,2.0269158458412602e-05,1.399553026188916e-06,7.804650064722726e-48,0.05642907429536762,0.007355290816194527,0.8629208359640392,0.9289427218563565,719,6,R2,short_sentence,bert-base-uncased,0,,True,False,first-token,euclidean,7,True,False,Multivariate
subj_GEN,2.711416965567349e-05,1.816602220162629e-06,1.120331729028892e-50,0.05642907429536762,0.007355290816194527,0.8629208359640392,0.9289427218563565,719,6,R2,short_sentence,bert-base-uncased,0,,True,False,first-token,euclidean,7,True,False,Multivariate
subj_NUM,5.71849578152986e-05,2.501025451440264e-06,5.229777610279803e-116,0.05642907429536762,0.007355290816194527,0.8629208359640392,0.9289427218563565,719,6,R2,short_sentence,bert-base-uncased,0,,True,False,first-token,euclidean,7,True,False,Multivariate
subj_PERS,2.760589602631947e-05,1.6337917103599898e-06,2.373881346935085e-64,0.05642907429536762,0.007355290816194527,0.8629208359640392,0.9289427218563565,719,6,R2,short_sentence,bert-base-uncased,0,,True,False,first-token,euclidean,7,True,False,Multivariate
subj_ZIPF,0.0,0.0,1.0,0.05642907429536762,0.007355290816194527,0.8629208359640392,0.9289427218563565,719,6,R2,short_sentence,bert-base-uncased,0,,True,False,first-token,euclidean,7,True,False,Multivariate
sentence_TENSE,4.682953473827148e-06,7.355658082799353e-07,9.671763531736527e-11,0.05642907429536762,0.007355290816194527,0.8629208359640392,0.9289427218563565,719,6,R2,short_sentence,bert-base-uncased,0,,True,False,first-token,euclidean,7,True,False,Multivariate
verb_ZIPF,0.0,0.0,1.0,0.05642907429536762,0.007355290816194527,0.8629208359640392,0.9289427218563565,719,6,R2,short_sentence,bert-base-uncased,0,,True,False,first-token,euclidean,7,True,False,Multivariate
