Feature,importance,std,pval,score_MAE,score_MSE,score_R2,score_R,unit,top_units,top_units_rank,dataset,_model,seed,step,add_special_tokens,zscore,take_activation_from,distance_metric,layer,min_max,conditional,Method
sentence_GROUP,0.05556624645301206,9.583642504759758e-05,0.0,0.08350482093451715,0.010559397481296695,0.7447966323909415,0.8630430660458093,462,607,R2,short_sentence,bert-base-uncased,0,,True,False,first-token,euclidean,7,True,False,Multivariate
subj_TYPE,0.0037299551765651623,2.4446742155728677e-05,0.0,0.08350482093451715,0.010559397481296695,0.7447966323909415,0.8630430660458093,462,607,R2,short_sentence,bert-base-uncased,0,,True,False,first-token,euclidean,7,True,False,Multivariate
subj_ANIM,0.00022619311454494498,5.9297595627715285e-06,0.0,0.08350482093451715,0.010559397481296695,0.7447966323909415,0.8630430660458093,462,607,R2,short_sentence,bert-base-uncased,0,,True,False,first-token,euclidean,7,True,False,Multivariate
subj_GEN,3.9995477019784945e-05,2.465928821221238e-06,1.8438200795980498e-59,0.08350482093451715,0.010559397481296695,0.7447966323909415,0.8630430660458093,462,607,R2,short_sentence,bert-base-uncased,0,,True,False,first-token,euclidean,7,True,False,Multivariate
subj_NUM,0.0005402785477042634,9.16290775792603e-06,0.0,0.08350482093451715,0.010559397481296695,0.7447966323909415,0.8630430660458093,462,607,R2,short_sentence,bert-base-uncased,0,,True,False,first-token,euclidean,7,True,False,Multivariate
subj_PERS,0.0008027997419419141,1.3161788262072804e-05,0.0,0.08350482093451715,0.010559397481296695,0.7447966323909415,0.8630430660458093,462,607,R2,short_sentence,bert-base-uncased,0,,True,False,first-token,euclidean,7,True,False,Multivariate
subj_ZIPF,1.152534457271345e-06,4.3019881077474715e-07,0.0036913035995094655,0.08350482093451715,0.010559397481296695,0.7447966323909415,0.8630430660458093,462,607,R2,short_sentence,bert-base-uncased,0,,True,False,first-token,euclidean,7,True,False,Multivariate
sentence_TENSE,0.0004680062767578958,8.62613709522092e-06,0.0,0.08350482093451715,0.010559397481296695,0.7447966323909415,0.8630430660458093,462,607,R2,short_sentence,bert-base-uncased,0,,True,False,first-token,euclidean,7,True,False,Multivariate
verb_ZIPF,0.0003106852985923842,7.206184563030889e-06,0.0,0.08350482093451715,0.010559397481296695,0.7447966323909415,0.8630430660458093,462,607,R2,short_sentence,bert-base-uncased,0,,True,False,first-token,euclidean,7,True,False,Multivariate
