Feature,importance,std,pval,score_MAE,score_MSE,score_R2,score_R,unit,top_units,top_units_rank,dataset,_model,seed,step,add_special_tokens,zscore,take_activation_from,distance_metric,layer,min_max,conditional,Method
sentence_GROUP,0.0956200143489664,0.00011364312991152367,0.0,0.054848855539337195,0.0069667715892089395,0.8740029611957176,0.9348880388722336,398,11,R2,short_sentence,bert-base-uncased,0,,True,False,first-token,euclidean,7,True,False,Multivariate
subj_TYPE,0.0005624057735515136,7.681551379409432e-06,0.0,0.054848855539337195,0.0069667715892089395,0.8740029611957176,0.9348880388722336,398,11,R2,short_sentence,bert-base-uncased,0,,True,False,first-token,euclidean,7,True,False,Multivariate
subj_ANIM,0.0001272200970903541,3.720123805993731e-06,1.302954062360436e-256,0.054848855539337195,0.0069667715892089395,0.8740029611957176,0.9348880388722336,398,11,R2,short_sentence,bert-base-uncased,0,,True,False,first-token,euclidean,7,True,False,Multivariate
subj_GEN,6.568091242136788e-05,2.609692885979171e-06,4.482375267954664e-140,0.054848855539337195,0.0069667715892089395,0.8740029611957176,0.9348880388722336,398,11,R2,short_sentence,bert-base-uncased,0,,True,False,first-token,euclidean,7,True,False,Multivariate
subj_NUM,0.00012184496119394922,3.553286068791908e-06,5.38379764275176e-258,0.054848855539337195,0.0069667715892089395,0.8740029611957176,0.9348880388722336,398,11,R2,short_sentence,bert-base-uncased,0,,True,False,first-token,euclidean,7,True,False,Multivariate
subj_PERS,0.0001774521750901736,4.230922986429626e-06,0.0,0.054848855539337195,0.0069667715892089395,0.8740029611957176,0.9348880388722336,398,11,R2,short_sentence,bert-base-uncased,0,,True,False,first-token,euclidean,7,True,False,Multivariate
subj_ZIPF,0.0,0.0,1.0,0.054848855539337195,0.0069667715892089395,0.8740029611957176,0.9348880388722336,398,11,R2,short_sentence,bert-base-uncased,0,,True,False,first-token,euclidean,7,True,False,Multivariate
sentence_TENSE,6.810577965046627e-06,8.762954246022996e-07,3.862476999191314e-15,0.054848855539337195,0.0069667715892089395,0.8740029611957176,0.9348880388722336,398,11,R2,short_sentence,bert-base-uncased,0,,True,False,first-token,euclidean,7,True,False,Multivariate
verb_ZIPF,0.0,0.0,1.0,0.054848855539337195,0.0069667715892089395,0.8740029611957176,0.9348880388722336,398,11,R2,short_sentence,bert-base-uncased,0,,True,False,first-token,euclidean,7,True,False,Multivariate
