Feature,importance,std,pval,score_MAE,score_MSE,score_R2,score_R,unit,top_units,top_units_rank,dataset,_model,seed,step,add_special_tokens,zscore,take_activation_from,distance_metric,layer,min_max,conditional,Method
sentence_GROUP,0.10323782110538392,0.00012238493018645405,0.0,0.07118505857624102,0.008055290436550021,0.8686940796497997,0.9320512595393659,343,299,R2,short_sentence,bert-base-uncased,0,,True,False,first-token,euclidean,7,True,False,Multivariate
subj_TYPE,0.0020382093809200746,1.5767784032449613e-05,0.0,0.07118505857624102,0.008055290436550021,0.8686940796497997,0.9320512595393659,343,299,R2,short_sentence,bert-base-uncased,0,,True,False,first-token,euclidean,7,True,False,Multivariate
subj_ANIM,0.000160208965361719,4.1900050148778144e-06,0.0,0.07118505857624102,0.008055290436550021,0.8686940796497997,0.9320512595393659,343,299,R2,short_sentence,bert-base-uncased,0,,True,False,first-token,euclidean,7,True,False,Multivariate
subj_GEN,4.236855541403519e-05,2.240611653961015e-06,4.774511946911843e-80,0.07118505857624102,0.008055290436550021,0.8686940796497997,0.9320512595393659,343,299,R2,short_sentence,bert-base-uncased,0,,True,False,first-token,euclidean,7,True,False,Multivariate
subj_NUM,0.00040961798809600457,6.97648763289576e-06,0.0,0.07118505857624102,0.008055290436550021,0.8686940796497997,0.9320512595393659,343,299,R2,short_sentence,bert-base-uncased,0,,True,False,first-token,euclidean,7,True,False,Multivariate
subj_PERS,0.0006076193342428656,1.004361358214986e-05,0.0,0.07118505857624102,0.008055290436550021,0.8686940796497997,0.9320512595393659,343,299,R2,short_sentence,bert-base-uncased,0,,True,False,first-token,euclidean,7,True,False,Multivariate
subj_ZIPF,6.542900608140953e-08,9.811723591364969e-08,0.25243551443902734,0.07118505857624102,0.008055290436550021,0.8686940796497997,0.9320512595393659,343,299,R2,short_sentence,bert-base-uncased,0,,True,False,first-token,euclidean,7,True,False,Multivariate
sentence_TENSE,0.0001762671382053652,4.624795864615066e-06,0.0,0.07118505857624102,0.008055290436550021,0.8686940796497997,0.9320512595393659,343,299,R2,short_sentence,bert-base-uncased,0,,True,False,first-token,euclidean,7,True,False,Multivariate
verb_ZIPF,0.00011307355652877237,3.684124467013673e-06,3.626532934962773e-207,0.07118505857624102,0.008055290436550021,0.8686940796497997,0.9320512595393659,343,299,R2,short_sentence,bert-base-uncased,0,,True,False,first-token,euclidean,7,True,False,Multivariate
