Feature,importance,std,pval,score_MAE,score_MSE,score_R2,score_R,unit,top_units,top_units_rank,dataset,_model,seed,step,add_special_tokens,zscore,take_activation_from,distance_metric,layer,min_max,conditional,Method
sentence_GROUP,0.1905889139315802,0.00014277298323487163,0.0,0.040767459933943526,0.0042386810590720565,0.9576004082528373,0.9785706003725296,589,22,R2,short_sentence,bert-base-uncased,0,,True,False,first-token,euclidean,1,True,False,Multivariate
subj_TYPE,0.000771464605195776,7.0391798389060875e-06,0.0,0.040767459933943526,0.0042386810590720565,0.9576004082528373,0.9785706003725296,589,22,R2,short_sentence,bert-base-uncased,0,,True,False,first-token,euclidean,1,True,False,Multivariate
subj_ANIM,7.090668125100842e-05,2.333967705509117e-06,4.9982952827533915e-203,0.040767459933943526,0.0042386810590720565,0.9576004082528373,0.9785706003725296,589,22,R2,short_sentence,bert-base-uncased,0,,True,False,first-token,euclidean,1,True,False,Multivariate
subj_GEN,4.856895886892008e-06,5.581338395366426e-07,1.6300362202835849e-18,0.040767459933943526,0.0042386810590720565,0.9576004082528373,0.9785706003725296,589,22,R2,short_sentence,bert-base-uncased,0,,True,False,first-token,euclidean,1,True,False,Multivariate
subj_NUM,0.0,0.0,1.0,0.040767459933943526,0.0042386810590720565,0.9576004082528373,0.9785706003725296,589,22,R2,short_sentence,bert-base-uncased,0,,True,False,first-token,euclidean,1,True,False,Multivariate
subj_PERS,0.0,0.0,1.0,0.040767459933943526,0.0042386810590720565,0.9576004082528373,0.9785706003725296,589,22,R2,short_sentence,bert-base-uncased,0,,True,False,first-token,euclidean,1,True,False,Multivariate
subj_ZIPF,0.0,0.0,1.0,0.040767459933943526,0.0042386810590720565,0.9576004082528373,0.9785706003725296,589,22,R2,short_sentence,bert-base-uncased,0,,True,False,first-token,euclidean,1,True,False,Multivariate
sentence_TENSE,2.1912615213062261e-07,1.4713909759652754e-07,0.06821144434292489,0.040767459933943526,0.0042386810590720565,0.9576004082528373,0.9785706003725296,589,22,R2,short_sentence,bert-base-uncased,0,,True,False,first-token,euclidean,1,True,False,Multivariate
verb_ZIPF,6.293376383388932e-06,6.105081715429996e-07,3.227596954614458e-25,0.040767459933943526,0.0042386810590720565,0.9576004082528373,0.9785706003725296,589,22,R2,short_sentence,bert-base-uncased,0,,True,False,first-token,euclidean,1,True,False,Multivariate
