Feature,importance,std,pval,score_MAE,score_MSE,score_R2,score_R,unit,top_units,top_units_rank,dataset,_model,seed,step,add_special_tokens,zscore,take_activation_from,distance_metric,layer,min_max,conditional,Method
sentence_GROUP,0.18213123139354073,0.0001365847323785999,0.0,0.042130807533971595,0.004080505699121422,0.9574004189271725,0.9784683883437388,423,17,R2,short_sentence,bert-base-uncased,0,,True,False,first-token,euclidean,1,True,False,Multivariate
subj_TYPE,0.0012439909719499248,8.763048448200046e-06,0.0,0.042130807533971595,0.004080505699121422,0.9574004189271725,0.9784683883437388,423,17,R2,short_sentence,bert-base-uncased,0,,True,False,first-token,euclidean,1,True,False,Multivariate
subj_ANIM,5.605303804059433e-05,2.0547420956876547e-06,3.679077298621204e-164,0.042130807533971595,0.004080505699121422,0.9574004189271725,0.9784683883437388,423,17,R2,short_sentence,bert-base-uncased,0,,True,False,first-token,euclidean,1,True,False,Multivariate
subj_GEN,4.8373791940297835e-06,5.409334021830668e-07,1.899702819844461e-19,0.042130807533971595,0.004080505699121422,0.9574004189271725,0.9784683883437388,423,17,R2,short_sentence,bert-base-uncased,0,,True,False,first-token,euclidean,1,True,False,Multivariate
subj_NUM,6.926613548320314e-07,2.0233794440709158e-07,0.00030934077509961726,0.042130807533971595,0.004080505699121422,0.9574004189271725,0.9784683883437388,423,17,R2,short_sentence,bert-base-uncased,0,,True,False,first-token,euclidean,1,True,False,Multivariate
subj_PERS,0.0,0.0,1.0,0.042130807533971595,0.004080505699121422,0.9574004189271725,0.9784683883437388,423,17,R2,short_sentence,bert-base-uncased,0,,True,False,first-token,euclidean,1,True,False,Multivariate
subj_ZIPF,0.0,0.0,1.0,0.042130807533971595,0.004080505699121422,0.9574004189271725,0.9784683883437388,423,17,R2,short_sentence,bert-base-uncased,0,,True,False,first-token,euclidean,1,True,False,Multivariate
sentence_TENSE,2.1001881492258173e-07,1.3326691112663523e-07,0.057521407718909706,0.042130807533971595,0.004080505699121422,0.9574004189271725,0.9784683883437388,423,17,R2,short_sentence,bert-base-uncased,0,,True,False,first-token,euclidean,1,True,False,Multivariate
verb_ZIPF,4.702145750215593e-06,5.274124034099417e-07,2.428080628403249e-19,0.042130807533971595,0.004080505699121422,0.9574004189271725,0.9784683883437388,423,17,R2,short_sentence,bert-base-uncased,0,,True,False,first-token,euclidean,1,True,False,Multivariate
