Feature,importance,std,pval,score_MAE,score_MSE,score_R2,score_R,unit,top_units,top_units_rank,dataset,_model,seed,step,add_special_tokens,zscore,take_activation_from,distance_metric,layer,min_max,conditional,Method
sentence_GROUP,0.17201338798334653,0.0001299059517629108,0.0,0.040235089623724005,0.003924167466021186,0.9565454464805663,0.9780313451107043,499,11,R2,short_sentence,bert-base-uncased,0,,True,False,first-token,euclidean,1,True,False,Multivariate
subj_TYPE,0.0007288479690463398,6.6092416400180744e-06,0.0,0.040235089623724005,0.003924167466021186,0.9565454464805663,0.9780313451107043,499,11,R2,short_sentence,bert-base-uncased,0,,True,False,first-token,euclidean,1,True,False,Multivariate
subj_ANIM,2.98795633257735e-05,1.3885194505306993e-06,5.167325316304615e-103,0.040235089623724005,0.003924167466021186,0.9565454464805663,0.9780313451107043,499,11,R2,short_sentence,bert-base-uncased,0,,True,False,first-token,euclidean,1,True,False,Multivariate
subj_GEN,1.4939428183462399e-06,3.105038881104095e-07,7.495718929228431e-07,0.040235089623724005,0.003924167466021186,0.9565454464805663,0.9780313451107043,499,11,R2,short_sentence,bert-base-uncased,0,,True,False,first-token,euclidean,1,True,False,Multivariate
subj_NUM,0.0,0.0,1.0,0.040235089623724005,0.003924167466021186,0.9565454464805663,0.9780313451107043,499,11,R2,short_sentence,bert-base-uncased,0,,True,False,first-token,euclidean,1,True,False,Multivariate
subj_PERS,0.0,0.0,1.0,0.040235089623724005,0.003924167466021186,0.9565454464805663,0.9780313451107043,499,11,R2,short_sentence,bert-base-uncased,0,,True,False,first-token,euclidean,1,True,False,Multivariate
subj_ZIPF,0.0,0.0,1.0,0.040235089623724005,0.003924167466021186,0.9565454464805663,0.9780313451107043,499,11,R2,short_sentence,bert-base-uncased,0,,True,False,first-token,euclidean,1,True,False,Multivariate
sentence_TENSE,2.259063152865726e-07,1.49685010833935e-07,0.0656223920046839,0.040235089623724005,0.003924167466021186,0.9565454464805663,0.9780313451107043,499,11,R2,short_sentence,bert-base-uncased,0,,True,False,first-token,euclidean,1,True,False,Multivariate
verb_ZIPF,3.3791362431638825e-06,4.44907398593054e-07,1.5372388157272514e-14,0.040235089623724005,0.003924167466021186,0.9565454464805663,0.9780313451107043,499,11,R2,short_sentence,bert-base-uncased,0,,True,False,first-token,euclidean,1,True,False,Multivariate
