Feature,importance,std,pval,score_MAE,score_MSE,score_R2,score_R,unit,top_units,top_units_rank,dataset,_model,seed,step,add_special_tokens,zscore,take_activation_from,distance_metric,layer,min_max,conditional,Method
sentence_GROUP,0.10269093233667206,9.965275043543053e-05,0.0,0.04803139235322328,0.004765909279368763,0.9215816470693439,0.9599920430329785,462,236,R2,short_sentence,bert-base-uncased,0,,True,False,first-token,euclidean,1,True,False,Multivariate
subj_TYPE,0.00949948949250759,2.6699250835150376e-05,0.0,0.04803139235322328,0.004765909279368763,0.9215816470693439,0.9599920430329785,462,236,R2,short_sentence,bert-base-uncased,0,,True,False,first-token,euclidean,1,True,False,Multivariate
subj_ANIM,0.000264913381708515,4.5807804955801535e-06,0.0,0.04803139235322328,0.004765909279368763,0.9215816470693439,0.9599920430329785,462,236,R2,short_sentence,bert-base-uncased,0,,True,False,first-token,euclidean,1,True,False,Multivariate
subj_GEN,4.8029411867133264e-05,1.7109399842478291e-06,1.0781209893390506e-173,0.04803139235322328,0.004765909279368763,0.9215816470693439,0.9599920430329785,462,236,R2,short_sentence,bert-base-uncased,0,,True,False,first-token,euclidean,1,True,False,Multivariate
subj_NUM,9.595067294912034e-06,7.988119779902909e-07,1.5427189933952276e-33,0.04803139235322328,0.004765909279368763,0.9215816470693439,0.9599920430329785,462,236,R2,short_sentence,bert-base-uncased,0,,True,False,first-token,euclidean,1,True,False,Multivariate
subj_PERS,0.0,0.0,1.0,0.04803139235322328,0.004765909279368763,0.9215816470693439,0.9599920430329785,462,236,R2,short_sentence,bert-base-uncased,0,,True,False,first-token,euclidean,1,True,False,Multivariate
subj_ZIPF,4.0675983030604967e-07,1.581117996576327e-07,0.005046759125899823,0.04803139235322328,0.004765909279368763,0.9215816470693439,0.9599920430329785,462,236,R2,short_sentence,bert-base-uncased,0,,True,False,first-token,euclidean,1,True,False,Multivariate
sentence_TENSE,1.233761351789894e-06,2.99692982726387e-07,1.9212550625966167e-05,0.04803139235322328,0.004765909279368763,0.9215816470693439,0.9599920430329785,462,236,R2,short_sentence,bert-base-uncased,0,,True,False,first-token,euclidean,1,True,False,Multivariate
verb_ZIPF,1.4800675158113784e-05,9.930540770561278e-07,1.5475196433381277e-50,0.04803139235322328,0.004765909279368763,0.9215816470693439,0.9599920430329785,462,236,R2,short_sentence,bert-base-uncased,0,,True,False,first-token,euclidean,1,True,False,Multivariate
