Feature,importance,std,pval,score_MAE,score_MSE,score_R2,score_R,unit,top_units,top_units_rank,dataset,_model,seed,step,add_special_tokens,zscore,take_activation_from,distance_metric,layer,min_max,conditional,Method
sentence_GROUP,0.11588950750882974,0.00010743007169608605,0.0,0.04810983886289051,0.004725681553064145,0.9282227148762536,0.9634449217117869,584,148,R2,short_sentence,bert-base-uncased,0,,True,False,first-token,euclidean,1,True,False,Multivariate
subj_TYPE,0.006492482978150486,2.1821736615323757e-05,0.0,0.04810983886289051,0.004725681553064145,0.9282227148762536,0.9634449217117869,584,148,R2,short_sentence,bert-base-uncased,0,,True,False,first-token,euclidean,1,True,False,Multivariate
subj_ANIM,0.00014241111432493824,3.3789382210305665e-06,0.0,0.04810983886289051,0.004725681553064145,0.9282227148762536,0.9634449217117869,584,148,R2,short_sentence,bert-base-uncased,0,,True,False,first-token,euclidean,1,True,False,Multivariate
subj_GEN,2.186947803869186e-05,1.1834822098534267e-06,1.5260316324109652e-76,0.04810983886289051,0.004725681553064145,0.9282227148762536,0.9634449217117869,584,148,R2,short_sentence,bert-base-uncased,0,,True,False,first-token,euclidean,1,True,False,Multivariate
subj_NUM,1.455641183753422e-06,3.535498378032394e-07,1.9173800107544534e-05,0.04810983886289051,0.004725681553064145,0.9282227148762536,0.9634449217117869,584,148,R2,short_sentence,bert-base-uncased,0,,True,False,first-token,euclidean,1,True,False,Multivariate
subj_PERS,0.0,0.0,1.0,0.04810983886289051,0.004725681553064145,0.9282227148762536,0.9634449217117869,584,148,R2,short_sentence,bert-base-uncased,0,,True,False,first-token,euclidean,1,True,False,Multivariate
subj_ZIPF,9.066593946620925e-08,9.464484265636412e-08,0.16904155516127367,0.04810983886289051,0.004725681553064145,0.9282227148762536,0.9634449217117869,584,148,R2,short_sentence,bert-base-uncased,0,,True,False,first-token,euclidean,1,True,False,Multivariate
sentence_TENSE,7.836823638088722e-07,2.363647621566155e-07,0.0004572928988159102,0.04810983886289051,0.004725681553064145,0.9282227148762536,0.9634449217117869,584,148,R2,short_sentence,bert-base-uncased,0,,True,False,first-token,euclidean,1,True,False,Multivariate
verb_ZIPF,1.0665554925743763e-05,8.297428662776362e-07,4.0812090780582407e-38,0.04810983886289051,0.004725681553064145,0.9282227148762536,0.9634449217117869,584,148,R2,short_sentence,bert-base-uncased,0,,True,False,first-token,euclidean,1,True,False,Multivariate
