Feature,importance,std,pval,score_MAE,score_MSE,score_R2,score_R,unit,top_units,top_units_rank,dataset,_model,seed,step,add_special_tokens,zscore,take_activation_from,distance_metric,layer,min_max,conditional,Method
sentence_GROUP,0.11613298101079528,0.00010552720297205582,0.0,0.047361661519056034,0.004475071770746212,0.9310027650554712,0.9648857103928661,459,92,R2,short_sentence,bert-base-uncased,0,,True,False,first-token,euclidean,1,True,False,Multivariate
subj_TYPE,0.00474099037915423,1.8074406492157304e-05,0.0,0.047361661519056034,0.004475071770746212,0.9310027650554712,0.9648857103928661,459,92,R2,short_sentence,bert-base-uncased,0,,True,False,first-token,euclidean,1,True,False,Multivariate
subj_ANIM,0.00011754730061638738,3.033280604092744e-06,0.0,0.047361661519056034,0.004475071770746212,0.9310027650554712,0.9648857103928661,459,92,R2,short_sentence,bert-base-uncased,0,,True,False,first-token,euclidean,1,True,False,Multivariate
subj_GEN,1.4817584727838513e-05,9.563999779800109e-07,1.9315464287844593e-54,0.047361661519056034,0.004475071770746212,0.9310027650554712,0.9648857103928661,459,92,R2,short_sentence,bert-base-uncased,0,,True,False,first-token,euclidean,1,True,False,Multivariate
subj_NUM,1.1332316050896792e-06,2.909191306766183e-07,4.9028675873884385e-05,0.047361661519056034,0.004475071770746212,0.9310027650554712,0.9648857103928661,459,92,R2,short_sentence,bert-base-uncased,0,,True,False,first-token,euclidean,1,True,False,Multivariate
subj_PERS,0.0,0.0,1.0,0.047361661519056034,0.004475071770746212,0.9310027650554712,0.9648857103928661,459,92,R2,short_sentence,bert-base-uncased,0,,True,False,first-token,euclidean,1,True,False,Multivariate
subj_ZIPF,-2.744710099065348e-08,3.782086428349336e-08,0.7659927004260515,0.047361661519056034,0.004475071770746212,0.9310027650554712,0.9648857103928661,459,92,R2,short_sentence,bert-base-uncased,0,,True,False,first-token,euclidean,1,True,False,Multivariate
sentence_TENSE,5.2288175080216e-07,1.8773874201919014e-07,0.0026750958548602335,0.047361661519056034,0.004475071770746212,0.9310027650554712,0.9648857103928661,459,92,R2,short_sentence,bert-base-uncased,0,,True,False,first-token,euclidean,1,True,False,Multivariate
verb_ZIPF,7.162737037429961e-06,6.684722410936016e-07,4.323878542137451e-27,0.047361661519056034,0.004475071770746212,0.9310027650554712,0.9648857103928661,459,92,R2,short_sentence,bert-base-uncased,0,,True,False,first-token,euclidean,1,True,False,Multivariate
