Feature,importance,std,pval,score_MAE,score_MSE,score_R2,score_R,unit,top_units,top_units_rank,dataset,_model,seed,step,add_special_tokens,zscore,take_activation_from,distance_metric,layer,min_max,conditional,Method
sentence_GROUP,0.1578270222935434,0.00012211611426622874,0.0,0.04063340688601831,0.0038769609774952757,0.9535516869892403,0.9764998667577819,320,28,R2,short_sentence,bert-base-uncased,0,,True,False,first-token,euclidean,1,True,False,Multivariate
subj_TYPE,0.0012053034031090657,8.41195385910199e-06,0.0,0.04063340688601831,0.0038769609774952757,0.9535516869892403,0.9764998667577819,320,28,R2,short_sentence,bert-base-uncased,0,,True,False,first-token,euclidean,1,True,False,Multivariate
subj_ANIM,9.870874120222158e-05,2.658741031385738e-06,5.324319040110191e-302,0.04063340688601831,0.0038769609774952757,0.9535516869892403,0.9764998667577819,320,28,R2,short_sentence,bert-base-uncased,0,,True,False,first-token,euclidean,1,True,False,Multivariate
subj_GEN,1.2072548468858013e-07,1.0465293814012799e-07,0.12433630221679359,0.04063340688601831,0.0038769609774952757,0.9535516869892403,0.9764998667577819,320,28,R2,short_sentence,bert-base-uncased,0,,True,False,first-token,euclidean,1,True,False,Multivariate
subj_NUM,0.0,0.0,1.0,0.04063340688601831,0.0038769609774952757,0.9535516869892403,0.9764998667577819,320,28,R2,short_sentence,bert-base-uncased,0,,True,False,first-token,euclidean,1,True,False,Multivariate
subj_PERS,0.0,0.0,1.0,0.04063340688601831,0.0038769609774952757,0.9535516869892403,0.9764998667577819,320,28,R2,short_sentence,bert-base-uncased,0,,True,False,first-token,euclidean,1,True,False,Multivariate
subj_ZIPF,2.3861357408397298e-06,3.517767316026707e-07,5.881324513529716e-12,0.04063340688601831,0.0038769609774952757,0.9535516869892403,0.9764998667577819,320,28,R2,short_sentence,bert-base-uncased,0,,True,False,first-token,euclidean,1,True,False,Multivariate
sentence_TENSE,3.1162136743844555e-07,1.4479939607886941e-07,0.01569512374916863,0.04063340688601831,0.0038769609774952757,0.9535516869892403,0.9764998667577819,320,28,R2,short_sentence,bert-base-uncased,0,,True,False,first-token,euclidean,1,True,False,Multivariate
verb_ZIPF,4.611469138522323e-06,5.015069264960042e-07,1.871049280058368e-20,0.04063340688601831,0.0038769609774952757,0.9535516869892403,0.9764998667577819,320,28,R2,short_sentence,bert-base-uncased,0,,True,False,first-token,euclidean,1,True,False,Multivariate
