Feature,importance,std,pval,score_MAE,score_MSE,score_R2,score_R,unit,top_units,top_units_rank,dataset,_model,seed,step,add_special_tokens,zscore,take_activation_from,distance_metric,layer,min_max,conditional,Method
sentence_GROUP,0.1543675134765632,0.00012020079723972187,0.0,0.04299262404726596,0.0038837818960899256,0.9528157134979911,0.9761228653909826,672,57,R2,short_sentence,bert-base-uncased,0,,True,False,first-token,euclidean,1,True,False,Multivariate
subj_TYPE,0.0025188575044200103,1.2202446404094834e-05,0.0,0.04299262404726596,0.0038837818960899256,0.9528157134979911,0.9761228653909826,672,57,R2,short_sentence,bert-base-uncased,0,,True,False,first-token,euclidean,1,True,False,Multivariate
subj_ANIM,7.137719894791213e-05,2.19832642998663e-06,1.4664981355607811e-231,0.04299262404726596,0.0038837818960899256,0.9528157134979911,0.9761228653909826,672,57,R2,short_sentence,bert-base-uncased,0,,True,False,first-token,euclidean,1,True,False,Multivariate
subj_GEN,5.285567079169684e-06,5.435263956788317e-07,1.184379753001247e-22,0.04299262404726596,0.0038837818960899256,0.9528157134979911,0.9761228653909826,672,57,R2,short_sentence,bert-base-uncased,0,,True,False,first-token,euclidean,1,True,False,Multivariate
subj_NUM,2.870043401780571e-07,1.3904299642732396e-07,0.01950217802929891,0.04299262404726596,0.0038837818960899256,0.9528157134979911,0.9761228653909826,672,57,R2,short_sentence,bert-base-uncased,0,,True,False,first-token,euclidean,1,True,False,Multivariate
subj_PERS,0.0,0.0,1.0,0.04299262404726596,0.0038837818960899256,0.9528157134979911,0.9761228653909826,672,57,R2,short_sentence,bert-base-uncased,0,,True,False,first-token,euclidean,1,True,False,Multivariate
subj_ZIPF,2.530290824286227e-09,7.95271488312951e-08,0.4873091174204371,0.04299262404726596,0.0038837818960899256,0.9528157134979911,0.9761228653909826,672,57,R2,short_sentence,bert-base-uncased,0,,True,False,first-token,euclidean,1,True,False,Multivariate
sentence_TENSE,5.542447150350627e-07,1.8197801020875995e-07,0.0011608177902622397,0.04299262404726596,0.0038837818960899256,0.9528157134979911,0.9761228653909826,672,57,R2,short_sentence,bert-base-uncased,0,,True,False,first-token,euclidean,1,True,False,Multivariate
verb_ZIPF,5.895507014218536e-06,5.707260215668503e-07,2.5824024353358802e-25,0.04299262404726596,0.0038837818960899256,0.9528157134979911,0.9761228653909826,672,57,R2,short_sentence,bert-base-uncased,0,,True,False,first-token,euclidean,1,True,False,Multivariate
