Feature,importance,std,pval,score_MAE,score_MSE,score_R2,score_R,unit,top_units,top_units_rank,dataset,_model,seed,step,add_special_tokens,zscore,take_activation_from,distance_metric,layer,min_max,conditional,Method
sentence_GROUP,0.12227329060929368,0.00011093559532370566,0.0,0.04536116471465714,0.00461842201610824,0.9303477584352062,0.9645459876936996,554,4,R2,short_sentence,bert-base-uncased,0,,True,False,first-token,euclidean,1,True,False,Multivariate
subj_TYPE,0.0011644691368748752,9.075605466916375e-06,0.0,0.04536116471465714,0.00461842201610824,0.9303477584352062,0.9645459876936996,554,4,R2,short_sentence,bert-base-uncased,0,,True,False,first-token,euclidean,1,True,False,Multivariate
subj_ANIM,1.2454122086795497e-05,9.059764462112745e-07,2.6679191682907585e-43,0.04536116471465714,0.00461842201610824,0.9303477584352062,0.9645459876936996,554,4,R2,short_sentence,bert-base-uncased,0,,True,False,first-token,euclidean,1,True,False,Multivariate
subj_GEN,0.0,0.0,1.0,0.04536116471465714,0.00461842201610824,0.9303477584352062,0.9645459876936996,554,4,R2,short_sentence,bert-base-uncased,0,,True,False,first-token,euclidean,1,True,False,Multivariate
subj_NUM,0.0,0.0,1.0,0.04536116471465714,0.00461842201610824,0.9303477584352062,0.9645459876936996,554,4,R2,short_sentence,bert-base-uncased,0,,True,False,first-token,euclidean,1,True,False,Multivariate
subj_PERS,2.6481556146237876e-09,3.375762911160324e-08,0.46873658708453725,0.04536116471465714,0.00461842201610824,0.9303477584352062,0.9645459876936996,554,4,R2,short_sentence,bert-base-uncased,0,,True,False,first-token,euclidean,1,True,False,Multivariate
subj_ZIPF,0.0,0.0,1.0,0.04536116471465714,0.00461842201610824,0.9303477584352062,0.9645459876936996,554,4,R2,short_sentence,bert-base-uncased,0,,True,False,first-token,euclidean,1,True,False,Multivariate
sentence_TENSE,2.77371859780113e-07,1.3858093183150578e-07,0.022668441592093795,0.04536116471465714,0.00461842201610824,0.9303477584352062,0.9645459876936996,554,4,R2,short_sentence,bert-base-uncased,0,,True,False,first-token,euclidean,1,True,False,Multivariate
verb_ZIPF,2.2277947765775195e-06,3.894890856237908e-07,5.33287016147081e-09,0.04536116471465714,0.00461842201610824,0.9303477584352062,0.9645459876936996,554,4,R2,short_sentence,bert-base-uncased,0,,True,False,first-token,euclidean,1,True,False,Multivariate
