Feature,importance,std,pval,score_MAE,score_MSE,score_R2,score_R,unit,top_units,top_units_rank,dataset,_model,seed,step,add_special_tokens,zscore,take_activation_from,distance_metric,layer,min_max,conditional,Method
sentence_GROUP,0.14825988621719727,0.00012131145248596595,0.0,0.04661539268641758,0.004310666563927784,0.9464187270905624,0.9728409624218928,384,73,R2,short_sentence,bert-base-uncased,0,,True,False,first-token,euclidean,1,True,False,Multivariate
subj_TYPE,0.004153761117822622,1.6591115752862334e-05,0.0,0.04661539268641758,0.004310666563927784,0.9464187270905624,0.9728409624218928,384,73,R2,short_sentence,bert-base-uncased,0,,True,False,first-token,euclidean,1,True,False,Multivariate
subj_ANIM,6.98752869845126e-05,2.2198145453929242e-06,8.693493645993354e-218,0.04661539268641758,0.004310666563927784,0.9464187270905624,0.9728409624218928,384,73,R2,short_sentence,bert-base-uncased,0,,True,False,first-token,euclidean,1,True,False,Multivariate
subj_GEN,1.0304657694270349e-05,7.789886155223986e-07,3.013643628998168e-40,0.04661539268641758,0.004310666563927784,0.9464187270905624,0.9728409624218928,384,73,R2,short_sentence,bert-base-uncased,0,,True,False,first-token,euclidean,1,True,False,Multivariate
subj_NUM,1.833156903713575e-06,3.2865511730259294e-07,1.2182298437564325e-08,0.04661539268641758,0.004310666563927784,0.9464187270905624,0.9728409624218928,384,73,R2,short_sentence,bert-base-uncased,0,,True,False,first-token,euclidean,1,True,False,Multivariate
subj_PERS,0.0,0.0,1.0,0.04661539268641758,0.004310666563927784,0.9464187270905624,0.9728409624218928,384,73,R2,short_sentence,bert-base-uncased,0,,True,False,first-token,euclidean,1,True,False,Multivariate
subj_ZIPF,0.0,0.0,1.0,0.04661539268641758,0.004310666563927784,0.9464187270905624,0.9728409624218928,384,73,R2,short_sentence,bert-base-uncased,0,,True,False,first-token,euclidean,1,True,False,Multivariate
sentence_TENSE,6.778355328461539e-07,2.0922645840232952e-07,0.0005982317152046694,0.04661539268641758,0.004310666563927784,0.9464187270905624,0.9728409624218928,384,73,R2,short_sentence,bert-base-uncased,0,,True,False,first-token,euclidean,1,True,False,Multivariate
verb_ZIPF,5.603567313557349e-06,5.887018711455241e-07,8.783607391405447e-22,0.04661539268641758,0.004310666563927784,0.9464187270905624,0.9728409624218928,384,73,R2,short_sentence,bert-base-uncased,0,,True,False,first-token,euclidean,1,True,False,Multivariate
