Feature,importance,std,pval,score_MAE,score_MSE,score_R2,score_R,unit,top_units,top_units_rank,dataset,_model,seed,step,add_special_tokens,zscore,take_activation_from,distance_metric,layer,min_max,conditional,Method
sentence_GROUP,0.10773463762744127,0.00010240288379871272,0.0,0.04735736709931717,0.004684015236623811,0.9242815902852959,0.961397218794974,187,187,R2,short_sentence,bert-base-uncased,0,,True,False,first-token,euclidean,1,True,False,Multivariate
subj_TYPE,0.006704651589837285,2.2110829467969492e-05,0.0,0.04735736709931717,0.004684015236623811,0.9242815902852959,0.961397218794974,187,187,R2,short_sentence,bert-base-uncased,0,,True,False,first-token,euclidean,1,True,False,Multivariate
subj_ANIM,0.00021761951579850884,4.181277313015317e-06,0.0,0.04735736709931717,0.004684015236623811,0.9242815902852959,0.961397218794974,187,187,R2,short_sentence,bert-base-uncased,0,,True,False,first-token,euclidean,1,True,False,Multivariate
subj_GEN,3.186452202772055e-05,1.4146907554704758e-06,1.2072234650239385e-112,0.04735736709931717,0.004684015236623811,0.9242815902852959,0.961397218794974,187,187,R2,short_sentence,bert-base-uncased,0,,True,False,first-token,euclidean,1,True,False,Multivariate
subj_NUM,2.8188302690395277e-06,4.7682603714024445e-07,1.693453062737098e-09,0.04735736709931717,0.004684015236623811,0.9242815902852959,0.961397218794974,187,187,R2,short_sentence,bert-base-uncased,0,,True,False,first-token,euclidean,1,True,False,Multivariate
subj_PERS,0.0,0.0,1.0,0.04735736709931717,0.004684015236623811,0.9242815902852959,0.961397218794974,187,187,R2,short_sentence,bert-base-uncased,0,,True,False,first-token,euclidean,1,True,False,Multivariate
subj_ZIPF,6.454629123933991e-07,1.9248149093993398e-07,0.00039916012824927716,0.04735736709931717,0.004684015236623811,0.9242815902852959,0.961397218794974,187,187,R2,short_sentence,bert-base-uncased,0,,True,False,first-token,euclidean,1,True,False,Multivariate
sentence_TENSE,8.505937178202409e-07,2.4429919467175253e-07,0.00024905524433111223,0.04735736709931717,0.004684015236623811,0.9242815902852959,0.961397218794974,187,187,R2,short_sentence,bert-base-uncased,0,,True,False,first-token,euclidean,1,True,False,Multivariate
verb_ZIPF,1.194735935708435e-05,8.731156963611448e-07,6.362367084358335e-43,0.04735736709931717,0.004684015236623811,0.9242815902852959,0.961397218794974,187,187,R2,short_sentence,bert-base-uncased,0,,True,False,first-token,euclidean,1,True,False,Multivariate
