Feature,importance,std,pval,score_MAE,score_MSE,score_R2,score_R,unit,top_units,top_units_rank,dataset,_model,seed,step,add_special_tokens,zscore,take_activation_from,distance_metric,layer,min_max,conditional,Method
sentence_GROUP,0.12827138355268877,0.0001273089295953431,0.0,0.052417992408562944,0.006100989422192421,0.9139557775133813,0.9560106413951356,413,2,R2,short_sentence,bert-base-uncased,0,,True,False,first-token,euclidean,1,True,False,Multivariate
subj_TYPE,0.0014821090454730003,1.1726309999052652e-05,0.0,0.052417992408562944,0.006100989422192421,0.9139557775133813,0.9560106413951356,413,2,R2,short_sentence,bert-base-uncased,0,,True,False,first-token,euclidean,1,True,False,Multivariate
subj_ANIM,0.0,0.0,1.0,0.052417992408562944,0.006100989422192421,0.9139557775133813,0.9560106413951356,413,2,R2,short_sentence,bert-base-uncased,0,,True,False,first-token,euclidean,1,True,False,Multivariate
subj_GEN,1.121103154640793e-06,3.176365523772144e-07,0.00020816060958234368,0.052417992408562944,0.006100989422192421,0.9139557775133813,0.9560106413951356,413,2,R2,short_sentence,bert-base-uncased,0,,True,False,first-token,euclidean,1,True,False,Multivariate
subj_NUM,0.0,0.0,1.0,0.052417992408562944,0.006100989422192421,0.9139557775133813,0.9560106413951356,413,2,R2,short_sentence,bert-base-uncased,0,,True,False,first-token,euclidean,1,True,False,Multivariate
subj_PERS,0.0,0.0,1.0,0.052417992408562944,0.006100989422192421,0.9139557775133813,0.9560106413951356,413,2,R2,short_sentence,bert-base-uncased,0,,True,False,first-token,euclidean,1,True,False,Multivariate
subj_ZIPF,2.4750143755583534e-07,1.7148849029812787e-07,0.07447447625684948,0.052417992408562944,0.006100989422192421,0.9139557775133813,0.9560106413951356,413,2,R2,short_sentence,bert-base-uncased,0,,True,False,first-token,euclidean,1,True,False,Multivariate
sentence_TENSE,2.738884567176164e-08,4.471999541544857e-08,0.27011940994708195,0.052417992408562944,0.006100989422192421,0.9139557775133813,0.9560106413951356,413,2,R2,short_sentence,bert-base-uncased,0,,True,False,first-token,euclidean,1,True,False,Multivariate
verb_ZIPF,3.4350180435963333e-06,5.502257261826988e-07,2.1473117527381853e-10,0.052417992408562944,0.006100989422192421,0.9139557775133813,0.9560106413951356,413,2,R2,short_sentence,bert-base-uncased,0,,True,False,first-token,euclidean,1,True,False,Multivariate
