Feature,importance,std,pval,score_MAE,score_MSE,score_R2,score_R,unit,top_units,top_units_rank,dataset,_model,seed,step,add_special_tokens,zscore,take_activation_from,distance_metric,layer,min_max,conditional,Method
sentence_GROUP,0.1470119392085861,0.00011027041907591264,0.0,0.038249725648273114,0.0033092667833692063,0.9574019084882455,0.9784693605498598,145,45,R2,short_sentence,bert-base-uncased,0,,True,False,first-token,euclidean,1,True,False,Multivariate
subj_TYPE,0.0016503507183795224,9.097708335657969e-06,0.0,0.038249725648273114,0.0033092667833692063,0.9574019084882455,0.9784693605498598,145,45,R2,short_sentence,bert-base-uncased,0,,True,False,first-token,euclidean,1,True,False,Multivariate
subj_ANIM,0.0001052818475224489,2.577430551472797e-06,0.0,0.038249725648273114,0.0033092667833692063,0.9574019084882455,0.9784693605498598,145,45,R2,short_sentence,bert-base-uncased,0,,True,False,first-token,euclidean,1,True,False,Multivariate
subj_GEN,4.011841314292477e-06,4.273825444052949e-07,3.0865819676467338e-21,0.038249725648273114,0.0033092667833692063,0.9574019084882455,0.9784693605498598,145,45,R2,short_sentence,bert-base-uncased,0,,True,False,first-token,euclidean,1,True,False,Multivariate
subj_NUM,1.1277174401747589e-07,8.456749672811339e-08,0.09118197375139048,0.038249725648273114,0.0033092667833692063,0.9574019084882455,0.9784693605498598,145,45,R2,short_sentence,bert-base-uncased,0,,True,False,first-token,euclidean,1,True,False,Multivariate
subj_PERS,0.0,0.0,1.0,0.038249725648273114,0.0033092667833692063,0.9574019084882455,0.9784693605498598,145,45,R2,short_sentence,bert-base-uncased,0,,True,False,first-token,euclidean,1,True,False,Multivariate
subj_ZIPF,4.7306835713800624e-07,1.410210289838051e-07,0.00039740711393161464,0.038249725648273114,0.0033092667833692063,0.9574019084882455,0.9784693605498598,145,45,R2,short_sentence,bert-base-uncased,0,,True,False,first-token,euclidean,1,True,False,Multivariate
sentence_TENSE,3.0421501884589675e-07,1.284276687146379e-07,0.008923784978011332,0.038249725648273114,0.0033092667833692063,0.9574019084882455,0.9784693605498598,145,45,R2,short_sentence,bert-base-uncased,0,,True,False,first-token,euclidean,1,True,False,Multivariate
verb_ZIPF,3.406152710973866e-06,4.074081164256518e-07,3.1215355976347014e-17,0.038249725648273114,0.0033092667833692063,0.9574019084882455,0.9784693605498598,145,45,R2,short_sentence,bert-base-uncased,0,,True,False,first-token,euclidean,1,True,False,Multivariate
