Feature,importance,std,pval,score_MAE,score_MSE,score_R2,score_R,dataset,_model,seed,step,add_special_tokens,zscore,take_activation_from,distance_metric,layer,min_max,conditional,Method
sentence_GROUP,0.07295913076580438,8.825966109218267e-05,0.0,0.059906923049693805,0.0061105214226142065,0.8705391615674033,0.9330278163705517,short_sentence,bert-base-uncased,0,,True,False,first-token,euclidean,1,True,False,Multivariate
subj_TYPE,0.008485328779120492,2.8588741147994503e-05,0.0,0.059906923049693805,0.0061105214226142065,0.8705391615674033,0.9330278163705517,short_sentence,bert-base-uncased,0,,True,False,first-token,euclidean,1,True,False,Multivariate
subj_ANIM,0.0011809030112847464,1.0669131405779133e-05,0.0,0.059906923049693805,0.0061105214226142065,0.8705391615674033,0.9330278163705517,short_sentence,bert-base-uncased,0,,True,False,first-token,euclidean,1,True,False,Multivariate
subj_GEN,8.035108987898306e-05,2.590827972007061e-06,1.7631714815698902e-211,0.059906923049693805,0.0061105214226142065,0.8705391615674033,0.9330278163705517,short_sentence,bert-base-uncased,0,,True,False,first-token,euclidean,1,True,False,Multivariate
subj_NUM,2.6017863196463318e-05,1.5768967382152208e-06,1.852525021050323e-61,0.059906923049693805,0.0061105214226142065,0.8705391615674033,0.9330278163705517,short_sentence,bert-base-uncased,0,,True,False,first-token,euclidean,1,True,False,Multivariate
subj_PERS,6.976540111668663e-24,6.97654011166866e-24,0.15865525393145696,0.059906923049693805,0.0061105214226142065,0.8705391615674033,0.9330278163705517,short_sentence,bert-base-uncased,0,,True,False,first-token,euclidean,1,True,False,Multivariate
subj_ZIPF,7.795116424348243e-06,7.22492844507418e-07,1.935822670965408e-27,0.059906923049693805,0.0061105214226142065,0.8705391615674033,0.9330278163705517,short_sentence,bert-base-uncased,0,,True,False,first-token,euclidean,1,True,False,Multivariate
sentence_TENSE,5.323046700977037e-06,6.964268989931735e-07,1.0580647011240516e-14,0.059906923049693805,0.0061105214226142065,0.8705391615674033,0.9330278163705517,short_sentence,bert-base-uncased,0,,True,False,first-token,euclidean,1,True,False,Multivariate
verb_ZIPF,6.205943190559652e-05,2.320413410076499e-06,7.060660325091395e-158,0.059906923049693805,0.0061105214226142065,0.8705391615674033,0.9330278163705517,short_sentence,bert-base-uncased,0,,True,False,first-token,euclidean,1,True,False,Multivariate
