Feature,importance,std,pval,score_MAE,score_MSE,score_R2,score_R,unit,top_units,top_units_rank,dataset,_model,seed,step,add_special_tokens,zscore,take_activation_from,distance_metric,layer,min_max,conditional,Method
sentence_GROUP,0.12266667028127082,0.00010969741188103071,0.0,0.04669337040355376,0.004536197500279591,0.9337182961712187,0.9662923949360624,296,117,R2,short_sentence,bert-base-uncased,0,,True,False,first-token,euclidean,1,True,False,Multivariate
subj_TYPE,0.005258163940143915,1.9183441666737585e-05,0.0,0.04669337040355376,0.004536197500279591,0.9337182961712187,0.9662923949360624,296,117,R2,short_sentence,bert-base-uncased,0,,True,False,first-token,euclidean,1,True,False,Multivariate
subj_ANIM,0.00011947060628723636,3.0342381973285756e-06,0.0,0.04669337040355376,0.004536197500279591,0.9337182961712187,0.9662923949360624,296,117,R2,short_sentence,bert-base-uncased,0,,True,False,first-token,euclidean,1,True,False,Multivariate
subj_GEN,1.876300589566951e-05,1.0866982567155274e-06,4.236096912617823e-67,0.04669337040355376,0.004536197500279591,0.9337182961712187,0.9662923949360624,296,117,R2,short_sentence,bert-base-uncased,0,,True,False,first-token,euclidean,1,True,False,Multivariate
subj_NUM,1.8616010742418546e-06,3.748498838962366e-07,3.412864271693931e-07,0.04669337040355376,0.004536197500279591,0.9337182961712187,0.9662923949360624,296,117,R2,short_sentence,bert-base-uncased,0,,True,False,first-token,euclidean,1,True,False,Multivariate
subj_PERS,0.0,0.0,1.0,0.04669337040355376,0.004536197500279591,0.9337182961712187,0.9662923949360624,296,117,R2,short_sentence,bert-base-uncased,0,,True,False,first-token,euclidean,1,True,False,Multivariate
subj_ZIPF,1.3174476158318637e-07,1.0443820197953316e-07,0.10357132743749553,0.04669337040355376,0.004536197500279591,0.9337182961712187,0.9662923949360624,296,117,R2,short_sentence,bert-base-uncased,0,,True,False,first-token,euclidean,1,True,False,Multivariate
sentence_TENSE,7.296507988328682e-07,2.242216213375474e-07,0.000568660961405316,0.04669337040355376,0.004536197500279591,0.9337182961712187,0.9662923949360624,296,117,R2,short_sentence,bert-base-uncased,0,,True,False,first-token,euclidean,1,True,False,Multivariate
verb_ZIPF,8.211439237556759e-06,7.151459393398157e-07,8.106367602597904e-31,0.04669337040355376,0.004536197500279591,0.9337182961712187,0.9662923949360624,296,117,R2,short_sentence,bert-base-uncased,0,,True,False,first-token,euclidean,1,True,False,Multivariate
